ISO-10303-21;
HEADER;
FILE_DESCRIPTION(('KiCad electronic assembly'),'2;1');
FILE_NAME('clock.step','2026-10-06T21:57:50',('Pcbnew'),('Kicad'),
  'Open CASCADE STEP processor 7.9','KiCad to STEP converter','Unknown'
  );
FILE_SCHEMA(('AUTOMOTIVE_DESIGN { 1 0 10303 214 1 1 1 1 }'));
ENDSEC;
DATA;
#1 = APPLICATION_PROTOCOL_DEFINITION('international standard',
  'automotive_design',2000,#2);
#2 = APPLICATION_CONTEXT(
  'core data for automotive mechanical design processes');
#3 = SHAPE_DEFINITION_REPRESENTATION(#4,#10);
#4 = PRODUCT_DEFINITION_SHAPE('','',#5);
#5 = PRODUCT_DEFINITION('design','',#6,#9);
#6 = PRODUCT_DEFINITION_FORMATION('','',#7);
#7 = PRODUCT('clock 1','clock 1','',(#8));
#8 = PRODUCT_CONTEXT('',#2,'mechanical');
#9 = PRODUCT_DEFINITION_CONTEXT('part definition',#2,'design');
#10 = SHAPE_REPRESENTATION('',(#11,#15),#19);
#11 = AXIS2_PLACEMENT_3D('',#12,#13,#14);
#12 = CARTESIAN_POINT('',(0.,0.,0.));
#13 = DIRECTION('',(0.,0.,1.));
#14 = DIRECTION('',(1.,0.,-0.));
#15 = AXIS2_PLACEMENT_3D('',#16,#17,#18);
#16 = CARTESIAN_POINT('',(0.,0.,0.));
#17 = DIRECTION('',(0.,0.,1.));
#18 = DIRECTION('',(1.,0.,-0.));
#19 = ( GEOMETRIC_REPRESENTATION_CONTEXT(3) 
GLOBAL_UNCERTAINTY_ASSIGNED_CONTEXT((#23)) GLOBAL_UNIT_ASSIGNED_CONTEXT(
(#20,#21,#22)) REPRESENTATION_CONTEXT('Context #1',
  '3D Context with UNIT and UNCERTAINTY') );
#20 = ( LENGTH_UNIT() NAMED_UNIT(*) SI_UNIT(.MILLI.,.METRE.) );
#21 = ( NAMED_UNIT(*) PLANE_ANGLE_UNIT() SI_UNIT($,.RADIAN.) );
#22 = ( NAMED_UNIT(*) SI_UNIT($,.STERADIAN.) SOLID_ANGLE_UNIT() );
#23 = UNCERTAINTY_MEASURE_WITH_UNIT(LENGTH_MEASURE(1.E-07),#20,
  'distance_accuracy_value','confusion accuracy');
#24 = PRODUCT_RELATED_PRODUCT_CATEGORY('part',$,(#7));
#25 = SHAPE_DEFINITION_REPRESENTATION(#26,#32);
#26 = PRODUCT_DEFINITION_SHAPE('','',#27);
#27 = PRODUCT_DEFINITION('design','',#28,#31);
#28 = PRODUCT_DEFINITION_FORMATION('','',#29);
#29 = PRODUCT('clockR1_PCB','clockR1_PCB','',(#30));
#30 = PRODUCT_CONTEXT('',#2,'mechanical');
#31 = PRODUCT_DEFINITION_CONTEXT('part definition',#2,'design');
#32 = ADVANCED_BREP_SHAPE_REPRESENTATION('',(#11,#33),#7216);
#33 = MANIFOLD_SOLID_BREP('',#34);
#34 = CLOSED_SHELL('',(#35,#75,#106,#137,#1877,#3617,#3634,#3651,#3668,
    #3685,#3702,#3719,#3736,#3753,#3770,#3787,#3804,#3821,#3838,#3855,
    #3872,#3889,#3906,#3923,#3940,#3957,#3974,#3991,#4008,#4025,#4042,
    #4059,#4076,#4093,#4110,#4127,#4144,#4161,#4178,#4195,#4212,#4229,
    #4246,#4263,#4280,#4297,#4314,#4331,#4348,#4365,#4382,#4399,#4416,
    #4433,#4450,#4467,#4484,#4501,#4518,#4535,#4552,#4569,#4586,#4603,
    #4620,#4637,#4654,#4671,#4688,#4705,#4722,#4739,#4756,#4773,#4790,
    #4807,#4824,#4841,#4858,#4875,#4892,#4909,#4926,#4943,#4960,#4977,
    #4994,#5011,#5028,#5045,#5062,#5079,#5096,#5113,#5130,#5147,#5164,
    #5181,#5198,#5215,#5232,#5249,#5266,#5283,#5300,#5317,#5334,#5351,
    #5368,#5385,#5402,#5419,#5436,#5453,#5470,#5487,#5504,#5521,#5538,
    #5555,#5572,#5589,#5606,#5623,#5640,#5657,#5674,#5691,#5708,#5725,
    #5742,#5759,#5776,#5793,#5810,#5827,#5844,#5861,#5878,#5895,#5912,
    #5929,#5946,#5963,#5980,#5997,#6014,#6031,#6048,#6065,#6082,#6099,
    #6116,#6133,#6150,#6167,#6184,#6201,#6213,#6230,#6247,#6264,#6281,
    #6303,#6320,#6337,#6354,#6371,#6388,#6405,#6422,#6439,#6456,#6473,
    #6490,#6507,#6524,#6541,#6558,#6575,#6592,#6609,#6626,#6643,#6660,
    #6677,#6694,#6711,#6728,#6745,#6762,#6779,#6796,#6813,#6830,#6847,
    #6864,#6881,#6898,#6915,#6932,#6949,#6966,#6983,#7000,#7017,#7034,
    #7051,#7068,#7085,#7097,#7114,#7131,#7148,#7165,#7182,#7199));
#35 = ADVANCED_FACE('',(#36),#70,.T.);
#36 = FACE_BOUND('',#37,.T.);
#37 = EDGE_LOOP('',(#38,#48,#56,#64));
#38 = ORIENTED_EDGE('',*,*,#39,.T.);
#39 = EDGE_CURVE('',#40,#42,#44,.T.);
#40 = VERTEX_POINT('',#41);
#41 = CARTESIAN_POINT('',(88.478482,-77.003207,0.));
#42 = VERTEX_POINT('',#43);
#43 = CARTESIAN_POINT('',(88.478482,-77.003207,1.51));
#44 = LINE('',#45,#46);
#45 = CARTESIAN_POINT('',(88.478482,-77.003207,0.));
#46 = VECTOR('',#47,1.);
#47 = DIRECTION('',(0.,0.,1.));
#48 = ORIENTED_EDGE('',*,*,#49,.T.);
#49 = EDGE_CURVE('',#42,#50,#52,.T.);
#50 = VERTEX_POINT('',#51);
#51 = CARTESIAN_POINT('',(90.66095,-77.354343,1.51));
#52 = LINE('',#53,#54);
#53 = CARTESIAN_POINT('',(88.478482,-77.003207,1.51));
#54 = VECTOR('',#55,1.);
#55 = DIRECTION('',(0.987303268132,-0.158846645339,0.));
#56 = ORIENTED_EDGE('',*,*,#57,.F.);
#57 = EDGE_CURVE('',#58,#50,#60,.T.);
#58 = VERTEX_POINT('',#59);
#59 = CARTESIAN_POINT('',(90.66095,-77.354343,0.));
#60 = LINE('',#61,#62);
#61 = CARTESIAN_POINT('',(90.66095,-77.354343,0.));
#62 = VECTOR('',#63,1.);
#63 = DIRECTION('',(0.,0.,1.));
#64 = ORIENTED_EDGE('',*,*,#65,.F.);
#65 = EDGE_CURVE('',#40,#58,#66,.T.);
#66 = LINE('',#67,#68);
#67 = CARTESIAN_POINT('',(88.478482,-77.003207,0.));
#68 = VECTOR('',#69,1.);
#69 = DIRECTION('',(0.987303268132,-0.158846645339,0.));
#70 = PLANE('',#71);
#71 = AXIS2_PLACEMENT_3D('',#72,#73,#74);
#72 = CARTESIAN_POINT('',(88.478482,-77.003207,0.));
#73 = DIRECTION('',(0.158846645339,0.987303268132,-0.));
#74 = DIRECTION('',(0.987303268132,-0.158846645339,0.));
#75 = ADVANCED_FACE('',(#76),#101,.T.);
#76 = FACE_BOUND('',#77,.T.);
#77 = EDGE_LOOP('',(#78,#88,#94,#95));
#78 = ORIENTED_EDGE('',*,*,#79,.T.);
#79 = EDGE_CURVE('',#80,#82,#84,.T.);
#80 = VERTEX_POINT('',#81);
#81 = CARTESIAN_POINT('',(87.261956,-76.825004,0.));
#82 = VERTEX_POINT('',#83);
#83 = CARTESIAN_POINT('',(87.261956,-76.825004,1.51));
#84 = LINE('',#85,#86);
#85 = CARTESIAN_POINT('',(87.261956,-76.825004,0.));
#86 = VECTOR('',#87,1.);
#87 = DIRECTION('',(0.,0.,1.));
#88 = ORIENTED_EDGE('',*,*,#89,.T.);
#89 = EDGE_CURVE('',#82,#42,#90,.T.);
#90 = LINE('',#91,#92);
#91 = CARTESIAN_POINT('',(87.261956,-76.825004,1.51));
#92 = VECTOR('',#93,1.);
#93 = DIRECTION('',(0.989440684545,-0.144938372306,0.));
#94 = ORIENTED_EDGE('',*,*,#39,.F.);
#95 = ORIENTED_EDGE('',*,*,#96,.F.);
#96 = EDGE_CURVE('',#80,#40,#97,.T.);
#97 = LINE('',#98,#99);
#98 = CARTESIAN_POINT('',(87.261956,-76.825004,0.));
#99 = VECTOR('',#100,1.);
#100 = DIRECTION('',(0.989440684545,-0.144938372306,0.));
#101 = PLANE('',#102);
#102 = AXIS2_PLACEMENT_3D('',#103,#104,#105);
#103 = CARTESIAN_POINT('',(87.261956,-76.825004,0.));
#104 = DIRECTION('',(0.144938372306,0.989440684545,-0.));
#105 = DIRECTION('',(0.989440684545,-0.144938372306,0.));
#106 = ADVANCED_FACE('',(#107),#132,.T.);
#107 = FACE_BOUND('',#108,.T.);
#108 = EDGE_LOOP('',(#109,#110,#118,#126));
#109 = ORIENTED_EDGE('',*,*,#57,.T.);
#110 = ORIENTED_EDGE('',*,*,#111,.T.);
#111 = EDGE_CURVE('',#50,#112,#114,.T.);
#112 = VERTEX_POINT('',#113);
#113 = CARTESIAN_POINT('',(92.330094,-77.650325,1.51));
#114 = LINE('',#115,#116);
#115 = CARTESIAN_POINT('',(90.66095,-77.354343,1.51));
#116 = VECTOR('',#117,1.);
#117 = DIRECTION('',(0.984639136644,-0.174601748526,0.));
#118 = ORIENTED_EDGE('',*,*,#119,.F.);
#119 = EDGE_CURVE('',#120,#112,#122,.T.);
#120 = VERTEX_POINT('',#121);
#121 = CARTESIAN_POINT('',(92.330094,-77.650325,0.));
#122 = LINE('',#123,#124);
#123 = CARTESIAN_POINT('',(92.330094,-77.650325,0.));
#124 = VECTOR('',#125,1.);
#125 = DIRECTION('',(0.,0.,1.));
#126 = ORIENTED_EDGE('',*,*,#127,.F.);
#127 = EDGE_CURVE('',#58,#120,#128,.T.);
#128 = LINE('',#129,#130);
#129 = CARTESIAN_POINT('',(90.66095,-77.354343,0.));
#130 = VECTOR('',#131,1.);
#131 = DIRECTION('',(0.984639136644,-0.174601748526,0.));
#132 = PLANE('',#133);
#133 = AXIS2_PLACEMENT_3D('',#134,#135,#136);
#134 = CARTESIAN_POINT('',(90.66095,-77.354343,0.));
#135 = DIRECTION('',(0.174601748526,0.984639136644,-0.));
#136 = DIRECTION('',(0.984639136644,-0.174601748526,0.));
#137 = ADVANCED_FACE('',(#138,#1365,#1376,#1387,#1398,#1409,#1795,#1806,
    #1817,#1828,#1839,#1850,#1861),#1872,.F.);
#138 = FACE_BOUND('',#139,.F.);
#139 = EDGE_LOOP('',(#140,#141,#142,#150,#158,#166,#174,#182,#190,#198,
    #206,#214,#222,#230,#238,#246,#254,#262,#270,#278,#286,#294,#302,
    #310,#318,#326,#334,#342,#350,#358,#366,#374,#382,#390,#398,#406,
    #414,#422,#430,#438,#446,#454,#462,#470,#478,#486,#494,#502,#510,
    #518,#526,#534,#542,#550,#558,#566,#574,#582,#590,#598,#606,#614,
    #622,#630,#638,#646,#654,#662,#670,#678,#686,#694,#702,#710,#718,
    #726,#734,#742,#750,#758,#766,#774,#782,#790,#798,#806,#814,#822,
    #830,#838,#846,#854,#862,#870,#878,#886,#894,#902,#910,#918,#926,
    #934,#942,#950,#958,#966,#974,#982,#990,#998,#1006,#1014,#1022,#1030
    ,#1038,#1046,#1054,#1062,#1070,#1078,#1086,#1094,#1102,#1110,#1118,
    #1126,#1134,#1142,#1150,#1158,#1166,#1174,#1182,#1190,#1198,#1206,
    #1214,#1222,#1230,#1238,#1246,#1254,#1262,#1270,#1278,#1286,#1294,
    #1302,#1310,#1318,#1326,#1334,#1342,#1350,#1358,#1364));
#140 = ORIENTED_EDGE('',*,*,#65,.F.);
#141 = ORIENTED_EDGE('',*,*,#96,.F.);
#142 = ORIENTED_EDGE('',*,*,#143,.F.);
#143 = EDGE_CURVE('',#144,#80,#146,.T.);
#144 = VERTEX_POINT('',#145);
#145 = CARTESIAN_POINT('',(53.424681,-76.825004,0.));
#146 = LINE('',#147,#148);
#147 = CARTESIAN_POINT('',(53.424681,-76.825004,0.));
#148 = VECTOR('',#149,1.);
#149 = DIRECTION('',(1.,0.,0.));
#150 = ORIENTED_EDGE('',*,*,#151,.F.);
#151 = EDGE_CURVE('',#152,#144,#154,.T.);
#152 = VERTEX_POINT('',#153);
#153 = CARTESIAN_POINT('',(52.330359,-76.984718,0.));
#154 = LINE('',#155,#156);
#155 = CARTESIAN_POINT('',(52.330359,-76.984718,0.));
#156 = VECTOR('',#157,1.);
#157 = DIRECTION('',(0.989516786347,0.14441789895,0.));
#158 = ORIENTED_EDGE('',*,*,#159,.F.);
#159 = EDGE_CURVE('',#160,#152,#162,.T.);
#160 = VERTEX_POINT('',#161);
#161 = CARTESIAN_POINT('',(51.23768,-77.154299,0.));
#162 = LINE('',#163,#164);
#163 = CARTESIAN_POINT('',(51.23768,-77.154299,0.));
#164 = VECTOR('',#165,1.);
#165 = DIRECTION('',(0.988170153598,0.153361493007,0.));
#166 = ORIENTED_EDGE('',*,*,#167,.F.);
#167 = EDGE_CURVE('',#168,#160,#170,.T.);
#168 = VERTEX_POINT('',#169);
#169 = CARTESIAN_POINT('',(49.092719,-77.51675,0.));
#170 = LINE('',#171,#172);
#171 = CARTESIAN_POINT('',(49.092719,-77.51675,0.));
#172 = VECTOR('',#173,1.);
#173 = DIRECTION('',(0.986021876371,0.166615903558,0.));
#174 = ORIENTED_EDGE('',*,*,#175,.F.);
#175 = EDGE_CURVE('',#176,#168,#178,.T.);
#176 = VERTEX_POINT('',#177);
#177 = CARTESIAN_POINT('',(46.91911,-77.924305,0.));
#178 = LINE('',#179,#180);
#179 = CARTESIAN_POINT('',(46.91911,-77.924305,0.));
#180 = VECTOR('',#181,1.);
#181 = DIRECTION('',(0.982871915623,0.18428998204,0.));
#182 = ORIENTED_EDGE('',*,*,#183,.F.);
#183 = EDGE_CURVE('',#184,#176,#186,.T.);
#184 = VERTEX_POINT('',#185);
#185 = CARTESIAN_POINT('',(44.752544,-78.371234,0.));
#186 = LINE('',#187,#188);
#187 = CARTESIAN_POINT('',(44.752544,-78.371234,0.));
#188 = VECTOR('',#189,1.);
#189 = DIRECTION('',(0.979379178609,0.20203075139,0.));
#190 = ORIENTED_EDGE('',*,*,#191,.F.);
#191 = EDGE_CURVE('',#192,#184,#194,.T.);
#192 = VERTEX_POINT('',#193);
#193 = CARTESIAN_POINT('',(43.672357,-78.609375,0.));
#194 = LINE('',#195,#196);
#195 = CARTESIAN_POINT('',(43.672357,-78.609375,0.));
#196 = VECTOR('',#197,1.);
#197 = DIRECTION('',(0.976549542975,0.215292800889,0.));
#198 = ORIENTED_EDGE('',*,*,#199,.F.);
#199 = EDGE_CURVE('',#200,#192,#202,.T.);
#200 = VERTEX_POINT('',#201);
#201 = CARTESIAN_POINT('',(42.594357,-78.857275,0.));
#202 = LINE('',#203,#204);
#203 = CARTESIAN_POINT('',(42.594357,-78.857275,0.));
#204 = VECTOR('',#205,1.);
#205 = DIRECTION('',(0.97456308537,0.224113347739,0.));
#206 = ORIENTED_EDGE('',*,*,#207,.F.);
#207 = EDGE_CURVE('',#208,#200,#210,.T.);
#208 = VERTEX_POINT('',#209);
#209 = CARTESIAN_POINT('',(41.518918,-79.114849,0.));
#210 = LINE('',#211,#212);
#211 = CARTESIAN_POINT('',(41.518918,-79.114849,0.));
#212 = VECTOR('',#213,1.);
#213 = DIRECTION('',(0.972496234578,0.23291859894,0.));
#214 = ORIENTED_EDGE('',*,*,#215,.F.);
#215 = EDGE_CURVE('',#216,#208,#218,.T.);
#216 = VERTEX_POINT('',#217);
#217 = CARTESIAN_POINT('',(40.445877,-79.382136,0.));
#218 = LINE('',#219,#220);
#219 = CARTESIAN_POINT('',(40.445877,-79.382136,0.));
#220 = VECTOR('',#221,1.);
#221 = DIRECTION('',(0.970349230843,0.241707199319,0.));
#222 = ORIENTED_EDGE('',*,*,#223,.F.);
#223 = EDGE_CURVE('',#224,#216,#226,.T.);
#224 = VERTEX_POINT('',#225);
#225 = CARTESIAN_POINT('',(39.961524,-79.506171,0.));
#226 = LINE('',#227,#228);
#227 = CARTESIAN_POINT('',(39.961524,-79.506171,0.));
#228 = VECTOR('',#229,1.);
#229 = DIRECTION('',(0.968739887436,0.248078678026,0.));
#230 = ORIENTED_EDGE('',*,*,#231,.F.);
#231 = EDGE_CURVE('',#232,#224,#234,.T.);
#232 = VERTEX_POINT('',#233);
#233 = CARTESIAN_POINT('',(39.640918,-79.632494,0.));
#234 = LINE('',#235,#236);
#235 = CARTESIAN_POINT('',(39.640918,-79.632494,0.));
#236 = VECTOR('',#237,1.);
#237 = DIRECTION('',(0.930384969953,0.366583970853,0.));
#238 = ORIENTED_EDGE('',*,*,#239,.F.);
#239 = EDGE_CURVE('',#240,#232,#242,.T.);
#240 = VERTEX_POINT('',#241);
#241 = CARTESIAN_POINT('',(39.337646,-79.794302,0.));
#242 = LINE('',#243,#244);
#243 = CARTESIAN_POINT('',(39.337646,-79.794302,0.));
#244 = VECTOR('',#245,1.);
#245 = DIRECTION('',(0.88227690811,0.470730769565,0.));
#246 = ORIENTED_EDGE('',*,*,#247,.F.);
#247 = EDGE_CURVE('',#248,#240,#250,.T.);
#248 = VERTEX_POINT('',#249);
#249 = CARTESIAN_POINT('',(39.054758,-79.989976,0.));
#250 = LINE('',#251,#252);
#251 = CARTESIAN_POINT('',(39.054758,-79.989976,0.));
#252 = VECTOR('',#253,1.);
#253 = DIRECTION('',(0.822425516382,0.568872806526,0.));
#254 = ORIENTED_EDGE('',*,*,#255,.F.);
#255 = EDGE_CURVE('',#256,#248,#258,.T.);
#256 = VERTEX_POINT('',#257);
#257 = CARTESIAN_POINT('',(38.795592,-80.21738,0.));
#258 = LINE('',#259,#260);
#259 = CARTESIAN_POINT('',(38.795592,-80.21738,0.));
#260 = VECTOR('',#261,1.);
#261 = DIRECTION('',(0.751665067973,0.659545014073,0.));
#262 = ORIENTED_EDGE('',*,*,#263,.F.);
#263 = EDGE_CURVE('',#264,#256,#266,.T.);
#264 = VERTEX_POINT('',#265);
#265 = CARTESIAN_POINT('',(38.563606,-80.473763,0.));
#266 = LINE('',#267,#268);
#267 = CARTESIAN_POINT('',(38.563606,-80.473763,0.));
#268 = VECTOR('',#269,1.);
#269 = DIRECTION('',(0.670945811693,0.741506384175,0.));
#270 = ORIENTED_EDGE('',*,*,#271,.F.);
#271 = EDGE_CURVE('',#272,#264,#274,.T.);
#272 = VERTEX_POINT('',#273);
#273 = CARTESIAN_POINT('',(38.362166,-80.755763,0.));
#274 = LINE('',#275,#276);
#275 = CARTESIAN_POINT('',(38.362166,-80.755763,0.));
#276 = VECTOR('',#277,1.);
#277 = DIRECTION('',(0.58126002991,0.813717873485,0.));
#278 = ORIENTED_EDGE('',*,*,#279,.F.);
#279 = EDGE_CURVE('',#280,#272,#282,.T.);
#280 = VERTEX_POINT('',#281);
#281 = CARTESIAN_POINT('',(38.273915,-80.905092,0.));
#282 = LINE('',#283,#284);
#283 = CARTESIAN_POINT('',(38.273915,-80.905092,0.));
#284 = VECTOR('',#285,1.);
#285 = DIRECTION('',(0.508776897802,0.860898407632,0.));
#286 = ORIENTED_EDGE('',*,*,#287,.F.);
#287 = EDGE_CURVE('',#288,#280,#290,.T.);
#288 = VERTEX_POINT('',#289);
#289 = CARTESIAN_POINT('',(38.194317,-81.059501,0.));
#290 = LINE('',#291,#292);
#291 = CARTESIAN_POINT('',(38.194317,-81.059501,0.));
#292 = VECTOR('',#293,1.);
#293 = DIRECTION('',(0.45820209033,0.888848043491,0.));
#294 = ORIENTED_EDGE('',*,*,#295,.F.);
#295 = EDGE_CURVE('',#296,#288,#298,.T.);
#296 = VERTEX_POINT('',#297);
#297 = CARTESIAN_POINT('',(38.123901,-81.217982,0.));
#298 = LINE('',#299,#300);
#299 = CARTESIAN_POINT('',(38.123901,-81.217982,0.));
#300 = VECTOR('',#301,1.);
#301 = DIRECTION('',(0.406042160079,0.913854345199,0.));
#302 = ORIENTED_EDGE('',*,*,#303,.F.);
#303 = EDGE_CURVE('',#304,#296,#306,.T.);
#304 = VERTEX_POINT('',#305);
#305 = CARTESIAN_POINT('',(38.062596,-81.380773,0.));
#306 = LINE('',#307,#308);
#307 = CARTESIAN_POINT('',(38.062596,-81.380773,0.));
#308 = VECTOR('',#309,1.);
#309 = DIRECTION('',(0.352425305317,0.935839945809,0.));
#310 = ORIENTED_EDGE('',*,*,#311,.F.);
#311 = EDGE_CURVE('',#312,#304,#314,.T.);
#312 = VERTEX_POINT('',#313);
#313 = CARTESIAN_POINT('',(38.011014,-81.54627,0.));
#314 = LINE('',#315,#316);
#315 = CARTESIAN_POINT('',(38.011014,-81.54627,0.));
#316 = VECTOR('',#317,1.);
#317 = DIRECTION('',(0.297561150993,0.954702760769,0.));
#318 = ORIENTED_EDGE('',*,*,#319,.F.);
#319 = EDGE_CURVE('',#320,#312,#322,.T.);
#320 = VERTEX_POINT('',#321);
#321 = CARTESIAN_POINT('',(37.968928,-81.715299,0.));
#322 = LINE('',#323,#324);
#323 = CARTESIAN_POINT('',(37.968928,-81.715299,0.));
#324 = VECTOR('',#325,1.);
#325 = DIRECTION('',(0.241610221684,0.970373382146,0.));
#326 = ORIENTED_EDGE('',*,*,#327,.F.);
#327 = EDGE_CURVE('',#328,#320,#330,.T.);
#328 = VERTEX_POINT('',#329);
#329 = CARTESIAN_POINT('',(37.93687,-81.885749,0.));
#330 = LINE('',#331,#332);
#331 = CARTESIAN_POINT('',(37.93687,-81.885749,0.));
#332 = VECTOR('',#333,1.);
#333 = DIRECTION('',(0.18483783911,0.982769033513,0.));
#334 = ORIENTED_EDGE('',*,*,#335,.F.);
#335 = EDGE_CURVE('',#336,#328,#338,.T.);
#336 = VERTEX_POINT('',#337);
#337 = CARTESIAN_POINT('',(37.914619,-82.058967,0.));
#338 = LINE('',#339,#340);
#339 = CARTESIAN_POINT('',(37.914619,-82.058967,0.));
#340 = VECTOR('',#341,1.);
#341 = DIRECTION('',(0.127409727345,0.991850170831,0.));
#342 = ORIENTED_EDGE('',*,*,#343,.F.);
#343 = EDGE_CURVE('',#344,#336,#346,.T.);
#344 = VERTEX_POINT('',#345);
#345 = CARTESIAN_POINT('',(37.9,-82.355602,0.));
#346 = LINE('',#347,#348);
#347 = CARTESIAN_POINT('',(37.9,-82.355602,0.));
#348 = VECTOR('',#349,1.);
#349 = DIRECTION('',(4.922304856021E-02,0.998787811044,0.));
#350 = ORIENTED_EDGE('',*,*,#351,.F.);
#351 = EDGE_CURVE('',#352,#344,#354,.T.);
#352 = VERTEX_POINT('',#353);
#353 = CARTESIAN_POINT('',(37.9,-112.325,0.));
#354 = LINE('',#355,#356);
#355 = CARTESIAN_POINT('',(37.9,-112.325,0.));
#356 = VECTOR('',#357,1.);
#357 = DIRECTION('',(0.,1.,0.));
#358 = ORIENTED_EDGE('',*,*,#359,.F.);
#359 = EDGE_CURVE('',#360,#352,#362,.T.);
#360 = VERTEX_POINT('',#361);
#361 = CARTESIAN_POINT('',(37.919787,-112.669085,0.));
#362 = LINE('',#363,#364);
#363 = CARTESIAN_POINT('',(37.919787,-112.669085,0.));
#364 = VECTOR('',#365,1.);
#365 = DIRECTION('',(-5.741128951642E-02,0.998350611677,0.));
#366 = ORIENTED_EDGE('',*,*,#367,.F.);
#367 = EDGE_CURVE('',#368,#360,#370,.T.);
#368 = VERTEX_POINT('',#369);
#369 = CARTESIAN_POINT('',(37.978991,-113.008934,0.));
#370 = LINE('',#371,#372);
#371 = CARTESIAN_POINT('',(37.978991,-113.008934,0.));
#372 = VECTOR('',#373,1.);
#373 = DIRECTION('',(-0.171622050658,0.985162865585,0.));
#374 = ORIENTED_EDGE('',*,*,#375,.F.);
#375 = EDGE_CURVE('',#376,#368,#378,.T.);
#376 = VERTEX_POINT('',#377);
#377 = CARTESIAN_POINT('',(38.077036,-113.340322,0.));
#378 = LINE('',#379,#380);
#379 = CARTESIAN_POINT('',(38.077036,-113.340322,0.));
#380 = VECTOR('',#381,1.);
#381 = DIRECTION('',(-0.283705155713,0.958911562461,0.));
#382 = ORIENTED_EDGE('',*,*,#383,.F.);
#383 = EDGE_CURVE('',#384,#376,#386,.T.);
#384 = VERTEX_POINT('',#385);
#385 = CARTESIAN_POINT('',(38.212818,-113.658816,0.));
#386 = LINE('',#387,#388);
#387 = CARTESIAN_POINT('',(38.212818,-113.658816,0.));
#388 = VECTOR('',#389,1.);
#389 = DIRECTION('',(-0.392172887624,0.919891529591,0.));
#390 = ORIENTED_EDGE('',*,*,#391,.F.);
#391 = EDGE_CURVE('',#392,#384,#394,.T.);
#392 = VERTEX_POINT('',#393);
#393 = CARTESIAN_POINT('',(38.294318,-113.811762,0.));
#394 = LINE('',#395,#396);
#395 = CARTESIAN_POINT('',(38.294318,-113.811762,0.));
#396 = VECTOR('',#397,1.);
#397 = DIRECTION('',(-0.47026834962,0.882523472405,0.));
#398 = ORIENTED_EDGE('',*,*,#399,.F.);
#399 = EDGE_CURVE('',#400,#392,#402,.T.);
#400 = VERTEX_POINT('',#401);
#401 = CARTESIAN_POINT('',(38.384678,-113.96,0.));
#402 = LINE('',#403,#404);
#403 = CARTESIAN_POINT('',(38.384678,-113.96,0.));
#404 = VECTOR('',#405,1.);
#405 = DIRECTION('',(-0.520485546953,0.853870479296,0.));
#406 = ORIENTED_EDGE('',*,*,#407,.F.);
#407 = EDGE_CURVE('',#408,#400,#410,.T.);
#408 = VERTEX_POINT('',#409);
#409 = CARTESIAN_POINT('',(38.483341,-114.102593,0.));
#410 = LINE('',#411,#412);
#411 = CARTESIAN_POINT('',(38.483341,-114.102593,0.));
#412 = VECTOR('',#413,1.);
#413 = DIRECTION('',(-0.568994640662,0.822341230207,0.));
#414 = ORIENTED_EDGE('',*,*,#415,.F.);
#415 = EDGE_CURVE('',#416,#408,#418,.T.);
#416 = VERTEX_POINT('',#417);
#417 = CARTESIAN_POINT('',(38.590464,-114.239706,0.));
#418 = LINE('',#419,#420);
#419 = CARTESIAN_POINT('',(38.590464,-114.239706,0.));
#420 = VECTOR('',#421,1.);
#421 = DIRECTION('',(-0.615656421536,0.788014702034,0.));
#422 = ORIENTED_EDGE('',*,*,#423,.F.);
#423 = EDGE_CURVE('',#424,#416,#426,.T.);
#424 = VERTEX_POINT('',#425);
#425 = CARTESIAN_POINT('',(38.778678,-114.44632,0.));
#426 = LINE('',#427,#428);
#427 = CARTESIAN_POINT('',(38.778678,-114.44632,0.));
#428 = VECTOR('',#429,1.);
#429 = DIRECTION('',(-0.673422913827,0.739257451185,0.));
#430 = ORIENTED_EDGE('',*,*,#431,.F.);
#431 = EDGE_CURVE('',#432,#424,#434,.T.);
#432 = VERTEX_POINT('',#433);
#433 = CARTESIAN_POINT('',(39.035971,-114.675631,0.));
#434 = LINE('',#435,#436);
#435 = CARTESIAN_POINT('',(39.035971,-114.675631,0.));
#436 = VECTOR('',#437,1.);
#437 = DIRECTION('',(-0.746535421843,0.665345672514,0.));
#438 = ORIENTED_EDGE('',*,*,#439,.F.);
#439 = EDGE_CURVE('',#440,#432,#442,.T.);
#440 = VERTEX_POINT('',#441);
#441 = CARTESIAN_POINT('',(39.318143,-114.874077,0.));
#442 = LINE('',#443,#444);
#443 = CARTESIAN_POINT('',(39.318143,-114.874077,0.));
#444 = VECTOR('',#445,1.);
#445 = DIRECTION('',(-0.817969396628,0.575261737108,0.));
#446 = ORIENTED_EDGE('',*,*,#447,.F.);
#447 = EDGE_CURVE('',#448,#440,#450,.T.);
#448 = VERTEX_POINT('',#449);
#449 = CARTESIAN_POINT('',(39.621797,-115.039075,0.));
#450 = LINE('',#451,#452);
#451 = CARTESIAN_POINT('',(39.621797,-115.039075,0.));
#452 = VECTOR('',#453,1.);
#453 = DIRECTION('',(-0.878662564203,0.477443293249,0.));
#454 = ORIENTED_EDGE('',*,*,#455,.F.);
#455 = EDGE_CURVE('',#456,#448,#458,.T.);
#456 = VERTEX_POINT('',#457);
#457 = CARTESIAN_POINT('',(39.943019,-115.168272,0.));
#458 = LINE('',#459,#460);
#459 = CARTESIAN_POINT('',(39.943019,-115.168272,0.));
#460 = VECTOR('',#461,1.);
#461 = DIRECTION('',(-0.927769685708,0.373153333472,0.));
#462 = ORIENTED_EDGE('',*,*,#463,.F.);
#463 = EDGE_CURVE('',#464,#456,#466,.T.);
#464 = VERTEX_POINT('',#465);
#465 = CARTESIAN_POINT('',(40.108798,-115.218793,0.));
#466 = LINE('',#467,#468);
#467 = CARTESIAN_POINT('',(40.108798,-115.218793,0.));
#468 = VECTOR('',#469,1.);
#469 = DIRECTION('',(-0.956566898756,0.291512895433,0.));
#470 = ORIENTED_EDGE('',*,*,#471,.F.);
#471 = EDGE_CURVE('',#472,#464,#474,.T.);
#472 = VERTEX_POINT('',#473);
#473 = CARTESIAN_POINT('',(40.277512,-115.259718,0.));
#474 = LINE('',#475,#476);
#475 = CARTESIAN_POINT('',(40.277512,-115.259718,0.));
#476 = VECTOR('',#477,1.);
#477 = DIRECTION('',(-0.971817603816,0.23573405548,0.));
#478 = ORIENTED_EDGE('',*,*,#479,.F.);
#479 = EDGE_CURVE('',#480,#472,#482,.T.);
#480 = VERTEX_POINT('',#481);
#481 = CARTESIAN_POINT('',(40.448106,-115.290782,0.));
#482 = LINE('',#483,#484);
#483 = CARTESIAN_POINT('',(40.448106,-115.290782,0.));
#484 = VECTOR('',#485,1.);
#485 = DIRECTION('',(-0.983822262575,0.179147301573,0.));
#486 = ORIENTED_EDGE('',*,*,#487,.F.);
#487 = EDGE_CURVE('',#488,#480,#490,.T.);
#488 = VERTEX_POINT('',#489);
#489 = CARTESIAN_POINT('',(40.620806,-115.311988,0.));
#490 = LINE('',#491,#492);
#491 = CARTESIAN_POINT('',(40.620806,-115.311988,0.));
#492 = VECTOR('',#493,1.);
#493 = DIRECTION('',(-0.992545382511,0.121875607305,0.));
#494 = ORIENTED_EDGE('',*,*,#495,.F.);
#495 = EDGE_CURVE('',#496,#488,#498,.T.);
#496 = VERTEX_POINT('',#497);
#497 = CARTESIAN_POINT('',(40.9,-115.324999,0.));
#498 = LINE('',#499,#500);
#499 = CARTESIAN_POINT('',(40.9,-115.324999,0.));
#500 = VECTOR('',#501,1.);
#501 = DIRECTION('',(-0.998915892082,4.655148273921E-02,0.));
#502 = ORIENTED_EDGE('',*,*,#503,.F.);
#503 = EDGE_CURVE('',#504,#496,#506,.T.);
#504 = VERTEX_POINT('',#505);
#505 = CARTESIAN_POINT('',(68.625216,-115.324999,0.));
#506 = LINE('',#507,#508);
#507 = CARTESIAN_POINT('',(68.625216,-115.324999,0.));
#508 = VECTOR('',#509,1.);
#509 = DIRECTION('',(-1.,0.,0.));
#510 = ORIENTED_EDGE('',*,*,#511,.F.);
#511 = EDGE_CURVE('',#512,#504,#514,.T.);
#512 = VERTEX_POINT('',#513);
#513 = CARTESIAN_POINT('',(68.730573,-115.305899,0.));
#514 = LINE('',#515,#516);
#515 = CARTESIAN_POINT('',(68.730573,-115.305899,0.));
#516 = VECTOR('',#517,1.);
#517 = DIRECTION('',(-0.983961530058,-0.178380793152,0.));
#518 = ORIENTED_EDGE('',*,*,#519,.F.);
#519 = EDGE_CURVE('',#520,#512,#522,.T.);
#520 = VERTEX_POINT('',#521);
#521 = CARTESIAN_POINT('',(68.823658,-115.250002,0.));
#522 = LINE('',#523,#524);
#523 = CARTESIAN_POINT('',(68.823658,-115.250002,0.));
#524 = VECTOR('',#525,1.);
#525 = DIRECTION('',(-0.857305961807,-0.51480723368,0.));
#526 = ORIENTED_EDGE('',*,*,#527,.F.);
#527 = EDGE_CURVE('',#528,#520,#530,.T.);
#528 = VERTEX_POINT('',#529);
#529 = CARTESIAN_POINT('',(68.861378,-115.21003,0.));
#530 = LINE('',#531,#532);
#531 = CARTESIAN_POINT('',(68.861378,-115.21003,0.));
#532 = VECTOR('',#533,1.);
#533 = DIRECTION('',(-0.686322140454,-0.72729768288,0.));
#534 = ORIENTED_EDGE('',*,*,#535,.F.);
#535 = EDGE_CURVE('',#536,#528,#538,.T.);
#536 = VERTEX_POINT('',#537);
#537 = CARTESIAN_POINT('',(68.891569,-115.163056,0.));
#538 = LINE('',#539,#540);
#539 = CARTESIAN_POINT('',(68.891569,-115.163056,0.));
#540 = VECTOR('',#541,1.);
#541 = DIRECTION('',(-0.540674317557,-0.841232002681,0.));
#542 = ORIENTED_EDGE('',*,*,#543,.F.);
#543 = EDGE_CURVE('',#544,#536,#546,.T.);
#544 = VERTEX_POINT('',#545);
#545 = CARTESIAN_POINT('',(68.894481,-115.157286,0.));
#546 = LINE('',#547,#548);
#547 = CARTESIAN_POINT('',(68.894481,-115.157286,0.));
#548 = VECTOR('',#549,1.);
#549 = DIRECTION('',(-0.450552483831,-0.892749942209,0.));
#550 = ORIENTED_EDGE('',*,*,#551,.F.);
#551 = EDGE_CURVE('',#552,#544,#554,.T.);
#552 = VERTEX_POINT('',#553);
#553 = CARTESIAN_POINT('',(68.923793,-115.054304,0.));
#554 = LINE('',#555,#556);
#555 = CARTESIAN_POINT('',(68.923793,-115.054304,0.));
#556 = VECTOR('',#557,1.);
#557 = DIRECTION('',(-0.273758847669,-0.961798364172,0.));
#558 = ORIENTED_EDGE('',*,*,#559,.F.);
#559 = EDGE_CURVE('',#560,#552,#562,.T.);
#560 = VERTEX_POINT('',#561);
#561 = CARTESIAN_POINT('',(68.914667,-114.946109,0.));
#562 = LINE('',#563,#564);
#563 = CARTESIAN_POINT('',(68.914667,-114.946109,0.));
#564 = VECTOR('',#565,1.);
#565 = DIRECTION('',(8.404924975194E-02,-0.996461601677,0.));
#566 = ORIENTED_EDGE('',*,*,#567,.F.);
#567 = EDGE_CURVE('',#568,#560,#570,.T.);
#568 = VERTEX_POINT('',#569);
#569 = CARTESIAN_POINT('',(68.895422,-114.894628,0.));
#570 = LINE('',#571,#572);
#571 = CARTESIAN_POINT('',(68.895422,-114.894628,0.));
#572 = VECTOR('',#573,1.);
#573 = DIRECTION('',(0.350160174237,-0.936689837875,0.));
#574 = ORIENTED_EDGE('',*,*,#575,.F.);
#575 = EDGE_CURVE('',#576,#568,#578,.T.);
#576 = VERTEX_POINT('',#577);
#577 = CARTESIAN_POINT('',(68.866572,-114.846817,0.));
#578 = LINE('',#579,#580);
#579 = CARTESIAN_POINT('',(68.866572,-114.846817,0.));
#580 = VECTOR('',#581,1.);
#581 = DIRECTION('',(0.516645729047,-0.856199270414,0.));
#582 = ORIENTED_EDGE('',*,*,#583,.F.);
#583 = EDGE_CURVE('',#584,#576,#586,.T.);
#584 = VERTEX_POINT('',#585);
#585 = CARTESIAN_POINT('',(68.862681,-114.841664,0.));
#586 = LINE('',#587,#588);
#587 = CARTESIAN_POINT('',(68.862681,-114.841664,0.));
#588 = VECTOR('',#589,1.);
#589 = DIRECTION('',(0.602598640534,-0.798044408806,0.));
#590 = ORIENTED_EDGE('',*,*,#591,.F.);
#591 = EDGE_CURVE('',#592,#584,#594,.T.);
#592 = VERTEX_POINT('',#593);
#593 = CARTESIAN_POINT('',(68.862681,-114.841665,0.));
#594 = LINE('',#595,#596);
#595 = CARTESIAN_POINT('',(68.862681,-114.841665,0.));
#596 = VECTOR('',#597,1.);
#597 = DIRECTION('',(0.,1.,0.));
#598 = ORIENTED_EDGE('',*,*,#599,.F.);
#599 = EDGE_CURVE('',#600,#592,#602,.T.);
#600 = VERTEX_POINT('',#601);
#601 = CARTESIAN_POINT('',(68.752624,-114.676324,0.));
#602 = LINE('',#603,#604);
#603 = CARTESIAN_POINT('',(68.752624,-114.676324,0.));
#604 = VECTOR('',#605,1.);
#605 = DIRECTION('',(0.554106345159,-0.832445889085,0.));
#606 = ORIENTED_EDGE('',*,*,#607,.F.);
#607 = EDGE_CURVE('',#608,#600,#610,.T.);
#608 = VERTEX_POINT('',#609);
#609 = CARTESIAN_POINT('',(68.69589,-114.566379,0.));
#610 = LINE('',#611,#612);
#611 = CARTESIAN_POINT('',(68.69589,-114.566379,0.));
#612 = VECTOR('',#613,1.);
#613 = DIRECTION('',(0.458567563112,-0.888659546768,0.));
#614 = ORIENTED_EDGE('',*,*,#615,.F.);
#615 = EDGE_CURVE('',#616,#608,#618,.T.);
#616 = VERTEX_POINT('',#617);
#617 = CARTESIAN_POINT('',(68.648365,-114.452056,0.));
#618 = LINE('',#619,#620);
#619 = CARTESIAN_POINT('',(68.648365,-114.452056,0.));
#620 = VECTOR('',#621,1.);
#621 = DIRECTION('',(0.383861081039,-0.923390854657,0.));
#622 = ORIENTED_EDGE('',*,*,#623,.F.);
#623 = EDGE_CURVE('',#624,#616,#626,.T.);
#624 = VERTEX_POINT('',#625);
#625 = CARTESIAN_POINT('',(68.609894,-114.333122,0.));
#626 = LINE('',#627,#628);
#627 = CARTESIAN_POINT('',(68.609894,-114.333122,0.));
#628 = VECTOR('',#629,1.);
#629 = DIRECTION('',(0.307764905654,-0.951462433756,0.));
#630 = ORIENTED_EDGE('',*,*,#631,.F.);
#631 = EDGE_CURVE('',#632,#624,#634,.T.);
#632 = VERTEX_POINT('',#633);
#633 = CARTESIAN_POINT('',(68.581097,-114.211457,0.));
#634 = LINE('',#635,#636);
#635 = CARTESIAN_POINT('',(68.581097,-114.211457,0.));
#636 = VECTOR('',#637,1.);
#637 = DIRECTION('',(0.230327069473,-0.973113272475,0.));
#638 = ORIENTED_EDGE('',*,*,#639,.F.);
#639 = EDGE_CURVE('',#640,#632,#642,.T.);
#640 = VERTEX_POINT('',#641);
#641 = CARTESIAN_POINT('',(68.553175,-113.964905,0.));
#642 = LINE('',#643,#644);
#643 = CARTESIAN_POINT('',(68.553175,-113.964905,0.));
#644 = VECTOR('',#645,1.);
#645 = DIRECTION('',(0.112530608878,-0.993648258724,0.));
#646 = ORIENTED_EDGE('',*,*,#647,.F.);
#647 = EDGE_CURVE('',#648,#640,#650,.T.);
#648 = VERTEX_POINT('',#649);
#649 = CARTESIAN_POINT('',(68.564632,-113.722553,0.));
#650 = LINE('',#651,#652);
#651 = CARTESIAN_POINT('',(68.564632,-113.722553,0.));
#652 = VECTOR('',#653,1.);
#653 = DIRECTION('',(-4.722147567833E-02,-0.998884443885,0.));
#654 = ORIENTED_EDGE('',*,*,#655,.F.);
#655 = EDGE_CURVE('',#656,#648,#658,.T.);
#656 = VERTEX_POINT('',#657);
#657 = CARTESIAN_POINT('',(68.613623,-113.492765,0.));
#658 = LINE('',#659,#660);
#659 = CARTESIAN_POINT('',(68.613623,-113.492765,0.));
#660 = VECTOR('',#661,1.);
#661 = DIRECTION('',(-0.208514551621,-0.978019264515,0.));
#662 = ORIENTED_EDGE('',*,*,#663,.F.);
#663 = EDGE_CURVE('',#664,#656,#666,.T.);
#664 = VERTEX_POINT('',#665);
#665 = CARTESIAN_POINT('',(68.683694,-113.308503,0.));
#666 = LINE('',#667,#668);
#667 = CARTESIAN_POINT('',(68.683694,-113.308503,0.));
#668 = VECTOR('',#669,1.);
#669 = DIRECTION('',(-0.355445762283,-0.934696908134,0.));
#670 = ORIENTED_EDGE('',*,*,#671,.F.);
#671 = EDGE_CURVE('',#672,#664,#674,.T.);
#672 = VERTEX_POINT('',#673);
#673 = CARTESIAN_POINT('',(68.740209,-113.198334,0.));
#674 = LINE('',#675,#676);
#675 = CARTESIAN_POINT('',(68.740209,-113.198334,0.));
#676 = VECTOR('',#677,1.);
#677 = DIRECTION('',(-0.456432238716,-0.889758175832,0.));
#678 = ORIENTED_EDGE('',*,*,#679,.F.);
#679 = EDGE_CURVE('',#680,#672,#682,.T.);
#680 = VERTEX_POINT('',#681);
#681 = CARTESIAN_POINT('',(68.805717,-113.092979,0.));
#682 = LINE('',#683,#684);
#683 = CARTESIAN_POINT('',(68.805717,-113.092979,0.));
#684 = VECTOR('',#685,1.);
#685 = DIRECTION('',(-0.528033269606,-0.849223684425,0.));
#686 = ORIENTED_EDGE('',*,*,#687,.F.);
#687 = EDGE_CURVE('',#688,#680,#690,.T.);
#688 = VERTEX_POINT('',#689);
#689 = CARTESIAN_POINT('',(68.880258,-112.992271,0.));
#690 = LINE('',#691,#692);
#691 = CARTESIAN_POINT('',(68.880258,-112.992271,0.));
#692 = VECTOR('',#693,1.);
#693 = DIRECTION('',(-0.594931086562,-0.803776711682,0.));
#694 = ORIENTED_EDGE('',*,*,#695,.F.);
#695 = EDGE_CURVE('',#696,#688,#698,.T.);
#696 = VERTEX_POINT('',#697);
#697 = CARTESIAN_POINT('',(68.962698,-112.897767,0.));
#698 = LINE('',#699,#700);
#699 = CARTESIAN_POINT('',(68.962698,-112.897767,0.));
#700 = VECTOR('',#701,1.);
#701 = DIRECTION('',(-0.657370293477,-0.753567712455,0.));
#702 = ORIENTED_EDGE('',*,*,#703,.F.);
#703 = EDGE_CURVE('',#704,#696,#706,.T.);
#704 = VERTEX_POINT('',#705);
#705 = CARTESIAN_POINT('',(69.147272,-112.731154,0.));
#706 = LINE('',#707,#708);
#707 = CARTESIAN_POINT('',(69.147272,-112.731154,0.));
#708 = VECTOR('',#709,1.);
#709 = DIRECTION('',(-0.742300657605,-0.670066962116,0.));
#710 = ORIENTED_EDGE('',*,*,#711,.F.);
#711 = EDGE_CURVE('',#712,#704,#714,.T.);
#712 = VERTEX_POINT('',#713);
#713 = CARTESIAN_POINT('',(69.350947,-112.599223,0.));
#714 = LINE('',#715,#716);
#715 = CARTESIAN_POINT('',(69.350947,-112.599223,0.));
#716 = VECTOR('',#717,1.);
#717 = DIRECTION('',(-0.839304496231,-0.5436616251,0.));
#718 = ORIENTED_EDGE('',*,*,#719,.F.);
#719 = EDGE_CURVE('',#720,#712,#722,.T.);
#720 = VERTEX_POINT('',#721);
#721 = CARTESIAN_POINT('',(69.565734,-112.50532,0.));
#722 = LINE('',#723,#724);
#723 = CARTESIAN_POINT('',(69.565734,-112.50532,0.));
#724 = VECTOR('',#725,1.);
#725 = DIRECTION('',(-0.916261182446,-0.400581384419,0.));
#726 = ORIENTED_EDGE('',*,*,#727,.F.);
#727 = EDGE_CURVE('',#728,#720,#730,.T.);
#728 = VERTEX_POINT('',#729);
#729 = CARTESIAN_POINT('',(69.755158,-112.455178,0.));
#730 = LINE('',#731,#732);
#731 = CARTESIAN_POINT('',(69.755158,-112.455178,0.));
#732 = VECTOR('',#733,1.);
#733 = DIRECTION('',(-0.966704782293,-0.255894243569,0.));
#734 = ORIENTED_EDGE('',*,*,#735,.F.);
#735 = EDGE_CURVE('',#736,#728,#738,.T.);
#736 = VERTEX_POINT('',#737);
#737 = CARTESIAN_POINT('',(69.877433,-112.436938,0.));
#738 = LINE('',#739,#740);
#739 = CARTESIAN_POINT('',(69.877433,-112.436938,0.));
#740 = VECTOR('',#741,1.);
#741 = DIRECTION('',(-0.98905617366,-0.147539436578,0.));
#742 = ORIENTED_EDGE('',*,*,#743,.F.);
#743 = EDGE_CURVE('',#744,#736,#746,.T.);
#744 = VERTEX_POINT('',#745);
#745 = CARTESIAN_POINT('',(70.001027,-112.428824,0.));
#746 = LINE('',#747,#748);
#747 = CARTESIAN_POINT('',(70.001027,-112.428824,0.));
#748 = VECTOR('',#749,1.);
#749 = DIRECTION('',(-0.997851951166,-6.550941576254E-02,0.));
#750 = ORIENTED_EDGE('',*,*,#751,.F.);
#751 = EDGE_CURVE('',#752,#744,#754,.T.);
#752 = VERTEX_POINT('',#753);
#753 = CARTESIAN_POINT('',(70.126281,-112.430769,0.));
#754 = LINE('',#755,#756);
#755 = CARTESIAN_POINT('',(70.126281,-112.430769,0.));
#756 = VECTOR('',#757,1.);
#757 = DIRECTION('',(-0.999879455479,1.552657432816E-02,0.));
#758 = ORIENTED_EDGE('',*,*,#759,.F.);
#759 = EDGE_CURVE('',#760,#752,#762,.T.);
#760 = VERTEX_POINT('',#761);
#761 = CARTESIAN_POINT('',(70.251097,-112.442764,0.));
#762 = LINE('',#763,#764);
#763 = CARTESIAN_POINT('',(70.251097,-112.442764,0.));
#764 = VECTOR('',#765,1.);
#765 = DIRECTION('',(-0.995413995728,9.566073963883E-02,0.));
#766 = ORIENTED_EDGE('',*,*,#767,.F.);
#767 = EDGE_CURVE('',#768,#760,#770,.T.);
#768 = VERTEX_POINT('',#769);
#769 = CARTESIAN_POINT('',(70.494351,-112.495896,0.));
#770 = LINE('',#771,#772);
#771 = CARTESIAN_POINT('',(70.494351,-112.495896,0.));
#772 = VECTOR('',#773,1.);
#773 = DIRECTION('',(-0.976966886901,0.21339096021,0.));
#774 = ORIENTED_EDGE('',*,*,#775,.F.);
#775 = EDGE_CURVE('',#776,#768,#778,.T.);
#776 = VERTEX_POINT('',#777);
#777 = CARTESIAN_POINT('',(70.720775,-112.584871,0.));
#778 = LINE('',#779,#780);
#779 = CARTESIAN_POINT('',(70.720775,-112.584871,0.));
#780 = VECTOR('',#781,1.);
#781 = DIRECTION('',(-0.930719714039,0.365733255117,0.));
#782 = ORIENTED_EDGE('',*,*,#783,.F.);
#783 = EDGE_CURVE('',#784,#776,#786,.T.);
#784 = VERTEX_POINT('',#785);
#785 = CARTESIAN_POINT('',(70.922808,-112.705082,0.));
#786 = LINE('',#787,#788);
#787 = CARTESIAN_POINT('',(70.922808,-112.705082,0.));
#788 = VECTOR('',#789,1.);
#789 = DIRECTION('',(-0.8593802509,0.511337055535,0.));
#790 = ORIENTED_EDGE('',*,*,#791,.F.);
#791 = EDGE_CURVE('',#792,#784,#794,.T.);
#792 = VERTEX_POINT('',#793);
#793 = CARTESIAN_POINT('',(71.075782,-112.831473,0.));
#794 = LINE('',#795,#796);
#795 = CARTESIAN_POINT('',(71.075782,-112.831473,0.));
#796 = VECTOR('',#797,1.);
#797 = DIRECTION('',(-0.770909355417,0.636944868674,0.));
#798 = ORIENTED_EDGE('',*,*,#799,.F.);
#799 = EDGE_CURVE('',#800,#792,#802,.T.);
#800 = VERTEX_POINT('',#801);
#801 = CARTESIAN_POINT('',(71.161609,-112.920167,0.));
#802 = LINE('',#803,#804);
#803 = CARTESIAN_POINT('',(71.161609,-112.920167,0.));
#804 = VECTOR('',#805,1.);
#805 = DIRECTION('',(-0.695396728347,0.718626043366,0.));
#806 = ORIENTED_EDGE('',*,*,#807,.F.);
#807 = EDGE_CURVE('',#808,#800,#810,.T.);
#808 = VERTEX_POINT('',#809);
#809 = CARTESIAN_POINT('',(71.239969,-113.015794,0.));
#810 = LINE('',#811,#812);
#811 = CARTESIAN_POINT('',(71.239969,-113.015794,0.));
#812 = VECTOR('',#813,1.);
#813 = DIRECTION('',(-0.633817704595,0.773482460915,0.));
#814 = ORIENTED_EDGE('',*,*,#815,.F.);
#815 = EDGE_CURVE('',#816,#808,#818,.T.);
#816 = VERTEX_POINT('',#817);
#817 = CARTESIAN_POINT('',(71.310995,-113.118439,0.));
#818 = LINE('',#819,#820);
#819 = CARTESIAN_POINT('',(71.310995,-113.118439,0.));
#820 = VECTOR('',#821,1.);
#821 = DIRECTION('',(-0.569015414838,0.822326855743,0.));
#822 = ORIENTED_EDGE('',*,*,#823,.F.);
#823 = EDGE_CURVE('',#824,#816,#826,.T.);
#824 = VERTEX_POINT('',#825);
#825 = CARTESIAN_POINT('',(71.373615,-113.226581,0.));
#826 = LINE('',#827,#828);
#827 = CARTESIAN_POINT('',(71.373615,-113.226581,0.));
#828 = VECTOR('',#829,1.);
#829 = DIRECTION('',(-0.501105035751,0.865386470396,0.));
#830 = ORIENTED_EDGE('',*,*,#831,.F.);
#831 = EDGE_CURVE('',#832,#824,#834,.T.);
#832 = VERTEX_POINT('',#833);
#833 = CARTESIAN_POINT('',(71.471436,-113.454588,0.));
#834 = LINE('',#835,#836);
#835 = CARTESIAN_POINT('',(71.471436,-113.454588,0.));
#836 = VECTOR('',#837,1.);
#837 = DIRECTION('',(-0.394272429071,0.918993608071,0.));
#838 = ORIENTED_EDGE('',*,*,#839,.F.);
#839 = EDGE_CURVE('',#840,#832,#842,.T.);
#840 = VERTEX_POINT('',#841);
#841 = CARTESIAN_POINT('',(71.530459,-113.690194,0.));
#842 = LINE('',#843,#844);
#843 = CARTESIAN_POINT('',(71.530459,-113.690194,0.));
#844 = VECTOR('',#845,1.);
#845 = DIRECTION('',(-0.243006404417,0.970024683919,0.));
#846 = ORIENTED_EDGE('',*,*,#847,.F.);
#847 = EDGE_CURVE('',#848,#840,#850,.T.);
#848 = VERTEX_POINT('',#849);
#849 = CARTESIAN_POINT('',(71.549998,-113.924999,0.));
#850 = LINE('',#851,#852);
#851 = CARTESIAN_POINT('',(71.549998,-113.924999,0.));
#852 = VECTOR('',#853,1.);
#853 = DIRECTION('',(-8.292711044076E-02,0.996555615284,0.));
#854 = ORIENTED_EDGE('',*,*,#855,.F.);
#855 = EDGE_CURVE('',#856,#848,#858,.T.);
#856 = VERTEX_POINT('',#857);
#857 = CARTESIAN_POINT('',(71.54998,-113.932174,0.));
#858 = LINE('',#859,#860);
#859 = CARTESIAN_POINT('',(71.54998,-113.932174,0.));
#860 = VECTOR('',#861,1.);
#861 = DIRECTION('',(2.508702906589E-03,0.9999968532,0.));
#862 = ORIENTED_EDGE('',*,*,#863,.F.);
#863 = EDGE_CURVE('',#864,#856,#866,.T.);
#864 = VERTEX_POINT('',#865);
#865 = CARTESIAN_POINT('',(71.544225,-114.054765,0.));
#866 = LINE('',#867,#868);
#867 = CARTESIAN_POINT('',(71.544225,-114.054765,0.));
#868 = VECTOR('',#869,1.);
#869 = DIRECTION('',(4.689307541981E-02,0.998899914645,0.));
#870 = ORIENTED_EDGE('',*,*,#871,.F.);
#871 = EDGE_CURVE('',#872,#864,#874,.T.);
#872 = VERTEX_POINT('',#873);
#873 = CARTESIAN_POINT('',(71.528349,-114.176446,0.));
#874 = LINE('',#875,#876);
#875 = CARTESIAN_POINT('',(71.528349,-114.176446,0.));
#876 = VECTOR('',#877,1.);
#877 = DIRECTION('',(0.129375764232,0.991595639174,0.));
#878 = ORIENTED_EDGE('',*,*,#879,.F.);
#879 = EDGE_CURVE('',#880,#872,#882,.T.);
#880 = VERTEX_POINT('',#881);
#881 = CARTESIAN_POINT('',(71.502418,-114.297214,0.));
#882 = LINE('',#883,#884);
#883 = CARTESIAN_POINT('',(71.502418,-114.297214,0.));
#884 = VECTOR('',#885,1.);
#885 = DIRECTION('',(0.209932677067,0.97771584374,0.));
#886 = ORIENTED_EDGE('',*,*,#887,.F.);
#887 = EDGE_CURVE('',#888,#880,#890,.T.);
#888 = VERTEX_POINT('',#889);
#889 = CARTESIAN_POINT('',(71.466769,-114.415496,0.));
#890 = LINE('',#891,#892);
#891 = CARTESIAN_POINT('',(71.466769,-114.415496,0.));
#892 = VECTOR('',#893,1.);
#893 = DIRECTION('',(0.288568543299,0.957459239769,0.));
#894 = ORIENTED_EDGE('',*,*,#895,.F.);
#895 = EDGE_CURVE('',#896,#888,#898,.T.);
#896 = VERTEX_POINT('',#897);
#897 = CARTESIAN_POINT('',(71.368219,-114.639926,0.));
#898 = LINE('',#899,#900);
#899 = CARTESIAN_POINT('',(71.368219,-114.639926,0.));
#900 = VECTOR('',#901,1.);
#901 = DIRECTION('',(0.402057635961,0.915614360616,0.));
#902 = ORIENTED_EDGE('',*,*,#903,.F.);
#903 = EDGE_CURVE('',#904,#896,#906,.T.);
#904 = VERTEX_POINT('',#905);
#905 = CARTESIAN_POINT('',(71.237315,-114.841665,0.));
#906 = LINE('',#907,#908);
#907 = CARTESIAN_POINT('',(71.237315,-114.841665,0.));
#908 = VECTOR('',#909,1.);
#909 = DIRECTION('',(0.544326521017,0.838873434147,0.));
#910 = ORIENTED_EDGE('',*,*,#911,.F.);
#911 = EDGE_CURVE('',#912,#904,#914,.T.);
#912 = VERTEX_POINT('',#913);
#913 = CARTESIAN_POINT('',(71.18805,-114.93673,0.));
#914 = LINE('',#915,#916);
#915 = CARTESIAN_POINT('',(71.18805,-114.93673,0.));
#916 = VECTOR('',#917,1.);
#917 = DIRECTION('',(0.460111329311,0.887861230508,0.));
#918 = ORIENTED_EDGE('',*,*,#919,.F.);
#919 = EDGE_CURVE('',#920,#912,#922,.T.);
#920 = VERTEX_POINT('',#921);
#921 = CARTESIAN_POINT('',(71.175411,-115.044569,0.));
#922 = LINE('',#923,#924);
#923 = CARTESIAN_POINT('',(71.175411,-115.044569,0.));
#924 = VECTOR('',#925,1.);
#925 = DIRECTION('',(0.116405723926,0.993201745587,0.));
#926 = ORIENTED_EDGE('',*,*,#927,.F.);
#927 = EDGE_CURVE('',#928,#920,#930,.T.);
#928 = VERTEX_POINT('',#929);
#929 = CARTESIAN_POINT('',(71.184,-115.098853,0.));
#930 = LINE('',#931,#932);
#931 = CARTESIAN_POINT('',(71.184,-115.098853,0.));
#932 = VECTOR('',#933,1.);
#933 = DIRECTION('',(-0.156279310959,0.987712902096,0.));
#934 = ORIENTED_EDGE('',*,*,#935,.F.);
#935 = EDGE_CURVE('',#936,#928,#938,.T.);
#936 = VERTEX_POINT('',#937);
#937 = CARTESIAN_POINT('',(71.202733,-115.151457,0.));
#938 = LINE('',#939,#940);
#939 = CARTESIAN_POINT('',(71.202733,-115.151457,0.));
#940 = VECTOR('',#941,1.);
#941 = DIRECTION('',(-0.335476333865,0.942048634316,0.));
#942 = ORIENTED_EDGE('',*,*,#943,.F.);
#943 = EDGE_CURVE('',#944,#936,#946,.T.);
#944 = VERTEX_POINT('',#945);
#945 = CARTESIAN_POINT('',(71.20552,-115.157287,0.));
#946 = LINE('',#947,#948);
#947 = CARTESIAN_POINT('',(71.20552,-115.157287,0.));
#948 = VECTOR('',#949,1.);
#949 = DIRECTION('',(-0.431296690206,0.902210155683,0.));
#950 = ORIENTED_EDGE('',*,*,#951,.F.);
#951 = EDGE_CURVE('',#952,#944,#954,.T.);
#952 = VERTEX_POINT('',#953);
#953 = CARTESIAN_POINT('',(71.269122,-115.243425,0.));
#954 = LINE('',#955,#956);
#955 = CARTESIAN_POINT('',(71.269122,-115.243425,0.));
#956 = VECTOR('',#957,1.);
#957 = DIRECTION('',(-0.593997095805,0.804467184026,0.));
#958 = ORIENTED_EDGE('',*,*,#959,.F.);
#959 = EDGE_CURVE('',#960,#952,#962,.T.);
#960 = VERTEX_POINT('',#961);
#961 = CARTESIAN_POINT('',(71.360337,-115.30232,0.));
#962 = LINE('',#963,#964);
#963 = CARTESIAN_POINT('',(71.360337,-115.30232,0.));
#964 = VECTOR('',#965,1.);
#965 = DIRECTION('',(-0.840101022316,0.542429969953,0.));
#966 = ORIENTED_EDGE('',*,*,#967,.F.);
#967 = EDGE_CURVE('',#968,#960,#970,.T.);
#968 = VERTEX_POINT('',#969);
#969 = CARTESIAN_POINT('',(71.412846,-115.318548,0.));
#970 = LINE('',#971,#972);
#971 = CARTESIAN_POINT('',(71.412846,-115.318548,0.));
#972 = VECTOR('',#973,1.);
#973 = DIRECTION('',(-0.955413187456,0.295272147747,0.));
#974 = ORIENTED_EDGE('',*,*,#975,.F.);
#975 = EDGE_CURVE('',#976,#968,#978,.T.);
#976 = VERTEX_POINT('',#977);
#977 = CARTESIAN_POINT('',(71.46832,-115.32493,0.));
#978 = LINE('',#979,#980);
#979 = CARTESIAN_POINT('',(71.46832,-115.32493,0.));
#980 = VECTOR('',#981,1.);
#981 = DIRECTION('',(-0.993447311074,0.114291032542,0.));
#982 = ORIENTED_EDGE('',*,*,#983,.F.);
#983 = EDGE_CURVE('',#984,#976,#986,.T.);
#984 = VERTEX_POINT('',#985);
#985 = CARTESIAN_POINT('',(71.474776,-115.324999,0.));
#986 = LINE('',#987,#988);
#987 = CARTESIAN_POINT('',(71.474776,-115.324999,0.));
#988 = VECTOR('',#989,1.);
#989 = DIRECTION('',(-0.999942891081,1.06871219788E-02,0.));
#990 = ORIENTED_EDGE('',*,*,#991,.F.);
#991 = EDGE_CURVE('',#992,#984,#994,.T.);
#992 = VERTEX_POINT('',#993);
#993 = CARTESIAN_POINT('',(105.049994,-115.324999,0.));
#994 = LINE('',#995,#996);
#995 = CARTESIAN_POINT('',(105.049994,-115.324999,0.));
#996 = VECTOR('',#997,1.);
#997 = DIRECTION('',(-1.,0.,0.));
#998 = ORIENTED_EDGE('',*,*,#999,.F.);
#999 = EDGE_CURVE('',#1000,#992,#1002,.T.);
#1000 = VERTEX_POINT('',#1001);
#1001 = CARTESIAN_POINT('',(105.39408,-115.305212,0.));
#1002 = LINE('',#1003,#1004);
#1003 = CARTESIAN_POINT('',(105.39408,-115.305212,0.));
#1004 = VECTOR('',#1005,1.);
#1005 = DIRECTION('',(-0.99835062124,-5.741112321481E-02,0.));
#1006 = ORIENTED_EDGE('',*,*,#1007,.F.);
#1007 = EDGE_CURVE('',#1008,#1000,#1010,.T.);
#1008 = VERTEX_POINT('',#1009);
#1009 = CARTESIAN_POINT('',(105.73393,-115.246008,0.));
#1010 = LINE('',#1011,#1012);
#1011 = CARTESIAN_POINT('',(105.73393,-115.246008,0.));
#1012 = VECTOR('',#1013,1.);
#1013 = DIRECTION('',(-0.985162950967,-0.171621560539,0.));
#1014 = ORIENTED_EDGE('',*,*,#1015,.F.);
#1015 = EDGE_CURVE('',#1016,#1008,#1018,.T.);
#1016 = VERTEX_POINT('',#1017);
#1017 = CARTESIAN_POINT('',(106.065318,-115.147963,0.));
#1018 = LINE('',#1019,#1020);
#1019 = CARTESIAN_POINT('',(106.065318,-115.147963,0.));
#1020 = VECTOR('',#1021,1.);
#1021 = DIRECTION('',(-0.958911562461,-0.283705155713,0.));
#1022 = ORIENTED_EDGE('',*,*,#1023,.F.);
#1023 = EDGE_CURVE('',#1024,#1016,#1026,.T.);
#1024 = VERTEX_POINT('',#1025);
#1025 = CARTESIAN_POINT('',(106.383811,-115.012182,0.));
#1026 = LINE('',#1027,#1028);
#1027 = CARTESIAN_POINT('',(106.383811,-115.012182,0.));
#1028 = VECTOR('',#1029,1.);
#1029 = DIRECTION('',(-0.919892127336,-0.392171485533,0.));
#1030 = ORIENTED_EDGE('',*,*,#1031,.F.);
#1031 = EDGE_CURVE('',#1032,#1024,#1034,.T.);
#1032 = VERTEX_POINT('',#1033);
#1033 = CARTESIAN_POINT('',(106.536757,-114.930682,0.));
#1034 = LINE('',#1035,#1036);
#1035 = CARTESIAN_POINT('',(106.536757,-114.930682,0.));
#1036 = VECTOR('',#1037,1.);
#1037 = DIRECTION('',(-0.882523472405,-0.47026834962,0.));
#1038 = ORIENTED_EDGE('',*,*,#1039,.F.);
#1039 = EDGE_CURVE('',#1040,#1032,#1042,.T.);
#1040 = VERTEX_POINT('',#1041);
#1041 = CARTESIAN_POINT('',(106.684994,-114.840322,0.));
#1042 = LINE('',#1043,#1044);
#1043 = CARTESIAN_POINT('',(106.684994,-114.840322,0.));
#1044 = VECTOR('',#1045,1.);
#1045 = DIRECTION('',(-0.853868918835,-0.520488106923,0.));
#1046 = ORIENTED_EDGE('',*,*,#1047,.F.);
#1047 = EDGE_CURVE('',#1048,#1040,#1050,.T.);
#1048 = VERTEX_POINT('',#1049);
#1049 = CARTESIAN_POINT('',(106.827587,-114.741659,0.));
#1050 = LINE('',#1051,#1052);
#1051 = CARTESIAN_POINT('',(106.827587,-114.741659,0.));
#1052 = VECTOR('',#1053,1.);
#1053 = DIRECTION('',(-0.822341230207,-0.568994640662,0.));
#1054 = ORIENTED_EDGE('',*,*,#1055,.F.);
#1055 = EDGE_CURVE('',#1056,#1048,#1058,.T.);
#1056 = VERTEX_POINT('',#1057);
#1057 = CARTESIAN_POINT('',(106.964699,-114.634536,0.));
#1058 = LINE('',#1059,#1060);
#1059 = CARTESIAN_POINT('',(106.964699,-114.634536,0.));
#1060 = VECTOR('',#1061,1.);
#1061 = DIRECTION('',(-0.788012523645,-0.615659209773,0.));
#1062 = ORIENTED_EDGE('',*,*,#1063,.F.);
#1063 = EDGE_CURVE('',#1064,#1056,#1066,.T.);
#1064 = VERTEX_POINT('',#1065);
#1065 = CARTESIAN_POINT('',(107.171316,-114.446319,0.));
#1066 = LINE('',#1067,#1068);
#1067 = CARTESIAN_POINT('',(107.171316,-114.446319,0.));
#1068 = VECTOR('',#1069,1.);
#1069 = DIRECTION('',(-0.739256975311,-0.673423436223,0.));
#1070 = ORIENTED_EDGE('',*,*,#1071,.F.);
#1071 = EDGE_CURVE('',#1072,#1064,#1074,.T.);
#1072 = VERTEX_POINT('',#1073);
#1073 = CARTESIAN_POINT('',(107.400629,-114.189022,0.));
#1074 = LINE('',#1075,#1076);
#1075 = CARTESIAN_POINT('',(107.400629,-114.189022,0.));
#1076 = VECTOR('',#1077,1.);
#1077 = DIRECTION('',(-0.665343141895,-0.746537677236,0.));
#1078 = ORIENTED_EDGE('',*,*,#1079,.F.);
#1079 = EDGE_CURVE('',#1080,#1072,#1082,.T.);
#1080 = VERTEX_POINT('',#1081);
#1081 = CARTESIAN_POINT('',(107.599076,-113.906848,0.));
#1082 = LINE('',#1083,#1084);
#1083 = CARTESIAN_POINT('',(107.599076,-113.906848,0.));
#1084 = VECTOR('',#1085,1.);
#1085 = DIRECTION('',(-0.575260948575,-0.817969951187,0.));
#1086 = ORIENTED_EDGE('',*,*,#1087,.F.);
#1087 = EDGE_CURVE('',#1088,#1080,#1090,.T.);
#1088 = VERTEX_POINT('',#1089);
#1089 = CARTESIAN_POINT('',(107.764074,-113.603193,0.));
#1090 = LINE('',#1091,#1092);
#1091 = CARTESIAN_POINT('',(107.764074,-113.603193,0.));
#1092 = VECTOR('',#1093,1.);
#1093 = DIRECTION('',(-0.47744207934,-0.878663223809,0.));
#1094 = ORIENTED_EDGE('',*,*,#1095,.F.);
#1095 = EDGE_CURVE('',#1096,#1088,#1098,.T.);
#1096 = VERTEX_POINT('',#1097);
#1097 = CARTESIAN_POINT('',(107.893271,-113.281971,0.));
#1098 = LINE('',#1099,#1100);
#1099 = CARTESIAN_POINT('',(107.893271,-113.281971,0.));
#1100 = VECTOR('',#1101,1.);
#1101 = DIRECTION('',(-0.373153333472,-0.927769685708,0.));
#1102 = ORIENTED_EDGE('',*,*,#1103,.F.);
#1103 = EDGE_CURVE('',#1104,#1096,#1106,.T.);
#1104 = VERTEX_POINT('',#1105);
#1105 = CARTESIAN_POINT('',(107.943791,-113.116193,0.));
#1106 = LINE('',#1107,#1108);
#1107 = CARTESIAN_POINT('',(107.943791,-113.116193,0.));
#1108 = VECTOR('',#1109,1.);
#1109 = DIRECTION('',(-0.291509224627,-0.956568017423,0.));
#1110 = ORIENTED_EDGE('',*,*,#1111,.F.);
#1111 = EDGE_CURVE('',#1112,#1104,#1114,.T.);
#1112 = VERTEX_POINT('',#1113);
#1113 = CARTESIAN_POINT('',(107.984716,-112.947479,0.));
#1114 = LINE('',#1115,#1116);
#1115 = CARTESIAN_POINT('',(107.984716,-112.947479,0.));
#1116 = VECTOR('',#1117,1.);
#1117 = DIRECTION('',(-0.23573405548,-0.971817603816,0.));
#1118 = ORIENTED_EDGE('',*,*,#1119,.F.);
#1119 = EDGE_CURVE('',#1120,#1112,#1122,.T.);
#1120 = VERTEX_POINT('',#1121);
#1121 = CARTESIAN_POINT('',(108.015779,-112.776886,0.));
#1122 = LINE('',#1123,#1124);
#1123 = CARTESIAN_POINT('',(108.015779,-112.776886,0.));
#1124 = VECTOR('',#1125,1.);
#1125 = DIRECTION('',(-0.179142736023,-0.98382309392,0.));
#1126 = ORIENTED_EDGE('',*,*,#1127,.F.);
#1127 = EDGE_CURVE('',#1128,#1120,#1130,.T.);
#1128 = VERTEX_POINT('',#1129);
#1129 = CARTESIAN_POINT('',(108.036985,-112.604186,0.));
#1130 = LINE('',#1131,#1132);
#1131 = CARTESIAN_POINT('',(108.036985,-112.604186,0.));
#1132 = VECTOR('',#1133,1.);
#1133 = DIRECTION('',(-0.121875607305,-0.992545382511,0.));
#1134 = ORIENTED_EDGE('',*,*,#1135,.F.);
#1135 = EDGE_CURVE('',#1136,#1128,#1138,.T.);
#1136 = VERTEX_POINT('',#1137);
#1137 = CARTESIAN_POINT('',(108.049995,-112.325,0.));
#1138 = LINE('',#1139,#1140);
#1139 = CARTESIAN_POINT('',(108.049995,-112.325,0.));
#1140 = VECTOR('',#1141,1.);
#1141 = DIRECTION('',(-4.65492435636E-02,-0.99891599643,0.));
#1142 = ORIENTED_EDGE('',*,*,#1143,.F.);
#1143 = EDGE_CURVE('',#1144,#1136,#1146,.T.);
#1144 = VERTEX_POINT('',#1145);
#1145 = CARTESIAN_POINT('',(108.049994,-84.324264,0.));
#1146 = LINE('',#1147,#1148);
#1147 = CARTESIAN_POINT('',(108.049994,-84.324264,0.));
#1148 = VECTOR('',#1149,1.);
#1149 = DIRECTION('',(3.571334687328E-08,-1.,0.));
#1150 = ORIENTED_EDGE('',*,*,#1151,.F.);
#1151 = EDGE_CURVE('',#1152,#1144,#1154,.T.);
#1152 = VERTEX_POINT('',#1153);
#1153 = CARTESIAN_POINT('',(108.030269,-83.980391,0.));
#1154 = LINE('',#1155,#1156);
#1155 = CARTESIAN_POINT('',(108.030269,-83.980391,0.));
#1156 = VECTOR('',#1157,1.);
#1157 = DIRECTION('',(5.726715706121E-02,-0.99835888974,0.));
#1158 = ORIENTED_EDGE('',*,*,#1159,.F.);
#1159 = EDGE_CURVE('',#1160,#1152,#1162,.T.);
#1160 = VERTEX_POINT('',#1161);
#1161 = CARTESIAN_POINT('',(107.971294,-83.641272,0.));
#1162 = LINE('',#1163,#1164);
#1163 = CARTESIAN_POINT('',(107.971294,-83.641272,0.));
#1164 = VECTOR('',#1165,1.);
#1165 = DIRECTION('',(0.171334921877,-0.985212842256,0.));
#1166 = ORIENTED_EDGE('',*,*,#1167,.F.);
#1167 = EDGE_CURVE('',#1168,#1160,#1170,.T.);
#1168 = VERTEX_POINT('',#1169);
#1169 = CARTESIAN_POINT('',(107.873641,-83.31069,0.));
#1170 = LINE('',#1171,#1172);
#1171 = CARTESIAN_POINT('',(107.873641,-83.31069,0.));
#1172 = VECTOR('',#1173,1.);
#1173 = DIRECTION('',(0.283295567379,-0.95903264882,0.));
#1174 = ORIENTED_EDGE('',*,*,#1175,.F.);
#1175 = EDGE_CURVE('',#1176,#1168,#1178,.T.);
#1176 = VERTEX_POINT('',#1177);
#1177 = CARTESIAN_POINT('',(107.738347,-82.992789,0.));
#1178 = LINE('',#1179,#1180);
#1179 = CARTESIAN_POINT('',(107.738347,-82.992789,0.));
#1180 = VECTOR('',#1181,1.);
#1181 = DIRECTION('',(0.391596772693,-0.920136928732,0.));
#1182 = ORIENTED_EDGE('',*,*,#1183,.F.);
#1183 = EDGE_CURVE('',#1184,#1176,#1186,.T.);
#1184 = VERTEX_POINT('',#1185);
#1185 = CARTESIAN_POINT('',(107.567021,-82.691901,0.));
#1186 = LINE('',#1187,#1188);
#1187 = CARTESIAN_POINT('',(107.567021,-82.691901,0.));
#1188 = VECTOR('',#1189,1.);
#1189 = DIRECTION('',(0.494810266468,-0.869001035786,0.));
#1190 = ORIENTED_EDGE('',*,*,#1191,.F.);
#1191 = EDGE_CURVE('',#1192,#1184,#1194,.T.);
#1192 = VERTEX_POINT('',#1193);
#1193 = CARTESIAN_POINT('',(107.468546,-82.549234,0.));
#1194 = LINE('',#1195,#1196);
#1195 = CARTESIAN_POINT('',(107.468546,-82.549234,0.));
#1196 = VECTOR('',#1197,1.);
#1197 = DIRECTION('',(0.568061152773,-0.822986346612,0.));
#1198 = ORIENTED_EDGE('',*,*,#1199,.F.);
#1199 = EDGE_CURVE('',#1200,#1192,#1202,.T.);
#1200 = VERTEX_POINT('',#1201);
#1201 = CARTESIAN_POINT('',(107.361853,-82.412312,0.));
#1202 = LINE('',#1203,#1204);
#1203 = CARTESIAN_POINT('',(107.361853,-82.412312,0.));
#1204 = VECTOR('',#1205,1.);
#1205 = DIRECTION('',(0.614651485384,-0.788798802937,0.));
#1206 = ORIENTED_EDGE('',*,*,#1207,.F.);
#1207 = EDGE_CURVE('',#1208,#1200,#1210,.T.);
#1208 = VERTEX_POINT('',#1209);
#1209 = CARTESIAN_POINT('',(107.247553,-82.281932,0.));
#1210 = LINE('',#1211,#1212);
#1211 = CARTESIAN_POINT('',(107.247553,-82.281932,0.));
#1212 = VECTOR('',#1213,1.);
#1213 = DIRECTION('',(0.659214777484,-0.751954704185,0.));
#1214 = ORIENTED_EDGE('',*,*,#1215,.F.);
#1215 = EDGE_CURVE('',#1216,#1208,#1218,.T.);
#1216 = VERTEX_POINT('',#1217);
#1217 = CARTESIAN_POINT('',(107.125538,-82.158026,0.));
#1218 = LINE('',#1219,#1220);
#1219 = CARTESIAN_POINT('',(107.125538,-82.158026,0.));
#1220 = VECTOR('',#1221,1.);
#1221 = DIRECTION('',(0.701648767821,-0.712522986728,0.));
#1222 = ORIENTED_EDGE('',*,*,#1223,.F.);
#1223 = EDGE_CURVE('',#1224,#1216,#1226,.T.);
#1224 = VERTEX_POINT('',#1225);
#1225 = CARTESIAN_POINT('',(106.996909,-82.041724,0.));
#1226 = LINE('',#1227,#1228);
#1227 = CARTESIAN_POINT('',(106.996909,-82.041724,0.));
#1228 = VECTOR('',#1229,1.);
#1229 = DIRECTION('',(0.741755554256,-0.670670334614,0.));
#1230 = ORIENTED_EDGE('',*,*,#1231,.F.);
#1231 = EDGE_CURVE('',#1232,#1224,#1234,.T.);
#1232 = VERTEX_POINT('',#1233);
#1233 = CARTESIAN_POINT('',(106.86111,-81.932565,0.));
#1234 = LINE('',#1235,#1236);
#1235 = CARTESIAN_POINT('',(106.86111,-81.932565,0.));
#1236 = VECTOR('',#1237,1.);
#1237 = DIRECTION('',(0.779411390303,-0.626512477662,0.));
#1238 = ORIENTED_EDGE('',*,*,#1239,.F.);
#1239 = EDGE_CURVE('',#1240,#1232,#1242,.T.);
#1240 = VERTEX_POINT('',#1241);
#1241 = CARTESIAN_POINT('',(106.719725,-81.831837,0.));
#1242 = LINE('',#1243,#1244);
#1243 = CARTESIAN_POINT('',(106.719725,-81.831837,0.));
#1244 = VECTOR('',#1245,1.);
#1245 = DIRECTION('',(0.814444746595,-0.580241117764,0.));
#1246 = ORIENTED_EDGE('',*,*,#1247,.F.);
#1247 = EDGE_CURVE('',#1248,#1240,#1250,.T.);
#1248 = VERTEX_POINT('',#1249);
#1249 = CARTESIAN_POINT('',(106.571734,-81.738854,0.));
#1250 = LINE('',#1251,#1252);
#1251 = CARTESIAN_POINT('',(106.571734,-81.738854,0.));
#1252 = VECTOR('',#1253,1.);
#1253 = DIRECTION('',(0.84673942773,-0.532007839724,0.));
#1254 = ORIENTED_EDGE('',*,*,#1255,.F.);
#1255 = EDGE_CURVE('',#1256,#1248,#1258,.T.);
#1256 = VERTEX_POINT('',#1257);
#1257 = CARTESIAN_POINT('',(106.511816,-81.704513,0.));
#1258 = LINE('',#1259,#1260);
#1259 = CARTESIAN_POINT('',(106.511816,-81.704513,0.));
#1260 = VECTOR('',#1261,1.);
#1261 = DIRECTION('',(0.867605311626,-0.497253479865,0.));
#1262 = ORIENTED_EDGE('',*,*,#1263,.F.);
#1263 = EDGE_CURVE('',#1264,#1256,#1266,.T.);
#1264 = VERTEX_POINT('',#1265);
#1265 = CARTESIAN_POINT('',(105.906843,-81.379897,0.));
#1266 = LINE('',#1267,#1268);
#1267 = CARTESIAN_POINT('',(105.906843,-81.379897,0.));
#1268 = VECTOR('',#1269,1.);
#1269 = DIRECTION('',(0.881162488172,-0.472813567317,0.));
#1270 = ORIENTED_EDGE('',*,*,#1271,.F.);
#1271 = EDGE_CURVE('',#1272,#1264,#1274,.T.);
#1272 = VERTEX_POINT('',#1273);
#1273 = CARTESIAN_POINT('',(105.498868,-81.175165,0.));
#1274 = LINE('',#1275,#1276);
#1275 = CARTESIAN_POINT('',(105.498868,-81.175165,0.));
#1276 = VECTOR('',#1277,1.);
#1277 = DIRECTION('',(0.893773832002,-0.448517934122,0.));
#1278 = ORIENTED_EDGE('',*,*,#1279,.F.);
#1279 = EDGE_CURVE('',#1280,#1272,#1282,.T.);
#1280 = VERTEX_POINT('',#1281);
#1281 = CARTESIAN_POINT('',(105.087538,-80.979915,0.));
#1282 = LINE('',#1283,#1284);
#1283 = CARTESIAN_POINT('',(105.087538,-80.979915,0.));
#1284 = VECTOR('',#1285,1.);
#1285 = DIRECTION('',(0.903389616284,-0.428820709842,0.));
#1286 = ORIENTED_EDGE('',*,*,#1287,.F.);
#1287 = EDGE_CURVE('',#1288,#1280,#1290,.T.);
#1288 = VERTEX_POINT('',#1289);
#1289 = CARTESIAN_POINT('',(104.254323,-80.617532,0.));
#1290 = LINE('',#1291,#1292);
#1291 = CARTESIAN_POINT('',(104.254323,-80.617532,0.));
#1292 = VECTOR('',#1293,1.);
#1293 = DIRECTION('',(0.917023524506,-0.39883311736,0.));
#1294 = ORIENTED_EDGE('',*,*,#1295,.F.);
#1295 = EDGE_CURVE('',#1296,#1288,#1298,.T.);
#1296 = VERTEX_POINT('',#1297);
#1297 = CARTESIAN_POINT('',(103.407045,-80.29255,0.));
#1298 = LINE('',#1299,#1300);
#1299 = CARTESIAN_POINT('',(103.407045,-80.29255,0.));
#1300 = VECTOR('',#1301,1.);
#1301 = DIRECTION('',(0.933675348232,-0.358120572019,0.));
#1302 = ORIENTED_EDGE('',*,*,#1303,.F.);
#1303 = EDGE_CURVE('',#1304,#1296,#1306,.T.);
#1304 = VERTEX_POINT('',#1305);
#1305 = CARTESIAN_POINT('',(102.545518,-80.004866,0.));
#1306 = LINE('',#1307,#1308);
#1307 = CARTESIAN_POINT('',(102.545518,-80.004866,0.));
#1308 = VECTOR('',#1309,1.);
#1309 = DIRECTION('',(0.94851526643,-0.316731415159,0.));
#1310 = ORIENTED_EDGE('',*,*,#1311,.F.);
#1311 = EDGE_CURVE('',#1312,#1304,#1314,.T.);
#1312 = VERTEX_POINT('',#1313);
#1313 = CARTESIAN_POINT('',(101.77124,-79.781425,0.));
#1314 = LINE('',#1315,#1316);
#1315 = CARTESIAN_POINT('',(101.77124,-79.781425,0.));
#1316 = VECTOR('',#1317,1.);
#1317 = DIRECTION('',(0.960793323683,-0.277265557122,0.));
#1318 = ORIENTED_EDGE('',*,*,#1319,.F.);
#1319 = EDGE_CURVE('',#1320,#1312,#1322,.T.);
#1320 = VERTEX_POINT('',#1321);
#1321 = CARTESIAN_POINT('',(99.631065,-79.22911,0.));
#1322 = LINE('',#1323,#1324);
#1323 = CARTESIAN_POINT('',(99.631065,-79.22911,0.));
#1324 = VECTOR('',#1325,1.);
#1325 = DIRECTION('',(0.968276034827,-0.249883013387,0.));
#1326 = ORIENTED_EDGE('',*,*,#1327,.F.);
#1327 = EDGE_CURVE('',#1328,#1320,#1330,.T.);
#1328 = VERTEX_POINT('',#1329);
#1329 = CARTESIAN_POINT('',(97.480809,-78.715496,0.));
#1330 = LINE('',#1331,#1332);
#1331 = CARTESIAN_POINT('',(97.480809,-78.715496,0.));
#1332 = VECTOR('',#1333,1.);
#1333 = DIRECTION('',(0.972637963585,-0.232326046307,0.));
#1334 = ORIENTED_EDGE('',*,*,#1335,.F.);
#1335 = EDGE_CURVE('',#1336,#1328,#1338,.T.);
#1336 = VERTEX_POINT('',#1337);
#1337 = CARTESIAN_POINT('',(96.665056,-78.531356,0.));
#1338 = LINE('',#1339,#1340);
#1339 = CARTESIAN_POINT('',(96.665056,-78.531356,0.));
#1340 = VECTOR('',#1341,1.);
#1341 = DIRECTION('',(0.975457002751,-0.220189999285,0.));
#1342 = ORIENTED_EDGE('',*,*,#1343,.F.);
#1343 = EDGE_CURVE('',#1344,#1336,#1346,.T.);
#1344 = VERTEX_POINT('',#1345);
#1345 = CARTESIAN_POINT('',(94.502263,-78.071393,0.));
#1346 = LINE('',#1347,#1348);
#1347 = CARTESIAN_POINT('',(94.502263,-78.071393,0.));
#1348 = VECTOR('',#1349,1.);
#1349 = DIRECTION('',(0.978124863059,-0.208018634417,0.));
#1350 = ORIENTED_EDGE('',*,*,#1351,.F.);
#1351 = EDGE_CURVE('',#1352,#1344,#1354,.T.);
#1352 = VERTEX_POINT('',#1353);
#1353 = CARTESIAN_POINT('',(93.417132,-77.855951,0.));
#1354 = LINE('',#1355,#1356);
#1355 = CARTESIAN_POINT('',(93.417132,-77.855951,0.));
#1356 = VECTOR('',#1357,1.);
#1357 = DIRECTION('',(0.980855087069,-0.194739051477,0.));
#1358 = ORIENTED_EDGE('',*,*,#1359,.F.);
#1359 = EDGE_CURVE('',#120,#1352,#1360,.T.);
#1360 = LINE('',#1361,#1362);
#1361 = CARTESIAN_POINT('',(92.330094,-77.650325,0.));
#1362 = VECTOR('',#1363,1.);
#1363 = DIRECTION('',(0.982575171551,-0.18586562956,0.));
#1364 = ORIENTED_EDGE('',*,*,#127,.F.);
#1365 = FACE_BOUND('',#1366,.F.);
#1366 = EDGE_LOOP('',(#1367));
#1367 = ORIENTED_EDGE('',*,*,#1368,.T.);
#1368 = EDGE_CURVE('',#1369,#1369,#1371,.T.);
#1369 = VERTEX_POINT('',#1370);
#1370 = CARTESIAN_POINT('',(44.65,-101.3,0.));
#1371 = CIRCLE('',#1372,0.5);
#1372 = AXIS2_PLACEMENT_3D('',#1373,#1374,#1375);
#1373 = CARTESIAN_POINT('',(44.65,-100.8,0.));
#1374 = DIRECTION('',(-0.,0.,-1.));
#1375 = DIRECTION('',(-0.,-1.,0.));
#1376 = FACE_BOUND('',#1377,.F.);
#1377 = EDGE_LOOP('',(#1378));
#1378 = ORIENTED_EDGE('',*,*,#1379,.T.);
#1379 = EDGE_CURVE('',#1380,#1380,#1382,.T.);
#1380 = VERTEX_POINT('',#1381);
#1381 = CARTESIAN_POINT('',(47.75,-101.35,0.));
#1382 = CIRCLE('',#1383,0.5);
#1383 = AXIS2_PLACEMENT_3D('',#1384,#1385,#1386);
#1384 = CARTESIAN_POINT('',(47.75,-100.85,0.));
#1385 = DIRECTION('',(-0.,0.,-1.));
#1386 = DIRECTION('',(-0.,-1.,0.));
#1387 = FACE_BOUND('',#1388,.F.);
#1388 = EDGE_LOOP('',(#1389));
#1389 = ORIENTED_EDGE('',*,*,#1390,.T.);
#1390 = EDGE_CURVE('',#1391,#1391,#1393,.T.);
#1391 = VERTEX_POINT('',#1392);
#1392 = CARTESIAN_POINT('',(80.7,-105.9191,0.));
#1393 = CIRCLE('',#1394,0.5);
#1394 = AXIS2_PLACEMENT_3D('',#1395,#1396,#1397);
#1395 = CARTESIAN_POINT('',(80.7,-105.4191,0.));
#1396 = DIRECTION('',(-0.,0.,-1.));
#1397 = DIRECTION('',(-0.,-1.,0.));
#1398 = FACE_BOUND('',#1399,.F.);
#1399 = EDGE_LOOP('',(#1400));
#1400 = ORIENTED_EDGE('',*,*,#1401,.T.);
#1401 = EDGE_CURVE('',#1402,#1402,#1404,.T.);
#1402 = VERTEX_POINT('',#1403);
#1403 = CARTESIAN_POINT('',(80.8,-103.025,0.));
#1404 = CIRCLE('',#1405,0.5);
#1405 = AXIS2_PLACEMENT_3D('',#1406,#1407,#1408);
#1406 = CARTESIAN_POINT('',(80.8,-102.525,0.));
#1407 = DIRECTION('',(-0.,0.,-1.));
#1408 = DIRECTION('',(-0.,-1.,0.));
#1409 = FACE_BOUND('',#1410,.F.);
#1410 = EDGE_LOOP('',(#1411,#1421,#1429,#1437,#1445,#1453,#1461,#1469,
    #1477,#1485,#1493,#1501,#1509,#1517,#1525,#1533,#1541,#1549,#1557,
    #1565,#1573,#1581,#1589,#1597,#1605,#1613,#1621,#1629,#1637,#1645,
    #1653,#1661,#1669,#1677,#1685,#1693,#1701,#1709,#1717,#1725,#1733,
    #1741,#1749,#1757,#1765,#1773,#1781,#1789));
#1411 = ORIENTED_EDGE('',*,*,#1412,.F.);
#1412 = EDGE_CURVE('',#1413,#1415,#1417,.T.);
#1413 = VERTEX_POINT('',#1414);
#1414 = CARTESIAN_POINT('',(69.812721,-88.444604,0.));
#1415 = VERTEX_POINT('',#1416);
#1416 = CARTESIAN_POINT('',(69.575465,-88.503742,0.));
#1417 = LINE('',#1418,#1419);
#1418 = CARTESIAN_POINT('',(69.812721,-88.444604,0.));
#1419 = VECTOR('',#1420,1.);
#1420 = DIRECTION('',(-0.970311626313,-0.241858115103,0.));
#1421 = ORIENTED_EDGE('',*,*,#1422,.F.);
#1422 = EDGE_CURVE('',#1423,#1413,#1425,.T.);
#1423 = VERTEX_POINT('',#1424);
#1424 = CARTESIAN_POINT('',(70.049998,-88.425,0.));
#1425 = LINE('',#1426,#1427);
#1426 = CARTESIAN_POINT('',(70.049998,-88.425,0.));
#1427 = VECTOR('',#1428,1.);
#1428 = DIRECTION('',(-0.996604282117,-8.234017771056E-02,0.));
#1429 = ORIENTED_EDGE('',*,*,#1430,.F.);
#1430 = EDGE_CURVE('',#1431,#1423,#1433,.T.);
#1431 = VERTEX_POINT('',#1432);
#1432 = CARTESIAN_POINT('',(70.247648,-88.438615,0.));
#1433 = LINE('',#1434,#1435);
#1434 = CARTESIAN_POINT('',(70.247648,-88.438615,0.));
#1435 = VECTOR('',#1436,1.);
#1436 = DIRECTION('',(-0.997635880394,6.872154066058E-02,0.));
#1437 = ORIENTED_EDGE('',*,*,#1438,.F.);
#1438 = EDGE_CURVE('',#1439,#1431,#1441,.T.);
#1439 = VERTEX_POINT('',#1440);
#1440 = CARTESIAN_POINT('',(70.36946,-88.460521,0.));
#1441 = LINE('',#1442,#1443);
#1442 = CARTESIAN_POINT('',(70.36946,-88.460521,0.));
#1443 = VECTOR('',#1444,1.);
#1444 = DIRECTION('',(-0.98421171101,0.176995220023,0.));
#1445 = ORIENTED_EDGE('',*,*,#1446,.F.);
#1446 = EDGE_CURVE('',#1447,#1439,#1449,.T.);
#1447 = VERTEX_POINT('',#1448);
#1448 = CARTESIAN_POINT('',(70.489188,-88.492333,0.));
#1449 = LINE('',#1450,#1451);
#1450 = CARTESIAN_POINT('',(70.489188,-88.492333,0.));
#1451 = VECTOR('',#1452,1.);
#1452 = DIRECTION('',(-0.966466597962,0.256792357798,0.));
#1453 = ORIENTED_EDGE('',*,*,#1454,.F.);
#1454 = EDGE_CURVE('',#1455,#1447,#1457,.T.);
#1455 = VERTEX_POINT('',#1456);
#1456 = CARTESIAN_POINT('',(70.719434,-88.584474,0.));
#1457 = LINE('',#1458,#1459);
#1458 = CARTESIAN_POINT('',(70.719434,-88.584474,0.));
#1459 = VECTOR('',#1460,1.);
#1460 = DIRECTION('',(-0.928417446203,0.371538753814,0.));
#1461 = ORIENTED_EDGE('',*,*,#1462,.F.);
#1462 = EDGE_CURVE('',#1463,#1455,#1465,.T.);
#1463 = VERTEX_POINT('',#1464);
#1464 = CARTESIAN_POINT('',(70.929017,-88.710424,0.));
#1465 = LINE('',#1466,#1467);
#1466 = CARTESIAN_POINT('',(70.929017,-88.710424,0.));
#1467 = VECTOR('',#1468,1.);
#1468 = DIRECTION('',(-0.85713149768,0.515097656455,0.));
#1469 = ORIENTED_EDGE('',*,*,#1470,.F.);
#1470 = EDGE_CURVE('',#1471,#1463,#1473,.T.);
#1471 = VERTEX_POINT('',#1472);
#1472 = CARTESIAN_POINT('',(71.110659,-88.864341,0.));
#1473 = LINE('',#1474,#1475);
#1474 = CARTESIAN_POINT('',(71.110659,-88.864341,0.));
#1475 = VECTOR('',#1476,1.);
#1476 = DIRECTION('',(-0.762930606877,0.646480385696,0.));
#1477 = ORIENTED_EDGE('',*,*,#1478,.F.);
#1478 = EDGE_CURVE('',#1479,#1471,#1481,.T.);
#1479 = VERTEX_POINT('',#1480);
#1480 = CARTESIAN_POINT('',(71.24079,-89.013727,0.));
#1481 = LINE('',#1482,#1483);
#1482 = CARTESIAN_POINT('',(71.24079,-89.013727,0.));
#1483 = VECTOR('',#1484,1.);
#1484 = DIRECTION('',(-0.656839906385,0.754030063976,0.));
#1485 = ORIENTED_EDGE('',*,*,#1486,.F.);
#1486 = EDGE_CURVE('',#1487,#1479,#1489,.T.);
#1487 = VERTEX_POINT('',#1488);
#1488 = CARTESIAN_POINT('',(71.311435,-89.115351,0.));
#1489 = LINE('',#1490,#1491);
#1490 = CARTESIAN_POINT('',(71.311435,-89.115351,0.));
#1491 = VECTOR('',#1492,1.);
#1492 = DIRECTION('',(-0.570792453031,0.821094376769,0.));
#1493 = ORIENTED_EDGE('',*,*,#1494,.F.);
#1494 = EDGE_CURVE('',#1495,#1487,#1497,.T.);
#1495 = VERTEX_POINT('',#1496);
#1496 = CARTESIAN_POINT('',(71.3736,-89.222506,0.));
#1497 = LINE('',#1498,#1499);
#1498 = CARTESIAN_POINT('',(71.3736,-89.222506,0.));
#1499 = VECTOR('',#1500,1.);
#1500 = DIRECTION('',(-0.501809295048,0.864978283775,0.));
#1501 = ORIENTED_EDGE('',*,*,#1502,.F.);
#1502 = EDGE_CURVE('',#1503,#1495,#1505,.T.);
#1503 = VERTEX_POINT('',#1504);
#1504 = CARTESIAN_POINT('',(71.471256,-89.450468,0.));
#1505 = LINE('',#1506,#1507);
#1506 = CARTESIAN_POINT('',(71.471256,-89.450468,0.));
#1507 = VECTOR('',#1508,1.);
#1508 = DIRECTION('',(-0.393776217432,0.919206337329,0.));
#1509 = ORIENTED_EDGE('',*,*,#1510,.F.);
#1510 = EDGE_CURVE('',#1511,#1503,#1513,.T.);
#1511 = VERTEX_POINT('',#1512);
#1512 = CARTESIAN_POINT('',(71.530394,-89.687725,0.));
#1513 = LINE('',#1514,#1515);
#1514 = CARTESIAN_POINT('',(71.530394,-89.687725,0.));
#1515 = VECTOR('',#1516,1.);
#1516 = DIRECTION('',(-0.24185715534,0.970311865542,0.));
#1517 = ORIENTED_EDGE('',*,*,#1518,.F.);
#1518 = EDGE_CURVE('',#1519,#1511,#1521,.T.);
#1519 = VERTEX_POINT('',#1520);
#1520 = CARTESIAN_POINT('',(71.549998,-89.925,0.));
#1521 = LINE('',#1522,#1523);
#1522 = CARTESIAN_POINT('',(71.549998,-89.925,0.));
#1523 = VECTOR('',#1524,1.);
#1524 = DIRECTION('',(-8.234086705341E-02,0.996604225163,0.));
#1525 = ORIENTED_EDGE('',*,*,#1526,.F.);
#1526 = EDGE_CURVE('',#1527,#1519,#1529,.T.);
#1527 = VERTEX_POINT('',#1528);
#1528 = CARTESIAN_POINT('',(71.536383,-90.122647,0.));
#1529 = LINE('',#1530,#1531);
#1530 = CARTESIAN_POINT('',(71.536383,-90.122647,0.));
#1531 = VECTOR('',#1532,1.);
#1532 = DIRECTION('',(6.872257882942E-02,0.99763580888,0.));
#1533 = ORIENTED_EDGE('',*,*,#1534,.F.);
#1534 = EDGE_CURVE('',#1535,#1527,#1537,.T.);
#1535 = VERTEX_POINT('',#1536);
#1536 = CARTESIAN_POINT('',(71.514478,-90.24446,0.));
#1537 = LINE('',#1538,#1539);
#1538 = CARTESIAN_POINT('',(71.514478,-90.24446,0.));
#1539 = VECTOR('',#1540,1.);
#1540 = DIRECTION('',(0.176985985932,0.984213371573,0.));
#1541 = ORIENTED_EDGE('',*,*,#1542,.F.);
#1542 = EDGE_CURVE('',#1543,#1535,#1545,.T.);
#1543 = VERTEX_POINT('',#1544);
#1544 = CARTESIAN_POINT('',(71.482666,-90.364188,0.));
#1545 = LINE('',#1546,#1547);
#1546 = CARTESIAN_POINT('',(71.482666,-90.364188,0.));
#1547 = VECTOR('',#1548,1.);
#1548 = DIRECTION('',(0.256792357798,0.966466597962,0.));
#1549 = ORIENTED_EDGE('',*,*,#1550,.F.);
#1550 = EDGE_CURVE('',#1551,#1543,#1553,.T.);
#1551 = VERTEX_POINT('',#1552);
#1552 = CARTESIAN_POINT('',(71.390525,-90.594434,0.));
#1553 = LINE('',#1554,#1555);
#1554 = CARTESIAN_POINT('',(71.390525,-90.594434,0.));
#1555 = VECTOR('',#1556,1.);
#1556 = DIRECTION('',(0.371538753814,0.928417446203,0.));
#1557 = ORIENTED_EDGE('',*,*,#1558,.F.);
#1558 = EDGE_CURVE('',#1559,#1551,#1561,.T.);
#1559 = VERTEX_POINT('',#1560);
#1560 = CARTESIAN_POINT('',(71.264576,-90.804018,0.));
#1561 = LINE('',#1562,#1563);
#1562 = CARTESIAN_POINT('',(71.264576,-90.804018,0.));
#1563 = VECTOR('',#1564,1.);
#1564 = DIRECTION('',(0.515092846227,0.857134388393,0.));
#1565 = ORIENTED_EDGE('',*,*,#1566,.F.);
#1566 = EDGE_CURVE('',#1567,#1559,#1569,.T.);
#1567 = VERTEX_POINT('',#1568);
#1568 = CARTESIAN_POINT('',(71.110659,-90.98566,0.));
#1569 = LINE('',#1570,#1571);
#1570 = CARTESIAN_POINT('',(71.110659,-90.98566,0.));
#1571 = VECTOR('',#1572,1.);
#1572 = DIRECTION('',(0.646480385697,0.762930606877,0.));
#1573 = ORIENTED_EDGE('',*,*,#1574,.F.);
#1574 = EDGE_CURVE('',#1575,#1567,#1577,.T.);
#1575 = VERTEX_POINT('',#1576);
#1576 = CARTESIAN_POINT('',(70.961273,-91.115791,0.));
#1577 = LINE('',#1578,#1579);
#1578 = CARTESIAN_POINT('',(70.961273,-91.115791,0.));
#1579 = VECTOR('',#1580,1.);
#1580 = DIRECTION('',(0.754030063976,0.656839906385,0.));
#1581 = ORIENTED_EDGE('',*,*,#1582,.F.);
#1582 = EDGE_CURVE('',#1583,#1575,#1585,.T.);
#1583 = VERTEX_POINT('',#1584);
#1584 = CARTESIAN_POINT('',(70.859649,-91.186436,0.));
#1585 = LINE('',#1586,#1587);
#1586 = CARTESIAN_POINT('',(70.859649,-91.186436,0.));
#1587 = VECTOR('',#1588,1.);
#1588 = DIRECTION('',(0.821094376769,0.570792453031,0.));
#1589 = ORIENTED_EDGE('',*,*,#1590,.F.);
#1590 = EDGE_CURVE('',#1591,#1583,#1593,.T.);
#1591 = VERTEX_POINT('',#1592);
#1592 = CARTESIAN_POINT('',(70.752494,-91.248602,0.));
#1593 = LINE('',#1594,#1595);
#1594 = CARTESIAN_POINT('',(70.752494,-91.248602,0.));
#1595 = VECTOR('',#1596,1.);
#1596 = DIRECTION('',(0.86497477999,0.501815334542,0.));
#1597 = ORIENTED_EDGE('',*,*,#1598,.F.);
#1598 = EDGE_CURVE('',#1599,#1591,#1601,.T.);
#1599 = VERTEX_POINT('',#1600);
#1600 = CARTESIAN_POINT('',(70.524531,-91.346257,0.));
#1601 = LINE('',#1602,#1603);
#1602 = CARTESIAN_POINT('',(70.524531,-91.346257,0.));
#1603 = VECTOR('',#1604,1.);
#1604 = DIRECTION('',(0.919208422085,0.393771350872,0.));
#1605 = ORIENTED_EDGE('',*,*,#1606,.F.);
#1606 = EDGE_CURVE('',#1607,#1599,#1609,.T.);
#1607 = VERTEX_POINT('',#1608);
#1608 = CARTESIAN_POINT('',(70.287274,-91.405396,0.));
#1609 = LINE('',#1610,#1611);
#1610 = CARTESIAN_POINT('',(70.287274,-91.405396,0.));
#1611 = VECTOR('',#1612,1.);
#1612 = DIRECTION('',(0.970310905775,0.241861005815,0.));
#1613 = ORIENTED_EDGE('',*,*,#1614,.F.);
#1614 = EDGE_CURVE('',#1615,#1607,#1617,.T.);
#1615 = VERTEX_POINT('',#1616);
#1616 = CARTESIAN_POINT('',(70.049998,-91.425,0.));
#1617 = LINE('',#1618,#1619);
#1618 = CARTESIAN_POINT('',(70.049998,-91.425,0.));
#1619 = VECTOR('',#1620,1.);
#1620 = DIRECTION('',(0.99660425364,8.234052238055E-02,0.));
#1621 = ORIENTED_EDGE('',*,*,#1622,.F.);
#1622 = EDGE_CURVE('',#1623,#1615,#1625,.T.);
#1623 = VERTEX_POINT('',#1624);
#1624 = CARTESIAN_POINT('',(69.852348,-91.411385,0.));
#1625 = LINE('',#1626,#1627);
#1626 = CARTESIAN_POINT('',(69.852348,-91.411385,0.));
#1627 = VECTOR('',#1628,1.);
#1628 = DIRECTION('',(0.997635880394,-6.872154066058E-02,0.));
#1629 = ORIENTED_EDGE('',*,*,#1630,.F.);
#1630 = EDGE_CURVE('',#1631,#1623,#1633,.T.);
#1631 = VERTEX_POINT('',#1632);
#1632 = CARTESIAN_POINT('',(69.730535,-91.389479,0.));
#1633 = LINE('',#1634,#1635);
#1634 = CARTESIAN_POINT('',(69.730535,-91.389479,0.));
#1635 = VECTOR('',#1636,1.);
#1636 = DIRECTION('',(0.984211964124,-0.176993812533,0.));
#1637 = ORIENTED_EDGE('',*,*,#1638,.F.);
#1638 = EDGE_CURVE('',#1639,#1631,#1641,.T.);
#1639 = VERTEX_POINT('',#1640);
#1640 = CARTESIAN_POINT('',(69.610808,-91.357667,0.));
#1641 = LINE('',#1642,#1643);
#1642 = CARTESIAN_POINT('',(69.610808,-91.357667,0.));
#1643 = VECTOR('',#1644,1.);
#1644 = DIRECTION('',(0.966466065658,-0.256794361177,0.));
#1645 = ORIENTED_EDGE('',*,*,#1646,.F.);
#1646 = EDGE_CURVE('',#1647,#1639,#1649,.T.);
#1647 = VERTEX_POINT('',#1648);
#1648 = CARTESIAN_POINT('',(69.380562,-91.265527,0.));
#1649 = LINE('',#1650,#1651);
#1650 = CARTESIAN_POINT('',(69.380562,-91.265527,0.));
#1651 = VECTOR('',#1652,1.);
#1652 = DIRECTION('',(0.928418837107,-0.371535278142,0.));
#1653 = ORIENTED_EDGE('',*,*,#1654,.F.);
#1654 = EDGE_CURVE('',#1655,#1647,#1657,.T.);
#1655 = VERTEX_POINT('',#1656);
#1656 = CARTESIAN_POINT('',(69.170979,-91.139578,0.));
#1657 = LINE('',#1658,#1659);
#1658 = CARTESIAN_POINT('',(69.170979,-91.139578,0.));
#1659 = VECTOR('',#1660,1.);
#1660 = DIRECTION('',(0.857133303307,-0.515094651848,0.));
#1661 = ORIENTED_EDGE('',*,*,#1662,.F.);
#1662 = EDGE_CURVE('',#1663,#1655,#1665,.T.);
#1663 = VERTEX_POINT('',#1664);
#1664 = CARTESIAN_POINT('',(68.989337,-90.98566,0.));
#1665 = LINE('',#1666,#1667);
#1666 = CARTESIAN_POINT('',(68.989337,-90.98566,0.));
#1667 = VECTOR('',#1668,1.);
#1668 = DIRECTION('',(0.762928535263,-0.646482830461,0.));
#1669 = ORIENTED_EDGE('',*,*,#1670,.F.);
#1670 = EDGE_CURVE('',#1671,#1663,#1673,.T.);
#1671 = VERTEX_POINT('',#1672);
#1672 = CARTESIAN_POINT('',(68.859206,-90.836274,0.));
#1673 = LINE('',#1674,#1675);
#1674 = CARTESIAN_POINT('',(68.859206,-90.836274,0.));
#1675 = VECTOR('',#1676,1.);
#1676 = DIRECTION('',(0.656839906385,-0.754030063976,0.));
#1677 = ORIENTED_EDGE('',*,*,#1678,.F.);
#1678 = EDGE_CURVE('',#1679,#1671,#1681,.T.);
#1679 = VERTEX_POINT('',#1680);
#1680 = CARTESIAN_POINT('',(68.788561,-90.734649,0.));
#1681 = LINE('',#1682,#1683);
#1682 = CARTESIAN_POINT('',(68.788561,-90.734649,0.));
#1683 = VECTOR('',#1684,1.);
#1684 = DIRECTION('',(0.570788666288,-0.821097009151,0.));
#1685 = ORIENTED_EDGE('',*,*,#1686,.F.);
#1686 = EDGE_CURVE('',#1687,#1679,#1689,.T.);
#1687 = VERTEX_POINT('',#1688);
#1688 = CARTESIAN_POINT('',(68.726396,-90.627494,0.));
#1689 = LINE('',#1690,#1691);
#1690 = CARTESIAN_POINT('',(68.726396,-90.627494,0.));
#1691 = VECTOR('',#1692,1.);
#1692 = DIRECTION('',(0.501809295048,-0.864978283775,0.));
#1693 = ORIENTED_EDGE('',*,*,#1694,.F.);
#1694 = EDGE_CURVE('',#1695,#1687,#1697,.T.);
#1695 = VERTEX_POINT('',#1696);
#1696 = CARTESIAN_POINT('',(68.62874,-90.399531,0.));
#1697 = LINE('',#1698,#1699);
#1698 = CARTESIAN_POINT('',(68.62874,-90.399531,0.));
#1699 = VECTOR('',#1700,1.);
#1700 = DIRECTION('',(0.393774757907,-0.919206962569,0.));
#1701 = ORIENTED_EDGE('',*,*,#1702,.F.);
#1702 = EDGE_CURVE('',#1703,#1695,#1705,.T.);
#1703 = VERTEX_POINT('',#1704);
#1704 = CARTESIAN_POINT('',(68.569602,-90.162275,0.));
#1705 = LINE('',#1706,#1707);
#1706 = CARTESIAN_POINT('',(68.569602,-90.162275,0.));
#1707 = VECTOR('',#1708,1.);
#1708 = DIRECTION('',(0.241858115103,-0.970311626313,0.));
#1709 = ORIENTED_EDGE('',*,*,#1710,.F.);
#1710 = EDGE_CURVE('',#1711,#1703,#1713,.T.);
#1711 = VERTEX_POINT('',#1712);
#1712 = CARTESIAN_POINT('',(68.549998,-89.925,0.));
#1713 = LINE('',#1714,#1715);
#1714 = CARTESIAN_POINT('',(68.549998,-89.925,0.));
#1715 = VECTOR('',#1716,1.);
#1716 = DIRECTION('',(8.234086705341E-02,-0.996604225163,0.));
#1717 = ORIENTED_EDGE('',*,*,#1718,.F.);
#1718 = EDGE_CURVE('',#1719,#1711,#1721,.T.);
#1719 = VERTEX_POINT('',#1720);
#1720 = CARTESIAN_POINT('',(68.563613,-89.727357,0.));
#1721 = LINE('',#1722,#1723);
#1722 = CARTESIAN_POINT('',(68.563613,-89.727357,0.));
#1723 = VECTOR('',#1724,1.);
#1724 = DIRECTION('',(-6.872396310322E-02,-0.997635713522,0.));
#1725 = ORIENTED_EDGE('',*,*,#1726,.F.);
#1726 = EDGE_CURVE('',#1727,#1719,#1729,.T.);
#1727 = VERTEX_POINT('',#1728);
#1728 = CARTESIAN_POINT('',(68.585518,-89.605544,0.));
#1729 = LINE('',#1730,#1731);
#1730 = CARTESIAN_POINT('',(68.585518,-89.605544,0.));
#1731 = VECTOR('',#1732,1.);
#1732 = DIRECTION('',(-0.176985985932,-0.984213371573,0.));
#1733 = ORIENTED_EDGE('',*,*,#1734,.F.);
#1734 = EDGE_CURVE('',#1735,#1727,#1737,.T.);
#1735 = VERTEX_POINT('',#1736);
#1736 = CARTESIAN_POINT('',(68.61733,-89.485816,0.));
#1737 = LINE('',#1738,#1739);
#1738 = CARTESIAN_POINT('',(68.61733,-89.485816,0.));
#1739 = VECTOR('',#1740,1.);
#1740 = DIRECTION('',(-0.256792357798,-0.966466597962,0.));
#1741 = ORIENTED_EDGE('',*,*,#1742,.F.);
#1742 = EDGE_CURVE('',#1743,#1735,#1745,.T.);
#1743 = VERTEX_POINT('',#1744);
#1744 = CARTESIAN_POINT('',(68.709471,-89.255568,0.));
#1745 = LINE('',#1746,#1747);
#1746 = CARTESIAN_POINT('',(68.709471,-89.255568,0.));
#1747 = VECTOR('',#1748,1.);
#1748 = DIRECTION('',(-0.371535972016,-0.928418559432,0.));
#1749 = ORIENTED_EDGE('',*,*,#1750,.F.);
#1750 = EDGE_CURVE('',#1751,#1743,#1753,.T.);
#1751 = VERTEX_POINT('',#1752);
#1752 = CARTESIAN_POINT('',(68.83542,-89.045984,0.));
#1753 = LINE('',#1754,#1755);
#1754 = CARTESIAN_POINT('',(68.83542,-89.045984,0.));
#1755 = VECTOR('',#1756,1.);
#1756 = DIRECTION('',(-0.515092846227,-0.857134388393,0.));
#1757 = ORIENTED_EDGE('',*,*,#1758,.F.);
#1758 = EDGE_CURVE('',#1759,#1751,#1761,.T.);
#1759 = VERTEX_POINT('',#1760);
#1760 = CARTESIAN_POINT('',(68.989337,-88.864341,0.));
#1761 = LINE('',#1762,#1763);
#1762 = CARTESIAN_POINT('',(68.989337,-88.864341,0.));
#1763 = VECTOR('',#1764,1.);
#1764 = DIRECTION('',(-0.646478314085,-0.762932362282,0.));
#1765 = ORIENTED_EDGE('',*,*,#1766,.F.);
#1766 = EDGE_CURVE('',#1767,#1759,#1769,.T.);
#1767 = VERTEX_POINT('',#1768);
#1768 = CARTESIAN_POINT('',(69.138725,-88.734208,0.));
#1769 = LINE('',#1770,#1771);
#1770 = CARTESIAN_POINT('',(69.138725,-88.734208,0.));
#1771 = VECTOR('',#1772,1.);
#1772 = DIRECTION('',(-0.754029419533,-0.656840646184,0.));
#1773 = ORIENTED_EDGE('',*,*,#1774,.F.);
#1774 = EDGE_CURVE('',#1775,#1767,#1777,.T.);
#1775 = VERTEX_POINT('',#1776);
#1776 = CARTESIAN_POINT('',(69.240349,-88.663563,0.));
#1777 = LINE('',#1778,#1779);
#1778 = CARTESIAN_POINT('',(69.240349,-88.663563,0.));
#1779 = VECTOR('',#1780,1.);
#1780 = DIRECTION('',(-0.821094376769,-0.570792453031,0.));
#1781 = ORIENTED_EDGE('',*,*,#1782,.F.);
#1782 = EDGE_CURVE('',#1783,#1775,#1785,.T.);
#1783 = VERTEX_POINT('',#1784);
#1784 = CARTESIAN_POINT('',(69.347504,-88.601397,0.));
#1785 = LINE('',#1786,#1787);
#1786 = CARTESIAN_POINT('',(69.347504,-88.601397,0.));
#1787 = VECTOR('',#1788,1.);
#1788 = DIRECTION('',(-0.86497477999,-0.501815334542,0.));
#1789 = ORIENTED_EDGE('',*,*,#1790,.F.);
#1790 = EDGE_CURVE('',#1415,#1783,#1791,.T.);
#1791 = LINE('',#1792,#1793);
#1792 = CARTESIAN_POINT('',(69.575465,-88.503742,0.));
#1793 = VECTOR('',#1794,1.);
#1794 = DIRECTION('',(-0.919207171617,-0.393774269916,0.));
#1795 = FACE_BOUND('',#1796,.F.);
#1796 = EDGE_LOOP('',(#1797));
#1797 = ORIENTED_EDGE('',*,*,#1798,.T.);
#1798 = EDGE_CURVE('',#1799,#1799,#1801,.T.);
#1799 = VERTEX_POINT('',#1800);
#1800 = CARTESIAN_POINT('',(65.52,-83.35,0.));
#1801 = CIRCLE('',#1802,0.5);
#1802 = AXIS2_PLACEMENT_3D('',#1803,#1804,#1805);
#1803 = CARTESIAN_POINT('',(65.52,-82.85,0.));
#1804 = DIRECTION('',(-0.,0.,-1.));
#1805 = DIRECTION('',(-0.,-1.,0.));
#1806 = FACE_BOUND('',#1807,.F.);
#1807 = EDGE_LOOP('',(#1808));
#1808 = ORIENTED_EDGE('',*,*,#1809,.T.);
#1809 = EDGE_CURVE('',#1810,#1810,#1812,.T.);
#1810 = VERTEX_POINT('',#1811);
#1811 = CARTESIAN_POINT('',(68.06,-83.35,0.));
#1812 = CIRCLE('',#1813,0.5);
#1813 = AXIS2_PLACEMENT_3D('',#1814,#1815,#1816);
#1814 = CARTESIAN_POINT('',(68.06,-82.85,0.));
#1815 = DIRECTION('',(-0.,0.,-1.));
#1816 = DIRECTION('',(-0.,-1.,0.));
#1817 = FACE_BOUND('',#1818,.F.);
#1818 = EDGE_LOOP('',(#1819));
#1819 = ORIENTED_EDGE('',*,*,#1820,.T.);
#1820 = EDGE_CURVE('',#1821,#1821,#1823,.T.);
#1821 = VERTEX_POINT('',#1822);
#1822 = CARTESIAN_POINT('',(70.6,-83.35,0.));
#1823 = CIRCLE('',#1824,0.5);
#1824 = AXIS2_PLACEMENT_3D('',#1825,#1826,#1827);
#1825 = CARTESIAN_POINT('',(70.6,-82.85,0.));
#1826 = DIRECTION('',(-0.,0.,-1.));
#1827 = DIRECTION('',(-0.,-1.,0.));
#1828 = FACE_BOUND('',#1829,.F.);
#1829 = EDGE_LOOP('',(#1830));
#1830 = ORIENTED_EDGE('',*,*,#1831,.T.);
#1831 = EDGE_CURVE('',#1832,#1832,#1834,.T.);
#1832 = VERTEX_POINT('',#1833);
#1833 = CARTESIAN_POINT('',(72.,-81.3,0.));
#1834 = CIRCLE('',#1835,0.5);
#1835 = AXIS2_PLACEMENT_3D('',#1836,#1837,#1838);
#1836 = CARTESIAN_POINT('',(72.,-80.8,0.));
#1837 = DIRECTION('',(-0.,0.,-1.));
#1838 = DIRECTION('',(-0.,-1.,0.));
#1839 = FACE_BOUND('',#1840,.F.);
#1840 = EDGE_LOOP('',(#1841));
#1841 = ORIENTED_EDGE('',*,*,#1842,.T.);
#1842 = EDGE_CURVE('',#1843,#1843,#1845,.T.);
#1843 = VERTEX_POINT('',#1844);
#1844 = CARTESIAN_POINT('',(73.14,-83.35,0.));
#1845 = CIRCLE('',#1846,0.5);
#1846 = AXIS2_PLACEMENT_3D('',#1847,#1848,#1849);
#1847 = CARTESIAN_POINT('',(73.14,-82.85,0.));
#1848 = DIRECTION('',(-0.,0.,-1.));
#1849 = DIRECTION('',(-0.,-1.,0.));
#1850 = FACE_BOUND('',#1851,.F.);
#1851 = EDGE_LOOP('',(#1852));
#1852 = ORIENTED_EDGE('',*,*,#1853,.T.);
#1853 = EDGE_CURVE('',#1854,#1854,#1856,.T.);
#1854 = VERTEX_POINT('',#1855);
#1855 = CARTESIAN_POINT('',(75.68,-83.35,0.));
#1856 = CIRCLE('',#1857,0.5);
#1857 = AXIS2_PLACEMENT_3D('',#1858,#1859,#1860);
#1858 = CARTESIAN_POINT('',(75.68,-82.85,0.));
#1859 = DIRECTION('',(-0.,0.,-1.));
#1860 = DIRECTION('',(-0.,-1.,0.));
#1861 = FACE_BOUND('',#1862,.F.);
#1862 = EDGE_LOOP('',(#1863));
#1863 = ORIENTED_EDGE('',*,*,#1864,.T.);
#1864 = EDGE_CURVE('',#1865,#1865,#1867,.T.);
#1865 = VERTEX_POINT('',#1866);
#1866 = CARTESIAN_POINT('',(77.8,-83.75,0.));
#1867 = CIRCLE('',#1868,0.5);
#1868 = AXIS2_PLACEMENT_3D('',#1869,#1870,#1871);
#1869 = CARTESIAN_POINT('',(77.8,-83.25,0.));
#1870 = DIRECTION('',(-0.,0.,-1.));
#1871 = DIRECTION('',(-0.,-1.,0.));
#1872 = PLANE('',#1873);
#1873 = AXIS2_PLACEMENT_3D('',#1874,#1875,#1876);
#1874 = CARTESIAN_POINT('',(0.,0.,0.));
#1875 = DIRECTION('',(0.,0.,1.));
#1876 = DIRECTION('',(1.,0.,-0.));
#1877 = ADVANCED_FACE('',(#1878,#3105,#3116,#3127,#3138,#3149,#3535,
    #3546,#3557,#3568,#3579,#3590,#3601),#3612,.T.);
#1878 = FACE_BOUND('',#1879,.T.);
#1879 = EDGE_LOOP('',(#1880,#1881,#1882,#1890,#1898,#1906,#1914,#1922,
    #1930,#1938,#1946,#1954,#1962,#1970,#1978,#1986,#1994,#2002,#2010,
    #2018,#2026,#2034,#2042,#2050,#2058,#2066,#2074,#2082,#2090,#2098,
    #2106,#2114,#2122,#2130,#2138,#2146,#2154,#2162,#2170,#2178,#2186,
    #2194,#2202,#2210,#2218,#2226,#2234,#2242,#2250,#2258,#2266,#2274,
    #2282,#2290,#2298,#2306,#2314,#2322,#2330,#2338,#2346,#2354,#2362,
    #2370,#2378,#2386,#2394,#2402,#2410,#2418,#2426,#2434,#2442,#2450,
    #2458,#2466,#2474,#2482,#2490,#2498,#2506,#2514,#2522,#2530,#2538,
    #2546,#2554,#2562,#2570,#2578,#2586,#2594,#2602,#2610,#2618,#2626,
    #2634,#2642,#2650,#2658,#2666,#2674,#2682,#2690,#2698,#2706,#2714,
    #2722,#2730,#2738,#2746,#2754,#2762,#2770,#2778,#2786,#2794,#2802,
    #2810,#2818,#2826,#2834,#2842,#2850,#2858,#2866,#2874,#2882,#2890,
    #2898,#2906,#2914,#2922,#2930,#2938,#2946,#2954,#2962,#2970,#2978,
    #2986,#2994,#3002,#3010,#3018,#3026,#3034,#3042,#3050,#3058,#3066,
    #3074,#3082,#3090,#3098,#3104));
#1880 = ORIENTED_EDGE('',*,*,#49,.F.);
#1881 = ORIENTED_EDGE('',*,*,#89,.F.);
#1882 = ORIENTED_EDGE('',*,*,#1883,.F.);
#1883 = EDGE_CURVE('',#1884,#82,#1886,.T.);
#1884 = VERTEX_POINT('',#1885);
#1885 = CARTESIAN_POINT('',(53.424681,-76.825004,1.51));
#1886 = LINE('',#1887,#1888);
#1887 = CARTESIAN_POINT('',(53.424681,-76.825004,1.51));
#1888 = VECTOR('',#1889,1.);
#1889 = DIRECTION('',(1.,0.,0.));
#1890 = ORIENTED_EDGE('',*,*,#1891,.F.);
#1891 = EDGE_CURVE('',#1892,#1884,#1894,.T.);
#1892 = VERTEX_POINT('',#1893);
#1893 = CARTESIAN_POINT('',(52.330359,-76.984718,1.51));
#1894 = LINE('',#1895,#1896);
#1895 = CARTESIAN_POINT('',(52.330359,-76.984718,1.51));
#1896 = VECTOR('',#1897,1.);
#1897 = DIRECTION('',(0.989516786347,0.14441789895,0.));
#1898 = ORIENTED_EDGE('',*,*,#1899,.F.);
#1899 = EDGE_CURVE('',#1900,#1892,#1902,.T.);
#1900 = VERTEX_POINT('',#1901);
#1901 = CARTESIAN_POINT('',(51.23768,-77.154299,1.51));
#1902 = LINE('',#1903,#1904);
#1903 = CARTESIAN_POINT('',(51.23768,-77.154299,1.51));
#1904 = VECTOR('',#1905,1.);
#1905 = DIRECTION('',(0.988170153598,0.153361493007,0.));
#1906 = ORIENTED_EDGE('',*,*,#1907,.F.);
#1907 = EDGE_CURVE('',#1908,#1900,#1910,.T.);
#1908 = VERTEX_POINT('',#1909);
#1909 = CARTESIAN_POINT('',(49.092719,-77.51675,1.51));
#1910 = LINE('',#1911,#1912);
#1911 = CARTESIAN_POINT('',(49.092719,-77.51675,1.51));
#1912 = VECTOR('',#1913,1.);
#1913 = DIRECTION('',(0.986021876371,0.166615903558,0.));
#1914 = ORIENTED_EDGE('',*,*,#1915,.F.);
#1915 = EDGE_CURVE('',#1916,#1908,#1918,.T.);
#1916 = VERTEX_POINT('',#1917);
#1917 = CARTESIAN_POINT('',(46.91911,-77.924305,1.51));
#1918 = LINE('',#1919,#1920);
#1919 = CARTESIAN_POINT('',(46.91911,-77.924305,1.51));
#1920 = VECTOR('',#1921,1.);
#1921 = DIRECTION('',(0.982871915623,0.18428998204,0.));
#1922 = ORIENTED_EDGE('',*,*,#1923,.F.);
#1923 = EDGE_CURVE('',#1924,#1916,#1926,.T.);
#1924 = VERTEX_POINT('',#1925);
#1925 = CARTESIAN_POINT('',(44.752544,-78.371234,1.51));
#1926 = LINE('',#1927,#1928);
#1927 = CARTESIAN_POINT('',(44.752544,-78.371234,1.51));
#1928 = VECTOR('',#1929,1.);
#1929 = DIRECTION('',(0.979379178609,0.20203075139,0.));
#1930 = ORIENTED_EDGE('',*,*,#1931,.F.);
#1931 = EDGE_CURVE('',#1932,#1924,#1934,.T.);
#1932 = VERTEX_POINT('',#1933);
#1933 = CARTESIAN_POINT('',(43.672357,-78.609375,1.51));
#1934 = LINE('',#1935,#1936);
#1935 = CARTESIAN_POINT('',(43.672357,-78.609375,1.51));
#1936 = VECTOR('',#1937,1.);
#1937 = DIRECTION('',(0.976549542975,0.215292800889,0.));
#1938 = ORIENTED_EDGE('',*,*,#1939,.F.);
#1939 = EDGE_CURVE('',#1940,#1932,#1942,.T.);
#1940 = VERTEX_POINT('',#1941);
#1941 = CARTESIAN_POINT('',(42.594357,-78.857275,1.51));
#1942 = LINE('',#1943,#1944);
#1943 = CARTESIAN_POINT('',(42.594357,-78.857275,1.51));
#1944 = VECTOR('',#1945,1.);
#1945 = DIRECTION('',(0.97456308537,0.224113347739,0.));
#1946 = ORIENTED_EDGE('',*,*,#1947,.F.);
#1947 = EDGE_CURVE('',#1948,#1940,#1950,.T.);
#1948 = VERTEX_POINT('',#1949);
#1949 = CARTESIAN_POINT('',(41.518918,-79.114849,1.51));
#1950 = LINE('',#1951,#1952);
#1951 = CARTESIAN_POINT('',(41.518918,-79.114849,1.51));
#1952 = VECTOR('',#1953,1.);
#1953 = DIRECTION('',(0.972496234578,0.23291859894,0.));
#1954 = ORIENTED_EDGE('',*,*,#1955,.F.);
#1955 = EDGE_CURVE('',#1956,#1948,#1958,.T.);
#1956 = VERTEX_POINT('',#1957);
#1957 = CARTESIAN_POINT('',(40.445877,-79.382136,1.51));
#1958 = LINE('',#1959,#1960);
#1959 = CARTESIAN_POINT('',(40.445877,-79.382136,1.51));
#1960 = VECTOR('',#1961,1.);
#1961 = DIRECTION('',(0.970349230843,0.241707199319,0.));
#1962 = ORIENTED_EDGE('',*,*,#1963,.F.);
#1963 = EDGE_CURVE('',#1964,#1956,#1966,.T.);
#1964 = VERTEX_POINT('',#1965);
#1965 = CARTESIAN_POINT('',(39.961524,-79.506171,1.51));
#1966 = LINE('',#1967,#1968);
#1967 = CARTESIAN_POINT('',(39.961524,-79.506171,1.51));
#1968 = VECTOR('',#1969,1.);
#1969 = DIRECTION('',(0.968739887436,0.248078678026,0.));
#1970 = ORIENTED_EDGE('',*,*,#1971,.F.);
#1971 = EDGE_CURVE('',#1972,#1964,#1974,.T.);
#1972 = VERTEX_POINT('',#1973);
#1973 = CARTESIAN_POINT('',(39.640918,-79.632494,1.51));
#1974 = LINE('',#1975,#1976);
#1975 = CARTESIAN_POINT('',(39.640918,-79.632494,1.51));
#1976 = VECTOR('',#1977,1.);
#1977 = DIRECTION('',(0.930384969953,0.366583970853,0.));
#1978 = ORIENTED_EDGE('',*,*,#1979,.F.);
#1979 = EDGE_CURVE('',#1980,#1972,#1982,.T.);
#1980 = VERTEX_POINT('',#1981);
#1981 = CARTESIAN_POINT('',(39.337646,-79.794302,1.51));
#1982 = LINE('',#1983,#1984);
#1983 = CARTESIAN_POINT('',(39.337646,-79.794302,1.51));
#1984 = VECTOR('',#1985,1.);
#1985 = DIRECTION('',(0.88227690811,0.470730769565,0.));
#1986 = ORIENTED_EDGE('',*,*,#1987,.F.);
#1987 = EDGE_CURVE('',#1988,#1980,#1990,.T.);
#1988 = VERTEX_POINT('',#1989);
#1989 = CARTESIAN_POINT('',(39.054758,-79.989976,1.51));
#1990 = LINE('',#1991,#1992);
#1991 = CARTESIAN_POINT('',(39.054758,-79.989976,1.51));
#1992 = VECTOR('',#1993,1.);
#1993 = DIRECTION('',(0.822425516382,0.568872806526,0.));
#1994 = ORIENTED_EDGE('',*,*,#1995,.F.);
#1995 = EDGE_CURVE('',#1996,#1988,#1998,.T.);
#1996 = VERTEX_POINT('',#1997);
#1997 = CARTESIAN_POINT('',(38.795592,-80.21738,1.51));
#1998 = LINE('',#1999,#2000);
#1999 = CARTESIAN_POINT('',(38.795592,-80.21738,1.51));
#2000 = VECTOR('',#2001,1.);
#2001 = DIRECTION('',(0.751665067973,0.659545014073,0.));
#2002 = ORIENTED_EDGE('',*,*,#2003,.F.);
#2003 = EDGE_CURVE('',#2004,#1996,#2006,.T.);
#2004 = VERTEX_POINT('',#2005);
#2005 = CARTESIAN_POINT('',(38.563606,-80.473763,1.51));
#2006 = LINE('',#2007,#2008);
#2007 = CARTESIAN_POINT('',(38.563606,-80.473763,1.51));
#2008 = VECTOR('',#2009,1.);
#2009 = DIRECTION('',(0.670945811693,0.741506384175,0.));
#2010 = ORIENTED_EDGE('',*,*,#2011,.F.);
#2011 = EDGE_CURVE('',#2012,#2004,#2014,.T.);
#2012 = VERTEX_POINT('',#2013);
#2013 = CARTESIAN_POINT('',(38.362166,-80.755763,1.51));
#2014 = LINE('',#2015,#2016);
#2015 = CARTESIAN_POINT('',(38.362166,-80.755763,1.51));
#2016 = VECTOR('',#2017,1.);
#2017 = DIRECTION('',(0.58126002991,0.813717873485,0.));
#2018 = ORIENTED_EDGE('',*,*,#2019,.F.);
#2019 = EDGE_CURVE('',#2020,#2012,#2022,.T.);
#2020 = VERTEX_POINT('',#2021);
#2021 = CARTESIAN_POINT('',(38.273915,-80.905092,1.51));
#2022 = LINE('',#2023,#2024);
#2023 = CARTESIAN_POINT('',(38.273915,-80.905092,1.51));
#2024 = VECTOR('',#2025,1.);
#2025 = DIRECTION('',(0.508776897802,0.860898407632,0.));
#2026 = ORIENTED_EDGE('',*,*,#2027,.F.);
#2027 = EDGE_CURVE('',#2028,#2020,#2030,.T.);
#2028 = VERTEX_POINT('',#2029);
#2029 = CARTESIAN_POINT('',(38.194317,-81.059501,1.51));
#2030 = LINE('',#2031,#2032);
#2031 = CARTESIAN_POINT('',(38.194317,-81.059501,1.51));
#2032 = VECTOR('',#2033,1.);
#2033 = DIRECTION('',(0.45820209033,0.888848043491,0.));
#2034 = ORIENTED_EDGE('',*,*,#2035,.F.);
#2035 = EDGE_CURVE('',#2036,#2028,#2038,.T.);
#2036 = VERTEX_POINT('',#2037);
#2037 = CARTESIAN_POINT('',(38.123901,-81.217982,1.51));
#2038 = LINE('',#2039,#2040);
#2039 = CARTESIAN_POINT('',(38.123901,-81.217982,1.51));
#2040 = VECTOR('',#2041,1.);
#2041 = DIRECTION('',(0.406042160079,0.913854345199,0.));
#2042 = ORIENTED_EDGE('',*,*,#2043,.F.);
#2043 = EDGE_CURVE('',#2044,#2036,#2046,.T.);
#2044 = VERTEX_POINT('',#2045);
#2045 = CARTESIAN_POINT('',(38.062596,-81.380773,1.51));
#2046 = LINE('',#2047,#2048);
#2047 = CARTESIAN_POINT('',(38.062596,-81.380773,1.51));
#2048 = VECTOR('',#2049,1.);
#2049 = DIRECTION('',(0.352425305317,0.935839945809,0.));
#2050 = ORIENTED_EDGE('',*,*,#2051,.F.);
#2051 = EDGE_CURVE('',#2052,#2044,#2054,.T.);
#2052 = VERTEX_POINT('',#2053);
#2053 = CARTESIAN_POINT('',(38.011014,-81.54627,1.51));
#2054 = LINE('',#2055,#2056);
#2055 = CARTESIAN_POINT('',(38.011014,-81.54627,1.51));
#2056 = VECTOR('',#2057,1.);
#2057 = DIRECTION('',(0.297561150993,0.954702760769,0.));
#2058 = ORIENTED_EDGE('',*,*,#2059,.F.);
#2059 = EDGE_CURVE('',#2060,#2052,#2062,.T.);
#2060 = VERTEX_POINT('',#2061);
#2061 = CARTESIAN_POINT('',(37.968928,-81.715299,1.51));
#2062 = LINE('',#2063,#2064);
#2063 = CARTESIAN_POINT('',(37.968928,-81.715299,1.51));
#2064 = VECTOR('',#2065,1.);
#2065 = DIRECTION('',(0.241610221684,0.970373382146,0.));
#2066 = ORIENTED_EDGE('',*,*,#2067,.F.);
#2067 = EDGE_CURVE('',#2068,#2060,#2070,.T.);
#2068 = VERTEX_POINT('',#2069);
#2069 = CARTESIAN_POINT('',(37.93687,-81.885749,1.51));
#2070 = LINE('',#2071,#2072);
#2071 = CARTESIAN_POINT('',(37.93687,-81.885749,1.51));
#2072 = VECTOR('',#2073,1.);
#2073 = DIRECTION('',(0.18483783911,0.982769033513,0.));
#2074 = ORIENTED_EDGE('',*,*,#2075,.F.);
#2075 = EDGE_CURVE('',#2076,#2068,#2078,.T.);
#2076 = VERTEX_POINT('',#2077);
#2077 = CARTESIAN_POINT('',(37.914619,-82.058967,1.51));
#2078 = LINE('',#2079,#2080);
#2079 = CARTESIAN_POINT('',(37.914619,-82.058967,1.51));
#2080 = VECTOR('',#2081,1.);
#2081 = DIRECTION('',(0.127409727345,0.991850170831,0.));
#2082 = ORIENTED_EDGE('',*,*,#2083,.F.);
#2083 = EDGE_CURVE('',#2084,#2076,#2086,.T.);
#2084 = VERTEX_POINT('',#2085);
#2085 = CARTESIAN_POINT('',(37.9,-82.355602,1.51));
#2086 = LINE('',#2087,#2088);
#2087 = CARTESIAN_POINT('',(37.9,-82.355602,1.51));
#2088 = VECTOR('',#2089,1.);
#2089 = DIRECTION('',(4.922304856021E-02,0.998787811044,0.));
#2090 = ORIENTED_EDGE('',*,*,#2091,.F.);
#2091 = EDGE_CURVE('',#2092,#2084,#2094,.T.);
#2092 = VERTEX_POINT('',#2093);
#2093 = CARTESIAN_POINT('',(37.9,-112.325,1.51));
#2094 = LINE('',#2095,#2096);
#2095 = CARTESIAN_POINT('',(37.9,-112.325,1.51));
#2096 = VECTOR('',#2097,1.);
#2097 = DIRECTION('',(0.,1.,0.));
#2098 = ORIENTED_EDGE('',*,*,#2099,.F.);
#2099 = EDGE_CURVE('',#2100,#2092,#2102,.T.);
#2100 = VERTEX_POINT('',#2101);
#2101 = CARTESIAN_POINT('',(37.919787,-112.669085,1.51));
#2102 = LINE('',#2103,#2104);
#2103 = CARTESIAN_POINT('',(37.919787,-112.669085,1.51));
#2104 = VECTOR('',#2105,1.);
#2105 = DIRECTION('',(-5.741128951642E-02,0.998350611677,0.));
#2106 = ORIENTED_EDGE('',*,*,#2107,.F.);
#2107 = EDGE_CURVE('',#2108,#2100,#2110,.T.);
#2108 = VERTEX_POINT('',#2109);
#2109 = CARTESIAN_POINT('',(37.978991,-113.008934,1.51));
#2110 = LINE('',#2111,#2112);
#2111 = CARTESIAN_POINT('',(37.978991,-113.008934,1.51));
#2112 = VECTOR('',#2113,1.);
#2113 = DIRECTION('',(-0.171622050658,0.985162865585,0.));
#2114 = ORIENTED_EDGE('',*,*,#2115,.F.);
#2115 = EDGE_CURVE('',#2116,#2108,#2118,.T.);
#2116 = VERTEX_POINT('',#2117);
#2117 = CARTESIAN_POINT('',(38.077036,-113.340322,1.51));
#2118 = LINE('',#2119,#2120);
#2119 = CARTESIAN_POINT('',(38.077036,-113.340322,1.51));
#2120 = VECTOR('',#2121,1.);
#2121 = DIRECTION('',(-0.283705155713,0.958911562461,0.));
#2122 = ORIENTED_EDGE('',*,*,#2123,.F.);
#2123 = EDGE_CURVE('',#2124,#2116,#2126,.T.);
#2124 = VERTEX_POINT('',#2125);
#2125 = CARTESIAN_POINT('',(38.212818,-113.658816,1.51));
#2126 = LINE('',#2127,#2128);
#2127 = CARTESIAN_POINT('',(38.212818,-113.658816,1.51));
#2128 = VECTOR('',#2129,1.);
#2129 = DIRECTION('',(-0.392172887624,0.919891529591,0.));
#2130 = ORIENTED_EDGE('',*,*,#2131,.F.);
#2131 = EDGE_CURVE('',#2132,#2124,#2134,.T.);
#2132 = VERTEX_POINT('',#2133);
#2133 = CARTESIAN_POINT('',(38.294318,-113.811762,1.51));
#2134 = LINE('',#2135,#2136);
#2135 = CARTESIAN_POINT('',(38.294318,-113.811762,1.51));
#2136 = VECTOR('',#2137,1.);
#2137 = DIRECTION('',(-0.47026834962,0.882523472405,0.));
#2138 = ORIENTED_EDGE('',*,*,#2139,.F.);
#2139 = EDGE_CURVE('',#2140,#2132,#2142,.T.);
#2140 = VERTEX_POINT('',#2141);
#2141 = CARTESIAN_POINT('',(38.384678,-113.96,1.51));
#2142 = LINE('',#2143,#2144);
#2143 = CARTESIAN_POINT('',(38.384678,-113.96,1.51));
#2144 = VECTOR('',#2145,1.);
#2145 = DIRECTION('',(-0.520485546953,0.853870479296,0.));
#2146 = ORIENTED_EDGE('',*,*,#2147,.F.);
#2147 = EDGE_CURVE('',#2148,#2140,#2150,.T.);
#2148 = VERTEX_POINT('',#2149);
#2149 = CARTESIAN_POINT('',(38.483341,-114.102593,1.51));
#2150 = LINE('',#2151,#2152);
#2151 = CARTESIAN_POINT('',(38.483341,-114.102593,1.51));
#2152 = VECTOR('',#2153,1.);
#2153 = DIRECTION('',(-0.568994640662,0.822341230207,0.));
#2154 = ORIENTED_EDGE('',*,*,#2155,.F.);
#2155 = EDGE_CURVE('',#2156,#2148,#2158,.T.);
#2156 = VERTEX_POINT('',#2157);
#2157 = CARTESIAN_POINT('',(38.590464,-114.239706,1.51));
#2158 = LINE('',#2159,#2160);
#2159 = CARTESIAN_POINT('',(38.590464,-114.239706,1.51));
#2160 = VECTOR('',#2161,1.);
#2161 = DIRECTION('',(-0.615656421536,0.788014702034,0.));
#2162 = ORIENTED_EDGE('',*,*,#2163,.F.);
#2163 = EDGE_CURVE('',#2164,#2156,#2166,.T.);
#2164 = VERTEX_POINT('',#2165);
#2165 = CARTESIAN_POINT('',(38.778678,-114.44632,1.51));
#2166 = LINE('',#2167,#2168);
#2167 = CARTESIAN_POINT('',(38.778678,-114.44632,1.51));
#2168 = VECTOR('',#2169,1.);
#2169 = DIRECTION('',(-0.673422913827,0.739257451185,0.));
#2170 = ORIENTED_EDGE('',*,*,#2171,.F.);
#2171 = EDGE_CURVE('',#2172,#2164,#2174,.T.);
#2172 = VERTEX_POINT('',#2173);
#2173 = CARTESIAN_POINT('',(39.035971,-114.675631,1.51));
#2174 = LINE('',#2175,#2176);
#2175 = CARTESIAN_POINT('',(39.035971,-114.675631,1.51));
#2176 = VECTOR('',#2177,1.);
#2177 = DIRECTION('',(-0.746535421843,0.665345672514,0.));
#2178 = ORIENTED_EDGE('',*,*,#2179,.F.);
#2179 = EDGE_CURVE('',#2180,#2172,#2182,.T.);
#2180 = VERTEX_POINT('',#2181);
#2181 = CARTESIAN_POINT('',(39.318143,-114.874077,1.51));
#2182 = LINE('',#2183,#2184);
#2183 = CARTESIAN_POINT('',(39.318143,-114.874077,1.51));
#2184 = VECTOR('',#2185,1.);
#2185 = DIRECTION('',(-0.817969396628,0.575261737108,0.));
#2186 = ORIENTED_EDGE('',*,*,#2187,.F.);
#2187 = EDGE_CURVE('',#2188,#2180,#2190,.T.);
#2188 = VERTEX_POINT('',#2189);
#2189 = CARTESIAN_POINT('',(39.621797,-115.039075,1.51));
#2190 = LINE('',#2191,#2192);
#2191 = CARTESIAN_POINT('',(39.621797,-115.039075,1.51));
#2192 = VECTOR('',#2193,1.);
#2193 = DIRECTION('',(-0.878662564203,0.477443293249,0.));
#2194 = ORIENTED_EDGE('',*,*,#2195,.F.);
#2195 = EDGE_CURVE('',#2196,#2188,#2198,.T.);
#2196 = VERTEX_POINT('',#2197);
#2197 = CARTESIAN_POINT('',(39.943019,-115.168272,1.51));
#2198 = LINE('',#2199,#2200);
#2199 = CARTESIAN_POINT('',(39.943019,-115.168272,1.51));
#2200 = VECTOR('',#2201,1.);
#2201 = DIRECTION('',(-0.927769685708,0.373153333472,0.));
#2202 = ORIENTED_EDGE('',*,*,#2203,.F.);
#2203 = EDGE_CURVE('',#2204,#2196,#2206,.T.);
#2204 = VERTEX_POINT('',#2205);
#2205 = CARTESIAN_POINT('',(40.108798,-115.218793,1.51));
#2206 = LINE('',#2207,#2208);
#2207 = CARTESIAN_POINT('',(40.108798,-115.218793,1.51));
#2208 = VECTOR('',#2209,1.);
#2209 = DIRECTION('',(-0.956566898756,0.291512895433,0.));
#2210 = ORIENTED_EDGE('',*,*,#2211,.F.);
#2211 = EDGE_CURVE('',#2212,#2204,#2214,.T.);
#2212 = VERTEX_POINT('',#2213);
#2213 = CARTESIAN_POINT('',(40.277512,-115.259718,1.51));
#2214 = LINE('',#2215,#2216);
#2215 = CARTESIAN_POINT('',(40.277512,-115.259718,1.51));
#2216 = VECTOR('',#2217,1.);
#2217 = DIRECTION('',(-0.971817603816,0.23573405548,0.));
#2218 = ORIENTED_EDGE('',*,*,#2219,.F.);
#2219 = EDGE_CURVE('',#2220,#2212,#2222,.T.);
#2220 = VERTEX_POINT('',#2221);
#2221 = CARTESIAN_POINT('',(40.448106,-115.290782,1.51));
#2222 = LINE('',#2223,#2224);
#2223 = CARTESIAN_POINT('',(40.448106,-115.290782,1.51));
#2224 = VECTOR('',#2225,1.);
#2225 = DIRECTION('',(-0.983822262575,0.179147301573,0.));
#2226 = ORIENTED_EDGE('',*,*,#2227,.F.);
#2227 = EDGE_CURVE('',#2228,#2220,#2230,.T.);
#2228 = VERTEX_POINT('',#2229);
#2229 = CARTESIAN_POINT('',(40.620806,-115.311988,1.51));
#2230 = LINE('',#2231,#2232);
#2231 = CARTESIAN_POINT('',(40.620806,-115.311988,1.51));
#2232 = VECTOR('',#2233,1.);
#2233 = DIRECTION('',(-0.992545382511,0.121875607305,0.));
#2234 = ORIENTED_EDGE('',*,*,#2235,.F.);
#2235 = EDGE_CURVE('',#2236,#2228,#2238,.T.);
#2236 = VERTEX_POINT('',#2237);
#2237 = CARTESIAN_POINT('',(40.9,-115.324999,1.51));
#2238 = LINE('',#2239,#2240);
#2239 = CARTESIAN_POINT('',(40.9,-115.324999,1.51));
#2240 = VECTOR('',#2241,1.);
#2241 = DIRECTION('',(-0.998915892082,4.655148273921E-02,0.));
#2242 = ORIENTED_EDGE('',*,*,#2243,.F.);
#2243 = EDGE_CURVE('',#2244,#2236,#2246,.T.);
#2244 = VERTEX_POINT('',#2245);
#2245 = CARTESIAN_POINT('',(68.625216,-115.324999,1.51));
#2246 = LINE('',#2247,#2248);
#2247 = CARTESIAN_POINT('',(68.625216,-115.324999,1.51));
#2248 = VECTOR('',#2249,1.);
#2249 = DIRECTION('',(-1.,0.,0.));
#2250 = ORIENTED_EDGE('',*,*,#2251,.F.);
#2251 = EDGE_CURVE('',#2252,#2244,#2254,.T.);
#2252 = VERTEX_POINT('',#2253);
#2253 = CARTESIAN_POINT('',(68.730573,-115.305899,1.51));
#2254 = LINE('',#2255,#2256);
#2255 = CARTESIAN_POINT('',(68.730573,-115.305899,1.51));
#2256 = VECTOR('',#2257,1.);
#2257 = DIRECTION('',(-0.983961530058,-0.178380793152,0.));
#2258 = ORIENTED_EDGE('',*,*,#2259,.F.);
#2259 = EDGE_CURVE('',#2260,#2252,#2262,.T.);
#2260 = VERTEX_POINT('',#2261);
#2261 = CARTESIAN_POINT('',(68.823658,-115.250002,1.51));
#2262 = LINE('',#2263,#2264);
#2263 = CARTESIAN_POINT('',(68.823658,-115.250002,1.51));
#2264 = VECTOR('',#2265,1.);
#2265 = DIRECTION('',(-0.857305961807,-0.51480723368,0.));
#2266 = ORIENTED_EDGE('',*,*,#2267,.F.);
#2267 = EDGE_CURVE('',#2268,#2260,#2270,.T.);
#2268 = VERTEX_POINT('',#2269);
#2269 = CARTESIAN_POINT('',(68.861378,-115.21003,1.51));
#2270 = LINE('',#2271,#2272);
#2271 = CARTESIAN_POINT('',(68.861378,-115.21003,1.51));
#2272 = VECTOR('',#2273,1.);
#2273 = DIRECTION('',(-0.686322140454,-0.72729768288,0.));
#2274 = ORIENTED_EDGE('',*,*,#2275,.F.);
#2275 = EDGE_CURVE('',#2276,#2268,#2278,.T.);
#2276 = VERTEX_POINT('',#2277);
#2277 = CARTESIAN_POINT('',(68.891569,-115.163056,1.51));
#2278 = LINE('',#2279,#2280);
#2279 = CARTESIAN_POINT('',(68.891569,-115.163056,1.51));
#2280 = VECTOR('',#2281,1.);
#2281 = DIRECTION('',(-0.540674317557,-0.841232002681,0.));
#2282 = ORIENTED_EDGE('',*,*,#2283,.F.);
#2283 = EDGE_CURVE('',#2284,#2276,#2286,.T.);
#2284 = VERTEX_POINT('',#2285);
#2285 = CARTESIAN_POINT('',(68.894481,-115.157286,1.51));
#2286 = LINE('',#2287,#2288);
#2287 = CARTESIAN_POINT('',(68.894481,-115.157286,1.51));
#2288 = VECTOR('',#2289,1.);
#2289 = DIRECTION('',(-0.450552483831,-0.892749942209,0.));
#2290 = ORIENTED_EDGE('',*,*,#2291,.F.);
#2291 = EDGE_CURVE('',#2292,#2284,#2294,.T.);
#2292 = VERTEX_POINT('',#2293);
#2293 = CARTESIAN_POINT('',(68.923793,-115.054304,1.51));
#2294 = LINE('',#2295,#2296);
#2295 = CARTESIAN_POINT('',(68.923793,-115.054304,1.51));
#2296 = VECTOR('',#2297,1.);
#2297 = DIRECTION('',(-0.273758847669,-0.961798364172,0.));
#2298 = ORIENTED_EDGE('',*,*,#2299,.F.);
#2299 = EDGE_CURVE('',#2300,#2292,#2302,.T.);
#2300 = VERTEX_POINT('',#2301);
#2301 = CARTESIAN_POINT('',(68.914667,-114.946109,1.51));
#2302 = LINE('',#2303,#2304);
#2303 = CARTESIAN_POINT('',(68.914667,-114.946109,1.51));
#2304 = VECTOR('',#2305,1.);
#2305 = DIRECTION('',(8.404924975194E-02,-0.996461601677,0.));
#2306 = ORIENTED_EDGE('',*,*,#2307,.F.);
#2307 = EDGE_CURVE('',#2308,#2300,#2310,.T.);
#2308 = VERTEX_POINT('',#2309);
#2309 = CARTESIAN_POINT('',(68.895422,-114.894628,1.51));
#2310 = LINE('',#2311,#2312);
#2311 = CARTESIAN_POINT('',(68.895422,-114.894628,1.51));
#2312 = VECTOR('',#2313,1.);
#2313 = DIRECTION('',(0.350160174237,-0.936689837875,0.));
#2314 = ORIENTED_EDGE('',*,*,#2315,.F.);
#2315 = EDGE_CURVE('',#2316,#2308,#2318,.T.);
#2316 = VERTEX_POINT('',#2317);
#2317 = CARTESIAN_POINT('',(68.866572,-114.846817,1.51));
#2318 = LINE('',#2319,#2320);
#2319 = CARTESIAN_POINT('',(68.866572,-114.846817,1.51));
#2320 = VECTOR('',#2321,1.);
#2321 = DIRECTION('',(0.516645729047,-0.856199270414,0.));
#2322 = ORIENTED_EDGE('',*,*,#2323,.F.);
#2323 = EDGE_CURVE('',#2324,#2316,#2326,.T.);
#2324 = VERTEX_POINT('',#2325);
#2325 = CARTESIAN_POINT('',(68.862681,-114.841664,1.51));
#2326 = LINE('',#2327,#2328);
#2327 = CARTESIAN_POINT('',(68.862681,-114.841664,1.51));
#2328 = VECTOR('',#2329,1.);
#2329 = DIRECTION('',(0.602598640534,-0.798044408806,0.));
#2330 = ORIENTED_EDGE('',*,*,#2331,.F.);
#2331 = EDGE_CURVE('',#2332,#2324,#2334,.T.);
#2332 = VERTEX_POINT('',#2333);
#2333 = CARTESIAN_POINT('',(68.862681,-114.841665,1.51));
#2334 = LINE('',#2335,#2336);
#2335 = CARTESIAN_POINT('',(68.862681,-114.841665,1.51));
#2336 = VECTOR('',#2337,1.);
#2337 = DIRECTION('',(0.,1.,0.));
#2338 = ORIENTED_EDGE('',*,*,#2339,.F.);
#2339 = EDGE_CURVE('',#2340,#2332,#2342,.T.);
#2340 = VERTEX_POINT('',#2341);
#2341 = CARTESIAN_POINT('',(68.752624,-114.676324,1.51));
#2342 = LINE('',#2343,#2344);
#2343 = CARTESIAN_POINT('',(68.752624,-114.676324,1.51));
#2344 = VECTOR('',#2345,1.);
#2345 = DIRECTION('',(0.554106345159,-0.832445889085,0.));
#2346 = ORIENTED_EDGE('',*,*,#2347,.F.);
#2347 = EDGE_CURVE('',#2348,#2340,#2350,.T.);
#2348 = VERTEX_POINT('',#2349);
#2349 = CARTESIAN_POINT('',(68.69589,-114.566379,1.51));
#2350 = LINE('',#2351,#2352);
#2351 = CARTESIAN_POINT('',(68.69589,-114.566379,1.51));
#2352 = VECTOR('',#2353,1.);
#2353 = DIRECTION('',(0.458567563112,-0.888659546768,0.));
#2354 = ORIENTED_EDGE('',*,*,#2355,.F.);
#2355 = EDGE_CURVE('',#2356,#2348,#2358,.T.);
#2356 = VERTEX_POINT('',#2357);
#2357 = CARTESIAN_POINT('',(68.648365,-114.452056,1.51));
#2358 = LINE('',#2359,#2360);
#2359 = CARTESIAN_POINT('',(68.648365,-114.452056,1.51));
#2360 = VECTOR('',#2361,1.);
#2361 = DIRECTION('',(0.383861081039,-0.923390854657,0.));
#2362 = ORIENTED_EDGE('',*,*,#2363,.F.);
#2363 = EDGE_CURVE('',#2364,#2356,#2366,.T.);
#2364 = VERTEX_POINT('',#2365);
#2365 = CARTESIAN_POINT('',(68.609894,-114.333122,1.51));
#2366 = LINE('',#2367,#2368);
#2367 = CARTESIAN_POINT('',(68.609894,-114.333122,1.51));
#2368 = VECTOR('',#2369,1.);
#2369 = DIRECTION('',(0.307764905654,-0.951462433756,0.));
#2370 = ORIENTED_EDGE('',*,*,#2371,.F.);
#2371 = EDGE_CURVE('',#2372,#2364,#2374,.T.);
#2372 = VERTEX_POINT('',#2373);
#2373 = CARTESIAN_POINT('',(68.581097,-114.211457,1.51));
#2374 = LINE('',#2375,#2376);
#2375 = CARTESIAN_POINT('',(68.581097,-114.211457,1.51));
#2376 = VECTOR('',#2377,1.);
#2377 = DIRECTION('',(0.230327069473,-0.973113272475,0.));
#2378 = ORIENTED_EDGE('',*,*,#2379,.F.);
#2379 = EDGE_CURVE('',#2380,#2372,#2382,.T.);
#2380 = VERTEX_POINT('',#2381);
#2381 = CARTESIAN_POINT('',(68.553175,-113.964905,1.51));
#2382 = LINE('',#2383,#2384);
#2383 = CARTESIAN_POINT('',(68.553175,-113.964905,1.51));
#2384 = VECTOR('',#2385,1.);
#2385 = DIRECTION('',(0.112530608878,-0.993648258724,0.));
#2386 = ORIENTED_EDGE('',*,*,#2387,.F.);
#2387 = EDGE_CURVE('',#2388,#2380,#2390,.T.);
#2388 = VERTEX_POINT('',#2389);
#2389 = CARTESIAN_POINT('',(68.564632,-113.722553,1.51));
#2390 = LINE('',#2391,#2392);
#2391 = CARTESIAN_POINT('',(68.564632,-113.722553,1.51));
#2392 = VECTOR('',#2393,1.);
#2393 = DIRECTION('',(-4.722147567833E-02,-0.998884443885,0.));
#2394 = ORIENTED_EDGE('',*,*,#2395,.F.);
#2395 = EDGE_CURVE('',#2396,#2388,#2398,.T.);
#2396 = VERTEX_POINT('',#2397);
#2397 = CARTESIAN_POINT('',(68.613623,-113.492765,1.51));
#2398 = LINE('',#2399,#2400);
#2399 = CARTESIAN_POINT('',(68.613623,-113.492765,1.51));
#2400 = VECTOR('',#2401,1.);
#2401 = DIRECTION('',(-0.208514551621,-0.978019264515,0.));
#2402 = ORIENTED_EDGE('',*,*,#2403,.F.);
#2403 = EDGE_CURVE('',#2404,#2396,#2406,.T.);
#2404 = VERTEX_POINT('',#2405);
#2405 = CARTESIAN_POINT('',(68.683694,-113.308503,1.51));
#2406 = LINE('',#2407,#2408);
#2407 = CARTESIAN_POINT('',(68.683694,-113.308503,1.51));
#2408 = VECTOR('',#2409,1.);
#2409 = DIRECTION('',(-0.355445762283,-0.934696908134,0.));
#2410 = ORIENTED_EDGE('',*,*,#2411,.F.);
#2411 = EDGE_CURVE('',#2412,#2404,#2414,.T.);
#2412 = VERTEX_POINT('',#2413);
#2413 = CARTESIAN_POINT('',(68.740209,-113.198334,1.51));
#2414 = LINE('',#2415,#2416);
#2415 = CARTESIAN_POINT('',(68.740209,-113.198334,1.51));
#2416 = VECTOR('',#2417,1.);
#2417 = DIRECTION('',(-0.456432238716,-0.889758175832,0.));
#2418 = ORIENTED_EDGE('',*,*,#2419,.F.);
#2419 = EDGE_CURVE('',#2420,#2412,#2422,.T.);
#2420 = VERTEX_POINT('',#2421);
#2421 = CARTESIAN_POINT('',(68.805717,-113.092979,1.51));
#2422 = LINE('',#2423,#2424);
#2423 = CARTESIAN_POINT('',(68.805717,-113.092979,1.51));
#2424 = VECTOR('',#2425,1.);
#2425 = DIRECTION('',(-0.528033269606,-0.849223684425,0.));
#2426 = ORIENTED_EDGE('',*,*,#2427,.F.);
#2427 = EDGE_CURVE('',#2428,#2420,#2430,.T.);
#2428 = VERTEX_POINT('',#2429);
#2429 = CARTESIAN_POINT('',(68.880258,-112.992271,1.51));
#2430 = LINE('',#2431,#2432);
#2431 = CARTESIAN_POINT('',(68.880258,-112.992271,1.51));
#2432 = VECTOR('',#2433,1.);
#2433 = DIRECTION('',(-0.594931086562,-0.803776711682,0.));
#2434 = ORIENTED_EDGE('',*,*,#2435,.F.);
#2435 = EDGE_CURVE('',#2436,#2428,#2438,.T.);
#2436 = VERTEX_POINT('',#2437);
#2437 = CARTESIAN_POINT('',(68.962698,-112.897767,1.51));
#2438 = LINE('',#2439,#2440);
#2439 = CARTESIAN_POINT('',(68.962698,-112.897767,1.51));
#2440 = VECTOR('',#2441,1.);
#2441 = DIRECTION('',(-0.657370293477,-0.753567712455,0.));
#2442 = ORIENTED_EDGE('',*,*,#2443,.F.);
#2443 = EDGE_CURVE('',#2444,#2436,#2446,.T.);
#2444 = VERTEX_POINT('',#2445);
#2445 = CARTESIAN_POINT('',(69.147272,-112.731154,1.51));
#2446 = LINE('',#2447,#2448);
#2447 = CARTESIAN_POINT('',(69.147272,-112.731154,1.51));
#2448 = VECTOR('',#2449,1.);
#2449 = DIRECTION('',(-0.742300657605,-0.670066962116,0.));
#2450 = ORIENTED_EDGE('',*,*,#2451,.F.);
#2451 = EDGE_CURVE('',#2452,#2444,#2454,.T.);
#2452 = VERTEX_POINT('',#2453);
#2453 = CARTESIAN_POINT('',(69.350947,-112.599223,1.51));
#2454 = LINE('',#2455,#2456);
#2455 = CARTESIAN_POINT('',(69.350947,-112.599223,1.51));
#2456 = VECTOR('',#2457,1.);
#2457 = DIRECTION('',(-0.839304496231,-0.5436616251,0.));
#2458 = ORIENTED_EDGE('',*,*,#2459,.F.);
#2459 = EDGE_CURVE('',#2460,#2452,#2462,.T.);
#2460 = VERTEX_POINT('',#2461);
#2461 = CARTESIAN_POINT('',(69.565734,-112.50532,1.51));
#2462 = LINE('',#2463,#2464);
#2463 = CARTESIAN_POINT('',(69.565734,-112.50532,1.51));
#2464 = VECTOR('',#2465,1.);
#2465 = DIRECTION('',(-0.916261182446,-0.400581384419,0.));
#2466 = ORIENTED_EDGE('',*,*,#2467,.F.);
#2467 = EDGE_CURVE('',#2468,#2460,#2470,.T.);
#2468 = VERTEX_POINT('',#2469);
#2469 = CARTESIAN_POINT('',(69.755158,-112.455178,1.51));
#2470 = LINE('',#2471,#2472);
#2471 = CARTESIAN_POINT('',(69.755158,-112.455178,1.51));
#2472 = VECTOR('',#2473,1.);
#2473 = DIRECTION('',(-0.966704782293,-0.255894243569,0.));
#2474 = ORIENTED_EDGE('',*,*,#2475,.F.);
#2475 = EDGE_CURVE('',#2476,#2468,#2478,.T.);
#2476 = VERTEX_POINT('',#2477);
#2477 = CARTESIAN_POINT('',(69.877433,-112.436938,1.51));
#2478 = LINE('',#2479,#2480);
#2479 = CARTESIAN_POINT('',(69.877433,-112.436938,1.51));
#2480 = VECTOR('',#2481,1.);
#2481 = DIRECTION('',(-0.98905617366,-0.147539436578,0.));
#2482 = ORIENTED_EDGE('',*,*,#2483,.F.);
#2483 = EDGE_CURVE('',#2484,#2476,#2486,.T.);
#2484 = VERTEX_POINT('',#2485);
#2485 = CARTESIAN_POINT('',(70.001027,-112.428824,1.51));
#2486 = LINE('',#2487,#2488);
#2487 = CARTESIAN_POINT('',(70.001027,-112.428824,1.51));
#2488 = VECTOR('',#2489,1.);
#2489 = DIRECTION('',(-0.997851951166,-6.550941576254E-02,0.));
#2490 = ORIENTED_EDGE('',*,*,#2491,.F.);
#2491 = EDGE_CURVE('',#2492,#2484,#2494,.T.);
#2492 = VERTEX_POINT('',#2493);
#2493 = CARTESIAN_POINT('',(70.126281,-112.430769,1.51));
#2494 = LINE('',#2495,#2496);
#2495 = CARTESIAN_POINT('',(70.126281,-112.430769,1.51));
#2496 = VECTOR('',#2497,1.);
#2497 = DIRECTION('',(-0.999879455479,1.552657432816E-02,0.));
#2498 = ORIENTED_EDGE('',*,*,#2499,.F.);
#2499 = EDGE_CURVE('',#2500,#2492,#2502,.T.);
#2500 = VERTEX_POINT('',#2501);
#2501 = CARTESIAN_POINT('',(70.251097,-112.442764,1.51));
#2502 = LINE('',#2503,#2504);
#2503 = CARTESIAN_POINT('',(70.251097,-112.442764,1.51));
#2504 = VECTOR('',#2505,1.);
#2505 = DIRECTION('',(-0.995413995728,9.566073963883E-02,0.));
#2506 = ORIENTED_EDGE('',*,*,#2507,.F.);
#2507 = EDGE_CURVE('',#2508,#2500,#2510,.T.);
#2508 = VERTEX_POINT('',#2509);
#2509 = CARTESIAN_POINT('',(70.494351,-112.495896,1.51));
#2510 = LINE('',#2511,#2512);
#2511 = CARTESIAN_POINT('',(70.494351,-112.495896,1.51));
#2512 = VECTOR('',#2513,1.);
#2513 = DIRECTION('',(-0.976966886901,0.21339096021,0.));
#2514 = ORIENTED_EDGE('',*,*,#2515,.F.);
#2515 = EDGE_CURVE('',#2516,#2508,#2518,.T.);
#2516 = VERTEX_POINT('',#2517);
#2517 = CARTESIAN_POINT('',(70.720775,-112.584871,1.51));
#2518 = LINE('',#2519,#2520);
#2519 = CARTESIAN_POINT('',(70.720775,-112.584871,1.51));
#2520 = VECTOR('',#2521,1.);
#2521 = DIRECTION('',(-0.930719714039,0.365733255117,0.));
#2522 = ORIENTED_EDGE('',*,*,#2523,.F.);
#2523 = EDGE_CURVE('',#2524,#2516,#2526,.T.);
#2524 = VERTEX_POINT('',#2525);
#2525 = CARTESIAN_POINT('',(70.922808,-112.705082,1.51));
#2526 = LINE('',#2527,#2528);
#2527 = CARTESIAN_POINT('',(70.922808,-112.705082,1.51));
#2528 = VECTOR('',#2529,1.);
#2529 = DIRECTION('',(-0.8593802509,0.511337055535,0.));
#2530 = ORIENTED_EDGE('',*,*,#2531,.F.);
#2531 = EDGE_CURVE('',#2532,#2524,#2534,.T.);
#2532 = VERTEX_POINT('',#2533);
#2533 = CARTESIAN_POINT('',(71.075782,-112.831473,1.51));
#2534 = LINE('',#2535,#2536);
#2535 = CARTESIAN_POINT('',(71.075782,-112.831473,1.51));
#2536 = VECTOR('',#2537,1.);
#2537 = DIRECTION('',(-0.770909355417,0.636944868674,0.));
#2538 = ORIENTED_EDGE('',*,*,#2539,.F.);
#2539 = EDGE_CURVE('',#2540,#2532,#2542,.T.);
#2540 = VERTEX_POINT('',#2541);
#2541 = CARTESIAN_POINT('',(71.161609,-112.920167,1.51));
#2542 = LINE('',#2543,#2544);
#2543 = CARTESIAN_POINT('',(71.161609,-112.920167,1.51));
#2544 = VECTOR('',#2545,1.);
#2545 = DIRECTION('',(-0.695396728347,0.718626043366,0.));
#2546 = ORIENTED_EDGE('',*,*,#2547,.F.);
#2547 = EDGE_CURVE('',#2548,#2540,#2550,.T.);
#2548 = VERTEX_POINT('',#2549);
#2549 = CARTESIAN_POINT('',(71.239969,-113.015794,1.51));
#2550 = LINE('',#2551,#2552);
#2551 = CARTESIAN_POINT('',(71.239969,-113.015794,1.51));
#2552 = VECTOR('',#2553,1.);
#2553 = DIRECTION('',(-0.633817704595,0.773482460915,0.));
#2554 = ORIENTED_EDGE('',*,*,#2555,.F.);
#2555 = EDGE_CURVE('',#2556,#2548,#2558,.T.);
#2556 = VERTEX_POINT('',#2557);
#2557 = CARTESIAN_POINT('',(71.310995,-113.118439,1.51));
#2558 = LINE('',#2559,#2560);
#2559 = CARTESIAN_POINT('',(71.310995,-113.118439,1.51));
#2560 = VECTOR('',#2561,1.);
#2561 = DIRECTION('',(-0.569015414838,0.822326855743,0.));
#2562 = ORIENTED_EDGE('',*,*,#2563,.F.);
#2563 = EDGE_CURVE('',#2564,#2556,#2566,.T.);
#2564 = VERTEX_POINT('',#2565);
#2565 = CARTESIAN_POINT('',(71.373615,-113.226581,1.51));
#2566 = LINE('',#2567,#2568);
#2567 = CARTESIAN_POINT('',(71.373615,-113.226581,1.51));
#2568 = VECTOR('',#2569,1.);
#2569 = DIRECTION('',(-0.501105035751,0.865386470396,0.));
#2570 = ORIENTED_EDGE('',*,*,#2571,.F.);
#2571 = EDGE_CURVE('',#2572,#2564,#2574,.T.);
#2572 = VERTEX_POINT('',#2573);
#2573 = CARTESIAN_POINT('',(71.471436,-113.454588,1.51));
#2574 = LINE('',#2575,#2576);
#2575 = CARTESIAN_POINT('',(71.471436,-113.454588,1.51));
#2576 = VECTOR('',#2577,1.);
#2577 = DIRECTION('',(-0.394272429071,0.918993608071,0.));
#2578 = ORIENTED_EDGE('',*,*,#2579,.F.);
#2579 = EDGE_CURVE('',#2580,#2572,#2582,.T.);
#2580 = VERTEX_POINT('',#2581);
#2581 = CARTESIAN_POINT('',(71.530459,-113.690194,1.51));
#2582 = LINE('',#2583,#2584);
#2583 = CARTESIAN_POINT('',(71.530459,-113.690194,1.51));
#2584 = VECTOR('',#2585,1.);
#2585 = DIRECTION('',(-0.243006404417,0.970024683919,0.));
#2586 = ORIENTED_EDGE('',*,*,#2587,.F.);
#2587 = EDGE_CURVE('',#2588,#2580,#2590,.T.);
#2588 = VERTEX_POINT('',#2589);
#2589 = CARTESIAN_POINT('',(71.549998,-113.924999,1.51));
#2590 = LINE('',#2591,#2592);
#2591 = CARTESIAN_POINT('',(71.549998,-113.924999,1.51));
#2592 = VECTOR('',#2593,1.);
#2593 = DIRECTION('',(-8.292711044076E-02,0.996555615284,0.));
#2594 = ORIENTED_EDGE('',*,*,#2595,.F.);
#2595 = EDGE_CURVE('',#2596,#2588,#2598,.T.);
#2596 = VERTEX_POINT('',#2597);
#2597 = CARTESIAN_POINT('',(71.54998,-113.932174,1.51));
#2598 = LINE('',#2599,#2600);
#2599 = CARTESIAN_POINT('',(71.54998,-113.932174,1.51));
#2600 = VECTOR('',#2601,1.);
#2601 = DIRECTION('',(2.508702906589E-03,0.9999968532,0.));
#2602 = ORIENTED_EDGE('',*,*,#2603,.F.);
#2603 = EDGE_CURVE('',#2604,#2596,#2606,.T.);
#2604 = VERTEX_POINT('',#2605);
#2605 = CARTESIAN_POINT('',(71.544225,-114.054765,1.51));
#2606 = LINE('',#2607,#2608);
#2607 = CARTESIAN_POINT('',(71.544225,-114.054765,1.51));
#2608 = VECTOR('',#2609,1.);
#2609 = DIRECTION('',(4.689307541981E-02,0.998899914645,0.));
#2610 = ORIENTED_EDGE('',*,*,#2611,.F.);
#2611 = EDGE_CURVE('',#2612,#2604,#2614,.T.);
#2612 = VERTEX_POINT('',#2613);
#2613 = CARTESIAN_POINT('',(71.528349,-114.176446,1.51));
#2614 = LINE('',#2615,#2616);
#2615 = CARTESIAN_POINT('',(71.528349,-114.176446,1.51));
#2616 = VECTOR('',#2617,1.);
#2617 = DIRECTION('',(0.129375764232,0.991595639174,0.));
#2618 = ORIENTED_EDGE('',*,*,#2619,.F.);
#2619 = EDGE_CURVE('',#2620,#2612,#2622,.T.);
#2620 = VERTEX_POINT('',#2621);
#2621 = CARTESIAN_POINT('',(71.502418,-114.297214,1.51));
#2622 = LINE('',#2623,#2624);
#2623 = CARTESIAN_POINT('',(71.502418,-114.297214,1.51));
#2624 = VECTOR('',#2625,1.);
#2625 = DIRECTION('',(0.209932677067,0.97771584374,0.));
#2626 = ORIENTED_EDGE('',*,*,#2627,.F.);
#2627 = EDGE_CURVE('',#2628,#2620,#2630,.T.);
#2628 = VERTEX_POINT('',#2629);
#2629 = CARTESIAN_POINT('',(71.466769,-114.415496,1.51));
#2630 = LINE('',#2631,#2632);
#2631 = CARTESIAN_POINT('',(71.466769,-114.415496,1.51));
#2632 = VECTOR('',#2633,1.);
#2633 = DIRECTION('',(0.288568543299,0.957459239769,0.));
#2634 = ORIENTED_EDGE('',*,*,#2635,.F.);
#2635 = EDGE_CURVE('',#2636,#2628,#2638,.T.);
#2636 = VERTEX_POINT('',#2637);
#2637 = CARTESIAN_POINT('',(71.368219,-114.639926,1.51));
#2638 = LINE('',#2639,#2640);
#2639 = CARTESIAN_POINT('',(71.368219,-114.639926,1.51));
#2640 = VECTOR('',#2641,1.);
#2641 = DIRECTION('',(0.402057635961,0.915614360616,0.));
#2642 = ORIENTED_EDGE('',*,*,#2643,.F.);
#2643 = EDGE_CURVE('',#2644,#2636,#2646,.T.);
#2644 = VERTEX_POINT('',#2645);
#2645 = CARTESIAN_POINT('',(71.237315,-114.841665,1.51));
#2646 = LINE('',#2647,#2648);
#2647 = CARTESIAN_POINT('',(71.237315,-114.841665,1.51));
#2648 = VECTOR('',#2649,1.);
#2649 = DIRECTION('',(0.544326521017,0.838873434147,0.));
#2650 = ORIENTED_EDGE('',*,*,#2651,.F.);
#2651 = EDGE_CURVE('',#2652,#2644,#2654,.T.);
#2652 = VERTEX_POINT('',#2653);
#2653 = CARTESIAN_POINT('',(71.18805,-114.93673,1.51));
#2654 = LINE('',#2655,#2656);
#2655 = CARTESIAN_POINT('',(71.18805,-114.93673,1.51));
#2656 = VECTOR('',#2657,1.);
#2657 = DIRECTION('',(0.460111329311,0.887861230508,0.));
#2658 = ORIENTED_EDGE('',*,*,#2659,.F.);
#2659 = EDGE_CURVE('',#2660,#2652,#2662,.T.);
#2660 = VERTEX_POINT('',#2661);
#2661 = CARTESIAN_POINT('',(71.175411,-115.044569,1.51));
#2662 = LINE('',#2663,#2664);
#2663 = CARTESIAN_POINT('',(71.175411,-115.044569,1.51));
#2664 = VECTOR('',#2665,1.);
#2665 = DIRECTION('',(0.116405723926,0.993201745587,0.));
#2666 = ORIENTED_EDGE('',*,*,#2667,.F.);
#2667 = EDGE_CURVE('',#2668,#2660,#2670,.T.);
#2668 = VERTEX_POINT('',#2669);
#2669 = CARTESIAN_POINT('',(71.184,-115.098853,1.51));
#2670 = LINE('',#2671,#2672);
#2671 = CARTESIAN_POINT('',(71.184,-115.098853,1.51));
#2672 = VECTOR('',#2673,1.);
#2673 = DIRECTION('',(-0.156279310959,0.987712902096,0.));
#2674 = ORIENTED_EDGE('',*,*,#2675,.F.);
#2675 = EDGE_CURVE('',#2676,#2668,#2678,.T.);
#2676 = VERTEX_POINT('',#2677);
#2677 = CARTESIAN_POINT('',(71.202733,-115.151457,1.51));
#2678 = LINE('',#2679,#2680);
#2679 = CARTESIAN_POINT('',(71.202733,-115.151457,1.51));
#2680 = VECTOR('',#2681,1.);
#2681 = DIRECTION('',(-0.335476333865,0.942048634316,0.));
#2682 = ORIENTED_EDGE('',*,*,#2683,.F.);
#2683 = EDGE_CURVE('',#2684,#2676,#2686,.T.);
#2684 = VERTEX_POINT('',#2685);
#2685 = CARTESIAN_POINT('',(71.20552,-115.157287,1.51));
#2686 = LINE('',#2687,#2688);
#2687 = CARTESIAN_POINT('',(71.20552,-115.157287,1.51));
#2688 = VECTOR('',#2689,1.);
#2689 = DIRECTION('',(-0.431296690206,0.902210155683,0.));
#2690 = ORIENTED_EDGE('',*,*,#2691,.F.);
#2691 = EDGE_CURVE('',#2692,#2684,#2694,.T.);
#2692 = VERTEX_POINT('',#2693);
#2693 = CARTESIAN_POINT('',(71.269122,-115.243425,1.51));
#2694 = LINE('',#2695,#2696);
#2695 = CARTESIAN_POINT('',(71.269122,-115.243425,1.51));
#2696 = VECTOR('',#2697,1.);
#2697 = DIRECTION('',(-0.593997095805,0.804467184026,0.));
#2698 = ORIENTED_EDGE('',*,*,#2699,.F.);
#2699 = EDGE_CURVE('',#2700,#2692,#2702,.T.);
#2700 = VERTEX_POINT('',#2701);
#2701 = CARTESIAN_POINT('',(71.360337,-115.30232,1.51));
#2702 = LINE('',#2703,#2704);
#2703 = CARTESIAN_POINT('',(71.360337,-115.30232,1.51));
#2704 = VECTOR('',#2705,1.);
#2705 = DIRECTION('',(-0.840101022316,0.542429969953,0.));
#2706 = ORIENTED_EDGE('',*,*,#2707,.F.);
#2707 = EDGE_CURVE('',#2708,#2700,#2710,.T.);
#2708 = VERTEX_POINT('',#2709);
#2709 = CARTESIAN_POINT('',(71.412846,-115.318548,1.51));
#2710 = LINE('',#2711,#2712);
#2711 = CARTESIAN_POINT('',(71.412846,-115.318548,1.51));
#2712 = VECTOR('',#2713,1.);
#2713 = DIRECTION('',(-0.955413187456,0.295272147747,0.));
#2714 = ORIENTED_EDGE('',*,*,#2715,.F.);
#2715 = EDGE_CURVE('',#2716,#2708,#2718,.T.);
#2716 = VERTEX_POINT('',#2717);
#2717 = CARTESIAN_POINT('',(71.46832,-115.32493,1.51));
#2718 = LINE('',#2719,#2720);
#2719 = CARTESIAN_POINT('',(71.46832,-115.32493,1.51));
#2720 = VECTOR('',#2721,1.);
#2721 = DIRECTION('',(-0.993447311074,0.114291032542,0.));
#2722 = ORIENTED_EDGE('',*,*,#2723,.F.);
#2723 = EDGE_CURVE('',#2724,#2716,#2726,.T.);
#2724 = VERTEX_POINT('',#2725);
#2725 = CARTESIAN_POINT('',(71.474776,-115.324999,1.51));
#2726 = LINE('',#2727,#2728);
#2727 = CARTESIAN_POINT('',(71.474776,-115.324999,1.51));
#2728 = VECTOR('',#2729,1.);
#2729 = DIRECTION('',(-0.999942891081,1.06871219788E-02,0.));
#2730 = ORIENTED_EDGE('',*,*,#2731,.F.);
#2731 = EDGE_CURVE('',#2732,#2724,#2734,.T.);
#2732 = VERTEX_POINT('',#2733);
#2733 = CARTESIAN_POINT('',(105.049994,-115.324999,1.51));
#2734 = LINE('',#2735,#2736);
#2735 = CARTESIAN_POINT('',(105.049994,-115.324999,1.51));
#2736 = VECTOR('',#2737,1.);
#2737 = DIRECTION('',(-1.,0.,0.));
#2738 = ORIENTED_EDGE('',*,*,#2739,.F.);
#2739 = EDGE_CURVE('',#2740,#2732,#2742,.T.);
#2740 = VERTEX_POINT('',#2741);
#2741 = CARTESIAN_POINT('',(105.39408,-115.305212,1.51));
#2742 = LINE('',#2743,#2744);
#2743 = CARTESIAN_POINT('',(105.39408,-115.305212,1.51));
#2744 = VECTOR('',#2745,1.);
#2745 = DIRECTION('',(-0.99835062124,-5.741112321481E-02,0.));
#2746 = ORIENTED_EDGE('',*,*,#2747,.F.);
#2747 = EDGE_CURVE('',#2748,#2740,#2750,.T.);
#2748 = VERTEX_POINT('',#2749);
#2749 = CARTESIAN_POINT('',(105.73393,-115.246008,1.51));
#2750 = LINE('',#2751,#2752);
#2751 = CARTESIAN_POINT('',(105.73393,-115.246008,1.51));
#2752 = VECTOR('',#2753,1.);
#2753 = DIRECTION('',(-0.985162950967,-0.171621560539,0.));
#2754 = ORIENTED_EDGE('',*,*,#2755,.F.);
#2755 = EDGE_CURVE('',#2756,#2748,#2758,.T.);
#2756 = VERTEX_POINT('',#2757);
#2757 = CARTESIAN_POINT('',(106.065318,-115.147963,1.51));
#2758 = LINE('',#2759,#2760);
#2759 = CARTESIAN_POINT('',(106.065318,-115.147963,1.51));
#2760 = VECTOR('',#2761,1.);
#2761 = DIRECTION('',(-0.958911562461,-0.283705155713,0.));
#2762 = ORIENTED_EDGE('',*,*,#2763,.F.);
#2763 = EDGE_CURVE('',#2764,#2756,#2766,.T.);
#2764 = VERTEX_POINT('',#2765);
#2765 = CARTESIAN_POINT('',(106.383811,-115.012182,1.51));
#2766 = LINE('',#2767,#2768);
#2767 = CARTESIAN_POINT('',(106.383811,-115.012182,1.51));
#2768 = VECTOR('',#2769,1.);
#2769 = DIRECTION('',(-0.919892127336,-0.392171485533,0.));
#2770 = ORIENTED_EDGE('',*,*,#2771,.F.);
#2771 = EDGE_CURVE('',#2772,#2764,#2774,.T.);
#2772 = VERTEX_POINT('',#2773);
#2773 = CARTESIAN_POINT('',(106.536757,-114.930682,1.51));
#2774 = LINE('',#2775,#2776);
#2775 = CARTESIAN_POINT('',(106.536757,-114.930682,1.51));
#2776 = VECTOR('',#2777,1.);
#2777 = DIRECTION('',(-0.882523472405,-0.47026834962,0.));
#2778 = ORIENTED_EDGE('',*,*,#2779,.F.);
#2779 = EDGE_CURVE('',#2780,#2772,#2782,.T.);
#2780 = VERTEX_POINT('',#2781);
#2781 = CARTESIAN_POINT('',(106.684994,-114.840322,1.51));
#2782 = LINE('',#2783,#2784);
#2783 = CARTESIAN_POINT('',(106.684994,-114.840322,1.51));
#2784 = VECTOR('',#2785,1.);
#2785 = DIRECTION('',(-0.853868918835,-0.520488106923,0.));
#2786 = ORIENTED_EDGE('',*,*,#2787,.F.);
#2787 = EDGE_CURVE('',#2788,#2780,#2790,.T.);
#2788 = VERTEX_POINT('',#2789);
#2789 = CARTESIAN_POINT('',(106.827587,-114.741659,1.51));
#2790 = LINE('',#2791,#2792);
#2791 = CARTESIAN_POINT('',(106.827587,-114.741659,1.51));
#2792 = VECTOR('',#2793,1.);
#2793 = DIRECTION('',(-0.822341230207,-0.568994640662,0.));
#2794 = ORIENTED_EDGE('',*,*,#2795,.F.);
#2795 = EDGE_CURVE('',#2796,#2788,#2798,.T.);
#2796 = VERTEX_POINT('',#2797);
#2797 = CARTESIAN_POINT('',(106.964699,-114.634536,1.51));
#2798 = LINE('',#2799,#2800);
#2799 = CARTESIAN_POINT('',(106.964699,-114.634536,1.51));
#2800 = VECTOR('',#2801,1.);
#2801 = DIRECTION('',(-0.788012523645,-0.615659209773,0.));
#2802 = ORIENTED_EDGE('',*,*,#2803,.F.);
#2803 = EDGE_CURVE('',#2804,#2796,#2806,.T.);
#2804 = VERTEX_POINT('',#2805);
#2805 = CARTESIAN_POINT('',(107.171316,-114.446319,1.51));
#2806 = LINE('',#2807,#2808);
#2807 = CARTESIAN_POINT('',(107.171316,-114.446319,1.51));
#2808 = VECTOR('',#2809,1.);
#2809 = DIRECTION('',(-0.739256975311,-0.673423436223,0.));
#2810 = ORIENTED_EDGE('',*,*,#2811,.F.);
#2811 = EDGE_CURVE('',#2812,#2804,#2814,.T.);
#2812 = VERTEX_POINT('',#2813);
#2813 = CARTESIAN_POINT('',(107.400629,-114.189022,1.51));
#2814 = LINE('',#2815,#2816);
#2815 = CARTESIAN_POINT('',(107.400629,-114.189022,1.51));
#2816 = VECTOR('',#2817,1.);
#2817 = DIRECTION('',(-0.665343141895,-0.746537677236,0.));
#2818 = ORIENTED_EDGE('',*,*,#2819,.F.);
#2819 = EDGE_CURVE('',#2820,#2812,#2822,.T.);
#2820 = VERTEX_POINT('',#2821);
#2821 = CARTESIAN_POINT('',(107.599076,-113.906848,1.51));
#2822 = LINE('',#2823,#2824);
#2823 = CARTESIAN_POINT('',(107.599076,-113.906848,1.51));
#2824 = VECTOR('',#2825,1.);
#2825 = DIRECTION('',(-0.575260948575,-0.817969951187,0.));
#2826 = ORIENTED_EDGE('',*,*,#2827,.F.);
#2827 = EDGE_CURVE('',#2828,#2820,#2830,.T.);
#2828 = VERTEX_POINT('',#2829);
#2829 = CARTESIAN_POINT('',(107.764074,-113.603193,1.51));
#2830 = LINE('',#2831,#2832);
#2831 = CARTESIAN_POINT('',(107.764074,-113.603193,1.51));
#2832 = VECTOR('',#2833,1.);
#2833 = DIRECTION('',(-0.47744207934,-0.878663223809,0.));
#2834 = ORIENTED_EDGE('',*,*,#2835,.F.);
#2835 = EDGE_CURVE('',#2836,#2828,#2838,.T.);
#2836 = VERTEX_POINT('',#2837);
#2837 = CARTESIAN_POINT('',(107.893271,-113.281971,1.51));
#2838 = LINE('',#2839,#2840);
#2839 = CARTESIAN_POINT('',(107.893271,-113.281971,1.51));
#2840 = VECTOR('',#2841,1.);
#2841 = DIRECTION('',(-0.373153333472,-0.927769685708,0.));
#2842 = ORIENTED_EDGE('',*,*,#2843,.F.);
#2843 = EDGE_CURVE('',#2844,#2836,#2846,.T.);
#2844 = VERTEX_POINT('',#2845);
#2845 = CARTESIAN_POINT('',(107.943791,-113.116193,1.51));
#2846 = LINE('',#2847,#2848);
#2847 = CARTESIAN_POINT('',(107.943791,-113.116193,1.51));
#2848 = VECTOR('',#2849,1.);
#2849 = DIRECTION('',(-0.291509224627,-0.956568017423,0.));
#2850 = ORIENTED_EDGE('',*,*,#2851,.F.);
#2851 = EDGE_CURVE('',#2852,#2844,#2854,.T.);
#2852 = VERTEX_POINT('',#2853);
#2853 = CARTESIAN_POINT('',(107.984716,-112.947479,1.51));
#2854 = LINE('',#2855,#2856);
#2855 = CARTESIAN_POINT('',(107.984716,-112.947479,1.51));
#2856 = VECTOR('',#2857,1.);
#2857 = DIRECTION('',(-0.23573405548,-0.971817603816,0.));
#2858 = ORIENTED_EDGE('',*,*,#2859,.F.);
#2859 = EDGE_CURVE('',#2860,#2852,#2862,.T.);
#2860 = VERTEX_POINT('',#2861);
#2861 = CARTESIAN_POINT('',(108.015779,-112.776886,1.51));
#2862 = LINE('',#2863,#2864);
#2863 = CARTESIAN_POINT('',(108.015779,-112.776886,1.51));
#2864 = VECTOR('',#2865,1.);
#2865 = DIRECTION('',(-0.179142736023,-0.98382309392,0.));
#2866 = ORIENTED_EDGE('',*,*,#2867,.F.);
#2867 = EDGE_CURVE('',#2868,#2860,#2870,.T.);
#2868 = VERTEX_POINT('',#2869);
#2869 = CARTESIAN_POINT('',(108.036985,-112.604186,1.51));
#2870 = LINE('',#2871,#2872);
#2871 = CARTESIAN_POINT('',(108.036985,-112.604186,1.51));
#2872 = VECTOR('',#2873,1.);
#2873 = DIRECTION('',(-0.121875607305,-0.992545382511,0.));
#2874 = ORIENTED_EDGE('',*,*,#2875,.F.);
#2875 = EDGE_CURVE('',#2876,#2868,#2878,.T.);
#2876 = VERTEX_POINT('',#2877);
#2877 = CARTESIAN_POINT('',(108.049995,-112.325,1.51));
#2878 = LINE('',#2879,#2880);
#2879 = CARTESIAN_POINT('',(108.049995,-112.325,1.51));
#2880 = VECTOR('',#2881,1.);
#2881 = DIRECTION('',(-4.65492435636E-02,-0.99891599643,0.));
#2882 = ORIENTED_EDGE('',*,*,#2883,.F.);
#2883 = EDGE_CURVE('',#2884,#2876,#2886,.T.);
#2884 = VERTEX_POINT('',#2885);
#2885 = CARTESIAN_POINT('',(108.049994,-84.324264,1.51));
#2886 = LINE('',#2887,#2888);
#2887 = CARTESIAN_POINT('',(108.049994,-84.324264,1.51));
#2888 = VECTOR('',#2889,1.);
#2889 = DIRECTION('',(3.571334687328E-08,-1.,0.));
#2890 = ORIENTED_EDGE('',*,*,#2891,.F.);
#2891 = EDGE_CURVE('',#2892,#2884,#2894,.T.);
#2892 = VERTEX_POINT('',#2893);
#2893 = CARTESIAN_POINT('',(108.030269,-83.980391,1.51));
#2894 = LINE('',#2895,#2896);
#2895 = CARTESIAN_POINT('',(108.030269,-83.980391,1.51));
#2896 = VECTOR('',#2897,1.);
#2897 = DIRECTION('',(5.726715706121E-02,-0.99835888974,0.));
#2898 = ORIENTED_EDGE('',*,*,#2899,.F.);
#2899 = EDGE_CURVE('',#2900,#2892,#2902,.T.);
#2900 = VERTEX_POINT('',#2901);
#2901 = CARTESIAN_POINT('',(107.971294,-83.641272,1.51));
#2902 = LINE('',#2903,#2904);
#2903 = CARTESIAN_POINT('',(107.971294,-83.641272,1.51));
#2904 = VECTOR('',#2905,1.);
#2905 = DIRECTION('',(0.171334921877,-0.985212842256,0.));
#2906 = ORIENTED_EDGE('',*,*,#2907,.F.);
#2907 = EDGE_CURVE('',#2908,#2900,#2910,.T.);
#2908 = VERTEX_POINT('',#2909);
#2909 = CARTESIAN_POINT('',(107.873641,-83.31069,1.51));
#2910 = LINE('',#2911,#2912);
#2911 = CARTESIAN_POINT('',(107.873641,-83.31069,1.51));
#2912 = VECTOR('',#2913,1.);
#2913 = DIRECTION('',(0.283295567379,-0.95903264882,0.));
#2914 = ORIENTED_EDGE('',*,*,#2915,.F.);
#2915 = EDGE_CURVE('',#2916,#2908,#2918,.T.);
#2916 = VERTEX_POINT('',#2917);
#2917 = CARTESIAN_POINT('',(107.738347,-82.992789,1.51));
#2918 = LINE('',#2919,#2920);
#2919 = CARTESIAN_POINT('',(107.738347,-82.992789,1.51));
#2920 = VECTOR('',#2921,1.);
#2921 = DIRECTION('',(0.391596772693,-0.920136928732,0.));
#2922 = ORIENTED_EDGE('',*,*,#2923,.F.);
#2923 = EDGE_CURVE('',#2924,#2916,#2926,.T.);
#2924 = VERTEX_POINT('',#2925);
#2925 = CARTESIAN_POINT('',(107.567021,-82.691901,1.51));
#2926 = LINE('',#2927,#2928);
#2927 = CARTESIAN_POINT('',(107.567021,-82.691901,1.51));
#2928 = VECTOR('',#2929,1.);
#2929 = DIRECTION('',(0.494810266468,-0.869001035786,0.));
#2930 = ORIENTED_EDGE('',*,*,#2931,.F.);
#2931 = EDGE_CURVE('',#2932,#2924,#2934,.T.);
#2932 = VERTEX_POINT('',#2933);
#2933 = CARTESIAN_POINT('',(107.468546,-82.549234,1.51));
#2934 = LINE('',#2935,#2936);
#2935 = CARTESIAN_POINT('',(107.468546,-82.549234,1.51));
#2936 = VECTOR('',#2937,1.);
#2937 = DIRECTION('',(0.568061152773,-0.822986346612,0.));
#2938 = ORIENTED_EDGE('',*,*,#2939,.F.);
#2939 = EDGE_CURVE('',#2940,#2932,#2942,.T.);
#2940 = VERTEX_POINT('',#2941);
#2941 = CARTESIAN_POINT('',(107.361853,-82.412312,1.51));
#2942 = LINE('',#2943,#2944);
#2943 = CARTESIAN_POINT('',(107.361853,-82.412312,1.51));
#2944 = VECTOR('',#2945,1.);
#2945 = DIRECTION('',(0.614651485384,-0.788798802937,0.));
#2946 = ORIENTED_EDGE('',*,*,#2947,.F.);
#2947 = EDGE_CURVE('',#2948,#2940,#2950,.T.);
#2948 = VERTEX_POINT('',#2949);
#2949 = CARTESIAN_POINT('',(107.247553,-82.281932,1.51));
#2950 = LINE('',#2951,#2952);
#2951 = CARTESIAN_POINT('',(107.247553,-82.281932,1.51));
#2952 = VECTOR('',#2953,1.);
#2953 = DIRECTION('',(0.659214777484,-0.751954704185,0.));
#2954 = ORIENTED_EDGE('',*,*,#2955,.F.);
#2955 = EDGE_CURVE('',#2956,#2948,#2958,.T.);
#2956 = VERTEX_POINT('',#2957);
#2957 = CARTESIAN_POINT('',(107.125538,-82.158026,1.51));
#2958 = LINE('',#2959,#2960);
#2959 = CARTESIAN_POINT('',(107.125538,-82.158026,1.51));
#2960 = VECTOR('',#2961,1.);
#2961 = DIRECTION('',(0.701648767821,-0.712522986728,0.));
#2962 = ORIENTED_EDGE('',*,*,#2963,.F.);
#2963 = EDGE_CURVE('',#2964,#2956,#2966,.T.);
#2964 = VERTEX_POINT('',#2965);
#2965 = CARTESIAN_POINT('',(106.996909,-82.041724,1.51));
#2966 = LINE('',#2967,#2968);
#2967 = CARTESIAN_POINT('',(106.996909,-82.041724,1.51));
#2968 = VECTOR('',#2969,1.);
#2969 = DIRECTION('',(0.741755554256,-0.670670334614,0.));
#2970 = ORIENTED_EDGE('',*,*,#2971,.F.);
#2971 = EDGE_CURVE('',#2972,#2964,#2974,.T.);
#2972 = VERTEX_POINT('',#2973);
#2973 = CARTESIAN_POINT('',(106.86111,-81.932565,1.51));
#2974 = LINE('',#2975,#2976);
#2975 = CARTESIAN_POINT('',(106.86111,-81.932565,1.51));
#2976 = VECTOR('',#2977,1.);
#2977 = DIRECTION('',(0.779411390303,-0.626512477662,0.));
#2978 = ORIENTED_EDGE('',*,*,#2979,.F.);
#2979 = EDGE_CURVE('',#2980,#2972,#2982,.T.);
#2980 = VERTEX_POINT('',#2981);
#2981 = CARTESIAN_POINT('',(106.719725,-81.831837,1.51));
#2982 = LINE('',#2983,#2984);
#2983 = CARTESIAN_POINT('',(106.719725,-81.831837,1.51));
#2984 = VECTOR('',#2985,1.);
#2985 = DIRECTION('',(0.814444746595,-0.580241117764,0.));
#2986 = ORIENTED_EDGE('',*,*,#2987,.F.);
#2987 = EDGE_CURVE('',#2988,#2980,#2990,.T.);
#2988 = VERTEX_POINT('',#2989);
#2989 = CARTESIAN_POINT('',(106.571734,-81.738854,1.51));
#2990 = LINE('',#2991,#2992);
#2991 = CARTESIAN_POINT('',(106.571734,-81.738854,1.51));
#2992 = VECTOR('',#2993,1.);
#2993 = DIRECTION('',(0.84673942773,-0.532007839724,0.));
#2994 = ORIENTED_EDGE('',*,*,#2995,.F.);
#2995 = EDGE_CURVE('',#2996,#2988,#2998,.T.);
#2996 = VERTEX_POINT('',#2997);
#2997 = CARTESIAN_POINT('',(106.511816,-81.704513,1.51));
#2998 = LINE('',#2999,#3000);
#2999 = CARTESIAN_POINT('',(106.511816,-81.704513,1.51));
#3000 = VECTOR('',#3001,1.);
#3001 = DIRECTION('',(0.867605311626,-0.497253479865,0.));
#3002 = ORIENTED_EDGE('',*,*,#3003,.F.);
#3003 = EDGE_CURVE('',#3004,#2996,#3006,.T.);
#3004 = VERTEX_POINT('',#3005);
#3005 = CARTESIAN_POINT('',(105.906843,-81.379897,1.51));
#3006 = LINE('',#3007,#3008);
#3007 = CARTESIAN_POINT('',(105.906843,-81.379897,1.51));
#3008 = VECTOR('',#3009,1.);
#3009 = DIRECTION('',(0.881162488172,-0.472813567317,0.));
#3010 = ORIENTED_EDGE('',*,*,#3011,.F.);
#3011 = EDGE_CURVE('',#3012,#3004,#3014,.T.);
#3012 = VERTEX_POINT('',#3013);
#3013 = CARTESIAN_POINT('',(105.498868,-81.175165,1.51));
#3014 = LINE('',#3015,#3016);
#3015 = CARTESIAN_POINT('',(105.498868,-81.175165,1.51));
#3016 = VECTOR('',#3017,1.);
#3017 = DIRECTION('',(0.893773832002,-0.448517934122,0.));
#3018 = ORIENTED_EDGE('',*,*,#3019,.F.);
#3019 = EDGE_CURVE('',#3020,#3012,#3022,.T.);
#3020 = VERTEX_POINT('',#3021);
#3021 = CARTESIAN_POINT('',(105.087538,-80.979915,1.51));
#3022 = LINE('',#3023,#3024);
#3023 = CARTESIAN_POINT('',(105.087538,-80.979915,1.51));
#3024 = VECTOR('',#3025,1.);
#3025 = DIRECTION('',(0.903389616284,-0.428820709842,0.));
#3026 = ORIENTED_EDGE('',*,*,#3027,.F.);
#3027 = EDGE_CURVE('',#3028,#3020,#3030,.T.);
#3028 = VERTEX_POINT('',#3029);
#3029 = CARTESIAN_POINT('',(104.254323,-80.617532,1.51));
#3030 = LINE('',#3031,#3032);
#3031 = CARTESIAN_POINT('',(104.254323,-80.617532,1.51));
#3032 = VECTOR('',#3033,1.);
#3033 = DIRECTION('',(0.917023524506,-0.39883311736,0.));
#3034 = ORIENTED_EDGE('',*,*,#3035,.F.);
#3035 = EDGE_CURVE('',#3036,#3028,#3038,.T.);
#3036 = VERTEX_POINT('',#3037);
#3037 = CARTESIAN_POINT('',(103.407045,-80.29255,1.51));
#3038 = LINE('',#3039,#3040);
#3039 = CARTESIAN_POINT('',(103.407045,-80.29255,1.51));
#3040 = VECTOR('',#3041,1.);
#3041 = DIRECTION('',(0.933675348232,-0.358120572019,0.));
#3042 = ORIENTED_EDGE('',*,*,#3043,.F.);
#3043 = EDGE_CURVE('',#3044,#3036,#3046,.T.);
#3044 = VERTEX_POINT('',#3045);
#3045 = CARTESIAN_POINT('',(102.545518,-80.004866,1.51));
#3046 = LINE('',#3047,#3048);
#3047 = CARTESIAN_POINT('',(102.545518,-80.004866,1.51));
#3048 = VECTOR('',#3049,1.);
#3049 = DIRECTION('',(0.94851526643,-0.316731415159,0.));
#3050 = ORIENTED_EDGE('',*,*,#3051,.F.);
#3051 = EDGE_CURVE('',#3052,#3044,#3054,.T.);
#3052 = VERTEX_POINT('',#3053);
#3053 = CARTESIAN_POINT('',(101.77124,-79.781425,1.51));
#3054 = LINE('',#3055,#3056);
#3055 = CARTESIAN_POINT('',(101.77124,-79.781425,1.51));
#3056 = VECTOR('',#3057,1.);
#3057 = DIRECTION('',(0.960793323683,-0.277265557122,0.));
#3058 = ORIENTED_EDGE('',*,*,#3059,.F.);
#3059 = EDGE_CURVE('',#3060,#3052,#3062,.T.);
#3060 = VERTEX_POINT('',#3061);
#3061 = CARTESIAN_POINT('',(99.631065,-79.22911,1.51));
#3062 = LINE('',#3063,#3064);
#3063 = CARTESIAN_POINT('',(99.631065,-79.22911,1.51));
#3064 = VECTOR('',#3065,1.);
#3065 = DIRECTION('',(0.968276034827,-0.249883013387,0.));
#3066 = ORIENTED_EDGE('',*,*,#3067,.F.);
#3067 = EDGE_CURVE('',#3068,#3060,#3070,.T.);
#3068 = VERTEX_POINT('',#3069);
#3069 = CARTESIAN_POINT('',(97.480809,-78.715496,1.51));
#3070 = LINE('',#3071,#3072);
#3071 = CARTESIAN_POINT('',(97.480809,-78.715496,1.51));
#3072 = VECTOR('',#3073,1.);
#3073 = DIRECTION('',(0.972637963585,-0.232326046307,0.));
#3074 = ORIENTED_EDGE('',*,*,#3075,.F.);
#3075 = EDGE_CURVE('',#3076,#3068,#3078,.T.);
#3076 = VERTEX_POINT('',#3077);
#3077 = CARTESIAN_POINT('',(96.665056,-78.531356,1.51));
#3078 = LINE('',#3079,#3080);
#3079 = CARTESIAN_POINT('',(96.665056,-78.531356,1.51));
#3080 = VECTOR('',#3081,1.);
#3081 = DIRECTION('',(0.975457002751,-0.220189999285,0.));
#3082 = ORIENTED_EDGE('',*,*,#3083,.F.);
#3083 = EDGE_CURVE('',#3084,#3076,#3086,.T.);
#3084 = VERTEX_POINT('',#3085);
#3085 = CARTESIAN_POINT('',(94.502263,-78.071393,1.51));
#3086 = LINE('',#3087,#3088);
#3087 = CARTESIAN_POINT('',(94.502263,-78.071393,1.51));
#3088 = VECTOR('',#3089,1.);
#3089 = DIRECTION('',(0.978124863059,-0.208018634417,0.));
#3090 = ORIENTED_EDGE('',*,*,#3091,.F.);
#3091 = EDGE_CURVE('',#3092,#3084,#3094,.T.);
#3092 = VERTEX_POINT('',#3093);
#3093 = CARTESIAN_POINT('',(93.417132,-77.855951,1.51));
#3094 = LINE('',#3095,#3096);
#3095 = CARTESIAN_POINT('',(93.417132,-77.855951,1.51));
#3096 = VECTOR('',#3097,1.);
#3097 = DIRECTION('',(0.980855087069,-0.194739051477,0.));
#3098 = ORIENTED_EDGE('',*,*,#3099,.F.);
#3099 = EDGE_CURVE('',#112,#3092,#3100,.T.);
#3100 = LINE('',#3101,#3102);
#3101 = CARTESIAN_POINT('',(92.330094,-77.650325,1.51));
#3102 = VECTOR('',#3103,1.);
#3103 = DIRECTION('',(0.982575171551,-0.18586562956,0.));
#3104 = ORIENTED_EDGE('',*,*,#111,.F.);
#3105 = FACE_BOUND('',#3106,.T.);
#3106 = EDGE_LOOP('',(#3107));
#3107 = ORIENTED_EDGE('',*,*,#3108,.T.);
#3108 = EDGE_CURVE('',#3109,#3109,#3111,.T.);
#3109 = VERTEX_POINT('',#3110);
#3110 = CARTESIAN_POINT('',(44.65,-101.3,1.51));
#3111 = CIRCLE('',#3112,0.5);
#3112 = AXIS2_PLACEMENT_3D('',#3113,#3114,#3115);
#3113 = CARTESIAN_POINT('',(44.65,-100.8,1.51));
#3114 = DIRECTION('',(-0.,0.,-1.));
#3115 = DIRECTION('',(-0.,-1.,0.));
#3116 = FACE_BOUND('',#3117,.T.);
#3117 = EDGE_LOOP('',(#3118));
#3118 = ORIENTED_EDGE('',*,*,#3119,.T.);
#3119 = EDGE_CURVE('',#3120,#3120,#3122,.T.);
#3120 = VERTEX_POINT('',#3121);
#3121 = CARTESIAN_POINT('',(47.75,-101.35,1.51));
#3122 = CIRCLE('',#3123,0.5);
#3123 = AXIS2_PLACEMENT_3D('',#3124,#3125,#3126);
#3124 = CARTESIAN_POINT('',(47.75,-100.85,1.51));
#3125 = DIRECTION('',(-0.,0.,-1.));
#3126 = DIRECTION('',(-0.,-1.,0.));
#3127 = FACE_BOUND('',#3128,.T.);
#3128 = EDGE_LOOP('',(#3129));
#3129 = ORIENTED_EDGE('',*,*,#3130,.T.);
#3130 = EDGE_CURVE('',#3131,#3131,#3133,.T.);
#3131 = VERTEX_POINT('',#3132);
#3132 = CARTESIAN_POINT('',(80.7,-105.9191,1.51));
#3133 = CIRCLE('',#3134,0.5);
#3134 = AXIS2_PLACEMENT_3D('',#3135,#3136,#3137);
#3135 = CARTESIAN_POINT('',(80.7,-105.4191,1.51));
#3136 = DIRECTION('',(-0.,0.,-1.));
#3137 = DIRECTION('',(-0.,-1.,0.));
#3138 = FACE_BOUND('',#3139,.T.);
#3139 = EDGE_LOOP('',(#3140));
#3140 = ORIENTED_EDGE('',*,*,#3141,.T.);
#3141 = EDGE_CURVE('',#3142,#3142,#3144,.T.);
#3142 = VERTEX_POINT('',#3143);
#3143 = CARTESIAN_POINT('',(80.8,-103.025,1.51));
#3144 = CIRCLE('',#3145,0.5);
#3145 = AXIS2_PLACEMENT_3D('',#3146,#3147,#3148);
#3146 = CARTESIAN_POINT('',(80.8,-102.525,1.51));
#3147 = DIRECTION('',(-0.,0.,-1.));
#3148 = DIRECTION('',(-0.,-1.,0.));
#3149 = FACE_BOUND('',#3150,.T.);
#3150 = EDGE_LOOP('',(#3151,#3161,#3169,#3177,#3185,#3193,#3201,#3209,
    #3217,#3225,#3233,#3241,#3249,#3257,#3265,#3273,#3281,#3289,#3297,
    #3305,#3313,#3321,#3329,#3337,#3345,#3353,#3361,#3369,#3377,#3385,
    #3393,#3401,#3409,#3417,#3425,#3433,#3441,#3449,#3457,#3465,#3473,
    #3481,#3489,#3497,#3505,#3513,#3521,#3529));
#3151 = ORIENTED_EDGE('',*,*,#3152,.F.);
#3152 = EDGE_CURVE('',#3153,#3155,#3157,.T.);
#3153 = VERTEX_POINT('',#3154);
#3154 = CARTESIAN_POINT('',(69.812721,-88.444604,1.51));
#3155 = VERTEX_POINT('',#3156);
#3156 = CARTESIAN_POINT('',(69.575465,-88.503742,1.51));
#3157 = LINE('',#3158,#3159);
#3158 = CARTESIAN_POINT('',(69.812721,-88.444604,1.51));
#3159 = VECTOR('',#3160,1.);
#3160 = DIRECTION('',(-0.970311626313,-0.241858115103,0.));
#3161 = ORIENTED_EDGE('',*,*,#3162,.F.);
#3162 = EDGE_CURVE('',#3163,#3153,#3165,.T.);
#3163 = VERTEX_POINT('',#3164);
#3164 = CARTESIAN_POINT('',(70.049998,-88.425,1.51));
#3165 = LINE('',#3166,#3167);
#3166 = CARTESIAN_POINT('',(70.049998,-88.425,1.51));
#3167 = VECTOR('',#3168,1.);
#3168 = DIRECTION('',(-0.996604282117,-8.234017771056E-02,0.));
#3169 = ORIENTED_EDGE('',*,*,#3170,.F.);
#3170 = EDGE_CURVE('',#3171,#3163,#3173,.T.);
#3171 = VERTEX_POINT('',#3172);
#3172 = CARTESIAN_POINT('',(70.247648,-88.438615,1.51));
#3173 = LINE('',#3174,#3175);
#3174 = CARTESIAN_POINT('',(70.247648,-88.438615,1.51));
#3175 = VECTOR('',#3176,1.);
#3176 = DIRECTION('',(-0.997635880394,6.872154066058E-02,0.));
#3177 = ORIENTED_EDGE('',*,*,#3178,.F.);
#3178 = EDGE_CURVE('',#3179,#3171,#3181,.T.);
#3179 = VERTEX_POINT('',#3180);
#3180 = CARTESIAN_POINT('',(70.36946,-88.460521,1.51));
#3181 = LINE('',#3182,#3183);
#3182 = CARTESIAN_POINT('',(70.36946,-88.460521,1.51));
#3183 = VECTOR('',#3184,1.);
#3184 = DIRECTION('',(-0.98421171101,0.176995220023,0.));
#3185 = ORIENTED_EDGE('',*,*,#3186,.F.);
#3186 = EDGE_CURVE('',#3187,#3179,#3189,.T.);
#3187 = VERTEX_POINT('',#3188);
#3188 = CARTESIAN_POINT('',(70.489188,-88.492333,1.51));
#3189 = LINE('',#3190,#3191);
#3190 = CARTESIAN_POINT('',(70.489188,-88.492333,1.51));
#3191 = VECTOR('',#3192,1.);
#3192 = DIRECTION('',(-0.966466597962,0.256792357798,0.));
#3193 = ORIENTED_EDGE('',*,*,#3194,.F.);
#3194 = EDGE_CURVE('',#3195,#3187,#3197,.T.);
#3195 = VERTEX_POINT('',#3196);
#3196 = CARTESIAN_POINT('',(70.719434,-88.584474,1.51));
#3197 = LINE('',#3198,#3199);
#3198 = CARTESIAN_POINT('',(70.719434,-88.584474,1.51));
#3199 = VECTOR('',#3200,1.);
#3200 = DIRECTION('',(-0.928417446203,0.371538753814,0.));
#3201 = ORIENTED_EDGE('',*,*,#3202,.F.);
#3202 = EDGE_CURVE('',#3203,#3195,#3205,.T.);
#3203 = VERTEX_POINT('',#3204);
#3204 = CARTESIAN_POINT('',(70.929017,-88.710424,1.51));
#3205 = LINE('',#3206,#3207);
#3206 = CARTESIAN_POINT('',(70.929017,-88.710424,1.51));
#3207 = VECTOR('',#3208,1.);
#3208 = DIRECTION('',(-0.85713149768,0.515097656455,0.));
#3209 = ORIENTED_EDGE('',*,*,#3210,.F.);
#3210 = EDGE_CURVE('',#3211,#3203,#3213,.T.);
#3211 = VERTEX_POINT('',#3212);
#3212 = CARTESIAN_POINT('',(71.110659,-88.864341,1.51));
#3213 = LINE('',#3214,#3215);
#3214 = CARTESIAN_POINT('',(71.110659,-88.864341,1.51));
#3215 = VECTOR('',#3216,1.);
#3216 = DIRECTION('',(-0.762930606877,0.646480385696,0.));
#3217 = ORIENTED_EDGE('',*,*,#3218,.F.);
#3218 = EDGE_CURVE('',#3219,#3211,#3221,.T.);
#3219 = VERTEX_POINT('',#3220);
#3220 = CARTESIAN_POINT('',(71.24079,-89.013727,1.51));
#3221 = LINE('',#3222,#3223);
#3222 = CARTESIAN_POINT('',(71.24079,-89.013727,1.51));
#3223 = VECTOR('',#3224,1.);
#3224 = DIRECTION('',(-0.656839906385,0.754030063976,0.));
#3225 = ORIENTED_EDGE('',*,*,#3226,.F.);
#3226 = EDGE_CURVE('',#3227,#3219,#3229,.T.);
#3227 = VERTEX_POINT('',#3228);
#3228 = CARTESIAN_POINT('',(71.311435,-89.115351,1.51));
#3229 = LINE('',#3230,#3231);
#3230 = CARTESIAN_POINT('',(71.311435,-89.115351,1.51));
#3231 = VECTOR('',#3232,1.);
#3232 = DIRECTION('',(-0.570792453031,0.821094376769,0.));
#3233 = ORIENTED_EDGE('',*,*,#3234,.F.);
#3234 = EDGE_CURVE('',#3235,#3227,#3237,.T.);
#3235 = VERTEX_POINT('',#3236);
#3236 = CARTESIAN_POINT('',(71.3736,-89.222506,1.51));
#3237 = LINE('',#3238,#3239);
#3238 = CARTESIAN_POINT('',(71.3736,-89.222506,1.51));
#3239 = VECTOR('',#3240,1.);
#3240 = DIRECTION('',(-0.501809295048,0.864978283775,0.));
#3241 = ORIENTED_EDGE('',*,*,#3242,.F.);
#3242 = EDGE_CURVE('',#3243,#3235,#3245,.T.);
#3243 = VERTEX_POINT('',#3244);
#3244 = CARTESIAN_POINT('',(71.471256,-89.450468,1.51));
#3245 = LINE('',#3246,#3247);
#3246 = CARTESIAN_POINT('',(71.471256,-89.450468,1.51));
#3247 = VECTOR('',#3248,1.);
#3248 = DIRECTION('',(-0.393776217432,0.919206337329,0.));
#3249 = ORIENTED_EDGE('',*,*,#3250,.F.);
#3250 = EDGE_CURVE('',#3251,#3243,#3253,.T.);
#3251 = VERTEX_POINT('',#3252);
#3252 = CARTESIAN_POINT('',(71.530394,-89.687725,1.51));
#3253 = LINE('',#3254,#3255);
#3254 = CARTESIAN_POINT('',(71.530394,-89.687725,1.51));
#3255 = VECTOR('',#3256,1.);
#3256 = DIRECTION('',(-0.24185715534,0.970311865542,0.));
#3257 = ORIENTED_EDGE('',*,*,#3258,.F.);
#3258 = EDGE_CURVE('',#3259,#3251,#3261,.T.);
#3259 = VERTEX_POINT('',#3260);
#3260 = CARTESIAN_POINT('',(71.549998,-89.925,1.51));
#3261 = LINE('',#3262,#3263);
#3262 = CARTESIAN_POINT('',(71.549998,-89.925,1.51));
#3263 = VECTOR('',#3264,1.);
#3264 = DIRECTION('',(-8.234086705341E-02,0.996604225163,0.));
#3265 = ORIENTED_EDGE('',*,*,#3266,.F.);
#3266 = EDGE_CURVE('',#3267,#3259,#3269,.T.);
#3267 = VERTEX_POINT('',#3268);
#3268 = CARTESIAN_POINT('',(71.536383,-90.122647,1.51));
#3269 = LINE('',#3270,#3271);
#3270 = CARTESIAN_POINT('',(71.536383,-90.122647,1.51));
#3271 = VECTOR('',#3272,1.);
#3272 = DIRECTION('',(6.872257882942E-02,0.99763580888,0.));
#3273 = ORIENTED_EDGE('',*,*,#3274,.F.);
#3274 = EDGE_CURVE('',#3275,#3267,#3277,.T.);
#3275 = VERTEX_POINT('',#3276);
#3276 = CARTESIAN_POINT('',(71.514478,-90.24446,1.51));
#3277 = LINE('',#3278,#3279);
#3278 = CARTESIAN_POINT('',(71.514478,-90.24446,1.51));
#3279 = VECTOR('',#3280,1.);
#3280 = DIRECTION('',(0.176985985932,0.984213371573,0.));
#3281 = ORIENTED_EDGE('',*,*,#3282,.F.);
#3282 = EDGE_CURVE('',#3283,#3275,#3285,.T.);
#3283 = VERTEX_POINT('',#3284);
#3284 = CARTESIAN_POINT('',(71.482666,-90.364188,1.51));
#3285 = LINE('',#3286,#3287);
#3286 = CARTESIAN_POINT('',(71.482666,-90.364188,1.51));
#3287 = VECTOR('',#3288,1.);
#3288 = DIRECTION('',(0.256792357798,0.966466597962,0.));
#3289 = ORIENTED_EDGE('',*,*,#3290,.F.);
#3290 = EDGE_CURVE('',#3291,#3283,#3293,.T.);
#3291 = VERTEX_POINT('',#3292);
#3292 = CARTESIAN_POINT('',(71.390525,-90.594434,1.51));
#3293 = LINE('',#3294,#3295);
#3294 = CARTESIAN_POINT('',(71.390525,-90.594434,1.51));
#3295 = VECTOR('',#3296,1.);
#3296 = DIRECTION('',(0.371538753814,0.928417446203,0.));
#3297 = ORIENTED_EDGE('',*,*,#3298,.F.);
#3298 = EDGE_CURVE('',#3299,#3291,#3301,.T.);
#3299 = VERTEX_POINT('',#3300);
#3300 = CARTESIAN_POINT('',(71.264576,-90.804018,1.51));
#3301 = LINE('',#3302,#3303);
#3302 = CARTESIAN_POINT('',(71.264576,-90.804018,1.51));
#3303 = VECTOR('',#3304,1.);
#3304 = DIRECTION('',(0.515092846227,0.857134388393,0.));
#3305 = ORIENTED_EDGE('',*,*,#3306,.F.);
#3306 = EDGE_CURVE('',#3307,#3299,#3309,.T.);
#3307 = VERTEX_POINT('',#3308);
#3308 = CARTESIAN_POINT('',(71.110659,-90.98566,1.51));
#3309 = LINE('',#3310,#3311);
#3310 = CARTESIAN_POINT('',(71.110659,-90.98566,1.51));
#3311 = VECTOR('',#3312,1.);
#3312 = DIRECTION('',(0.646480385697,0.762930606877,0.));
#3313 = ORIENTED_EDGE('',*,*,#3314,.F.);
#3314 = EDGE_CURVE('',#3315,#3307,#3317,.T.);
#3315 = VERTEX_POINT('',#3316);
#3316 = CARTESIAN_POINT('',(70.961273,-91.115791,1.51));
#3317 = LINE('',#3318,#3319);
#3318 = CARTESIAN_POINT('',(70.961273,-91.115791,1.51));
#3319 = VECTOR('',#3320,1.);
#3320 = DIRECTION('',(0.754030063976,0.656839906385,0.));
#3321 = ORIENTED_EDGE('',*,*,#3322,.F.);
#3322 = EDGE_CURVE('',#3323,#3315,#3325,.T.);
#3323 = VERTEX_POINT('',#3324);
#3324 = CARTESIAN_POINT('',(70.859649,-91.186436,1.51));
#3325 = LINE('',#3326,#3327);
#3326 = CARTESIAN_POINT('',(70.859649,-91.186436,1.51));
#3327 = VECTOR('',#3328,1.);
#3328 = DIRECTION('',(0.821094376769,0.570792453031,0.));
#3329 = ORIENTED_EDGE('',*,*,#3330,.F.);
#3330 = EDGE_CURVE('',#3331,#3323,#3333,.T.);
#3331 = VERTEX_POINT('',#3332);
#3332 = CARTESIAN_POINT('',(70.752494,-91.248602,1.51));
#3333 = LINE('',#3334,#3335);
#3334 = CARTESIAN_POINT('',(70.752494,-91.248602,1.51));
#3335 = VECTOR('',#3336,1.);
#3336 = DIRECTION('',(0.86497477999,0.501815334542,0.));
#3337 = ORIENTED_EDGE('',*,*,#3338,.F.);
#3338 = EDGE_CURVE('',#3339,#3331,#3341,.T.);
#3339 = VERTEX_POINT('',#3340);
#3340 = CARTESIAN_POINT('',(70.524531,-91.346257,1.51));
#3341 = LINE('',#3342,#3343);
#3342 = CARTESIAN_POINT('',(70.524531,-91.346257,1.51));
#3343 = VECTOR('',#3344,1.);
#3344 = DIRECTION('',(0.919208422085,0.393771350872,0.));
#3345 = ORIENTED_EDGE('',*,*,#3346,.F.);
#3346 = EDGE_CURVE('',#3347,#3339,#3349,.T.);
#3347 = VERTEX_POINT('',#3348);
#3348 = CARTESIAN_POINT('',(70.287274,-91.405396,1.51));
#3349 = LINE('',#3350,#3351);
#3350 = CARTESIAN_POINT('',(70.287274,-91.405396,1.51));
#3351 = VECTOR('',#3352,1.);
#3352 = DIRECTION('',(0.970310905775,0.241861005815,0.));
#3353 = ORIENTED_EDGE('',*,*,#3354,.F.);
#3354 = EDGE_CURVE('',#3355,#3347,#3357,.T.);
#3355 = VERTEX_POINT('',#3356);
#3356 = CARTESIAN_POINT('',(70.049998,-91.425,1.51));
#3357 = LINE('',#3358,#3359);
#3358 = CARTESIAN_POINT('',(70.049998,-91.425,1.51));
#3359 = VECTOR('',#3360,1.);
#3360 = DIRECTION('',(0.99660425364,8.234052238055E-02,0.));
#3361 = ORIENTED_EDGE('',*,*,#3362,.F.);
#3362 = EDGE_CURVE('',#3363,#3355,#3365,.T.);
#3363 = VERTEX_POINT('',#3364);
#3364 = CARTESIAN_POINT('',(69.852348,-91.411385,1.51));
#3365 = LINE('',#3366,#3367);
#3366 = CARTESIAN_POINT('',(69.852348,-91.411385,1.51));
#3367 = VECTOR('',#3368,1.);
#3368 = DIRECTION('',(0.997635880394,-6.872154066058E-02,0.));
#3369 = ORIENTED_EDGE('',*,*,#3370,.F.);
#3370 = EDGE_CURVE('',#3371,#3363,#3373,.T.);
#3371 = VERTEX_POINT('',#3372);
#3372 = CARTESIAN_POINT('',(69.730535,-91.389479,1.51));
#3373 = LINE('',#3374,#3375);
#3374 = CARTESIAN_POINT('',(69.730535,-91.389479,1.51));
#3375 = VECTOR('',#3376,1.);
#3376 = DIRECTION('',(0.984211964124,-0.176993812533,0.));
#3377 = ORIENTED_EDGE('',*,*,#3378,.F.);
#3378 = EDGE_CURVE('',#3379,#3371,#3381,.T.);
#3379 = VERTEX_POINT('',#3380);
#3380 = CARTESIAN_POINT('',(69.610808,-91.357667,1.51));
#3381 = LINE('',#3382,#3383);
#3382 = CARTESIAN_POINT('',(69.610808,-91.357667,1.51));
#3383 = VECTOR('',#3384,1.);
#3384 = DIRECTION('',(0.966466065658,-0.256794361177,0.));
#3385 = ORIENTED_EDGE('',*,*,#3386,.F.);
#3386 = EDGE_CURVE('',#3387,#3379,#3389,.T.);
#3387 = VERTEX_POINT('',#3388);
#3388 = CARTESIAN_POINT('',(69.380562,-91.265527,1.51));
#3389 = LINE('',#3390,#3391);
#3390 = CARTESIAN_POINT('',(69.380562,-91.265527,1.51));
#3391 = VECTOR('',#3392,1.);
#3392 = DIRECTION('',(0.928418837107,-0.371535278142,0.));
#3393 = ORIENTED_EDGE('',*,*,#3394,.F.);
#3394 = EDGE_CURVE('',#3395,#3387,#3397,.T.);
#3395 = VERTEX_POINT('',#3396);
#3396 = CARTESIAN_POINT('',(69.170979,-91.139578,1.51));
#3397 = LINE('',#3398,#3399);
#3398 = CARTESIAN_POINT('',(69.170979,-91.139578,1.51));
#3399 = VECTOR('',#3400,1.);
#3400 = DIRECTION('',(0.857133303307,-0.515094651848,0.));
#3401 = ORIENTED_EDGE('',*,*,#3402,.F.);
#3402 = EDGE_CURVE('',#3403,#3395,#3405,.T.);
#3403 = VERTEX_POINT('',#3404);
#3404 = CARTESIAN_POINT('',(68.989337,-90.98566,1.51));
#3405 = LINE('',#3406,#3407);
#3406 = CARTESIAN_POINT('',(68.989337,-90.98566,1.51));
#3407 = VECTOR('',#3408,1.);
#3408 = DIRECTION('',(0.762928535263,-0.646482830461,0.));
#3409 = ORIENTED_EDGE('',*,*,#3410,.F.);
#3410 = EDGE_CURVE('',#3411,#3403,#3413,.T.);
#3411 = VERTEX_POINT('',#3412);
#3412 = CARTESIAN_POINT('',(68.859206,-90.836274,1.51));
#3413 = LINE('',#3414,#3415);
#3414 = CARTESIAN_POINT('',(68.859206,-90.836274,1.51));
#3415 = VECTOR('',#3416,1.);
#3416 = DIRECTION('',(0.656839906385,-0.754030063976,0.));
#3417 = ORIENTED_EDGE('',*,*,#3418,.F.);
#3418 = EDGE_CURVE('',#3419,#3411,#3421,.T.);
#3419 = VERTEX_POINT('',#3420);
#3420 = CARTESIAN_POINT('',(68.788561,-90.734649,1.51));
#3421 = LINE('',#3422,#3423);
#3422 = CARTESIAN_POINT('',(68.788561,-90.734649,1.51));
#3423 = VECTOR('',#3424,1.);
#3424 = DIRECTION('',(0.570788666288,-0.821097009151,0.));
#3425 = ORIENTED_EDGE('',*,*,#3426,.F.);
#3426 = EDGE_CURVE('',#3427,#3419,#3429,.T.);
#3427 = VERTEX_POINT('',#3428);
#3428 = CARTESIAN_POINT('',(68.726396,-90.627494,1.51));
#3429 = LINE('',#3430,#3431);
#3430 = CARTESIAN_POINT('',(68.726396,-90.627494,1.51));
#3431 = VECTOR('',#3432,1.);
#3432 = DIRECTION('',(0.501809295048,-0.864978283775,0.));
#3433 = ORIENTED_EDGE('',*,*,#3434,.F.);
#3434 = EDGE_CURVE('',#3435,#3427,#3437,.T.);
#3435 = VERTEX_POINT('',#3436);
#3436 = CARTESIAN_POINT('',(68.62874,-90.399531,1.51));
#3437 = LINE('',#3438,#3439);
#3438 = CARTESIAN_POINT('',(68.62874,-90.399531,1.51));
#3439 = VECTOR('',#3440,1.);
#3440 = DIRECTION('',(0.393774757907,-0.919206962569,0.));
#3441 = ORIENTED_EDGE('',*,*,#3442,.F.);
#3442 = EDGE_CURVE('',#3443,#3435,#3445,.T.);
#3443 = VERTEX_POINT('',#3444);
#3444 = CARTESIAN_POINT('',(68.569602,-90.162275,1.51));
#3445 = LINE('',#3446,#3447);
#3446 = CARTESIAN_POINT('',(68.569602,-90.162275,1.51));
#3447 = VECTOR('',#3448,1.);
#3448 = DIRECTION('',(0.241858115103,-0.970311626313,0.));
#3449 = ORIENTED_EDGE('',*,*,#3450,.F.);
#3450 = EDGE_CURVE('',#3451,#3443,#3453,.T.);
#3451 = VERTEX_POINT('',#3452);
#3452 = CARTESIAN_POINT('',(68.549998,-89.925,1.51));
#3453 = LINE('',#3454,#3455);
#3454 = CARTESIAN_POINT('',(68.549998,-89.925,1.51));
#3455 = VECTOR('',#3456,1.);
#3456 = DIRECTION('',(8.234086705341E-02,-0.996604225163,0.));
#3457 = ORIENTED_EDGE('',*,*,#3458,.F.);
#3458 = EDGE_CURVE('',#3459,#3451,#3461,.T.);
#3459 = VERTEX_POINT('',#3460);
#3460 = CARTESIAN_POINT('',(68.563613,-89.727357,1.51));
#3461 = LINE('',#3462,#3463);
#3462 = CARTESIAN_POINT('',(68.563613,-89.727357,1.51));
#3463 = VECTOR('',#3464,1.);
#3464 = DIRECTION('',(-6.872396310322E-02,-0.997635713522,0.));
#3465 = ORIENTED_EDGE('',*,*,#3466,.F.);
#3466 = EDGE_CURVE('',#3467,#3459,#3469,.T.);
#3467 = VERTEX_POINT('',#3468);
#3468 = CARTESIAN_POINT('',(68.585518,-89.605544,1.51));
#3469 = LINE('',#3470,#3471);
#3470 = CARTESIAN_POINT('',(68.585518,-89.605544,1.51));
#3471 = VECTOR('',#3472,1.);
#3472 = DIRECTION('',(-0.176985985932,-0.984213371573,0.));
#3473 = ORIENTED_EDGE('',*,*,#3474,.F.);
#3474 = EDGE_CURVE('',#3475,#3467,#3477,.T.);
#3475 = VERTEX_POINT('',#3476);
#3476 = CARTESIAN_POINT('',(68.61733,-89.485816,1.51));
#3477 = LINE('',#3478,#3479);
#3478 = CARTESIAN_POINT('',(68.61733,-89.485816,1.51));
#3479 = VECTOR('',#3480,1.);
#3480 = DIRECTION('',(-0.256792357798,-0.966466597962,0.));
#3481 = ORIENTED_EDGE('',*,*,#3482,.F.);
#3482 = EDGE_CURVE('',#3483,#3475,#3485,.T.);
#3483 = VERTEX_POINT('',#3484);
#3484 = CARTESIAN_POINT('',(68.709471,-89.255568,1.51));
#3485 = LINE('',#3486,#3487);
#3486 = CARTESIAN_POINT('',(68.709471,-89.255568,1.51));
#3487 = VECTOR('',#3488,1.);
#3488 = DIRECTION('',(-0.371535972016,-0.928418559432,0.));
#3489 = ORIENTED_EDGE('',*,*,#3490,.F.);
#3490 = EDGE_CURVE('',#3491,#3483,#3493,.T.);
#3491 = VERTEX_POINT('',#3492);
#3492 = CARTESIAN_POINT('',(68.83542,-89.045984,1.51));
#3493 = LINE('',#3494,#3495);
#3494 = CARTESIAN_POINT('',(68.83542,-89.045984,1.51));
#3495 = VECTOR('',#3496,1.);
#3496 = DIRECTION('',(-0.515092846227,-0.857134388393,0.));
#3497 = ORIENTED_EDGE('',*,*,#3498,.F.);
#3498 = EDGE_CURVE('',#3499,#3491,#3501,.T.);
#3499 = VERTEX_POINT('',#3500);
#3500 = CARTESIAN_POINT('',(68.989337,-88.864341,1.51));
#3501 = LINE('',#3502,#3503);
#3502 = CARTESIAN_POINT('',(68.989337,-88.864341,1.51));
#3503 = VECTOR('',#3504,1.);
#3504 = DIRECTION('',(-0.646478314085,-0.762932362282,0.));
#3505 = ORIENTED_EDGE('',*,*,#3506,.F.);
#3506 = EDGE_CURVE('',#3507,#3499,#3509,.T.);
#3507 = VERTEX_POINT('',#3508);
#3508 = CARTESIAN_POINT('',(69.138725,-88.734208,1.51));
#3509 = LINE('',#3510,#3511);
#3510 = CARTESIAN_POINT('',(69.138725,-88.734208,1.51));
#3511 = VECTOR('',#3512,1.);
#3512 = DIRECTION('',(-0.754029419533,-0.656840646184,0.));
#3513 = ORIENTED_EDGE('',*,*,#3514,.F.);
#3514 = EDGE_CURVE('',#3515,#3507,#3517,.T.);
#3515 = VERTEX_POINT('',#3516);
#3516 = CARTESIAN_POINT('',(69.240349,-88.663563,1.51));
#3517 = LINE('',#3518,#3519);
#3518 = CARTESIAN_POINT('',(69.240349,-88.663563,1.51));
#3519 = VECTOR('',#3520,1.);
#3520 = DIRECTION('',(-0.821094376769,-0.570792453031,0.));
#3521 = ORIENTED_EDGE('',*,*,#3522,.F.);
#3522 = EDGE_CURVE('',#3523,#3515,#3525,.T.);
#3523 = VERTEX_POINT('',#3524);
#3524 = CARTESIAN_POINT('',(69.347504,-88.601397,1.51));
#3525 = LINE('',#3526,#3527);
#3526 = CARTESIAN_POINT('',(69.347504,-88.601397,1.51));
#3527 = VECTOR('',#3528,1.);
#3528 = DIRECTION('',(-0.86497477999,-0.501815334542,0.));
#3529 = ORIENTED_EDGE('',*,*,#3530,.F.);
#3530 = EDGE_CURVE('',#3155,#3523,#3531,.T.);
#3531 = LINE('',#3532,#3533);
#3532 = CARTESIAN_POINT('',(69.575465,-88.503742,1.51));
#3533 = VECTOR('',#3534,1.);
#3534 = DIRECTION('',(-0.919207171617,-0.393774269916,0.));
#3535 = FACE_BOUND('',#3536,.T.);
#3536 = EDGE_LOOP('',(#3537));
#3537 = ORIENTED_EDGE('',*,*,#3538,.T.);
#3538 = EDGE_CURVE('',#3539,#3539,#3541,.T.);
#3539 = VERTEX_POINT('',#3540);
#3540 = CARTESIAN_POINT('',(65.52,-83.35,1.51));
#3541 = CIRCLE('',#3542,0.5);
#3542 = AXIS2_PLACEMENT_3D('',#3543,#3544,#3545);
#3543 = CARTESIAN_POINT('',(65.52,-82.85,1.51));
#3544 = DIRECTION('',(-0.,0.,-1.));
#3545 = DIRECTION('',(-0.,-1.,0.));
#3546 = FACE_BOUND('',#3547,.T.);
#3547 = EDGE_LOOP('',(#3548));
#3548 = ORIENTED_EDGE('',*,*,#3549,.T.);
#3549 = EDGE_CURVE('',#3550,#3550,#3552,.T.);
#3550 = VERTEX_POINT('',#3551);
#3551 = CARTESIAN_POINT('',(68.06,-83.35,1.51));
#3552 = CIRCLE('',#3553,0.5);
#3553 = AXIS2_PLACEMENT_3D('',#3554,#3555,#3556);
#3554 = CARTESIAN_POINT('',(68.06,-82.85,1.51));
#3555 = DIRECTION('',(-0.,0.,-1.));
#3556 = DIRECTION('',(-0.,-1.,0.));
#3557 = FACE_BOUND('',#3558,.T.);
#3558 = EDGE_LOOP('',(#3559));
#3559 = ORIENTED_EDGE('',*,*,#3560,.T.);
#3560 = EDGE_CURVE('',#3561,#3561,#3563,.T.);
#3561 = VERTEX_POINT('',#3562);
#3562 = CARTESIAN_POINT('',(70.6,-83.35,1.51));
#3563 = CIRCLE('',#3564,0.5);
#3564 = AXIS2_PLACEMENT_3D('',#3565,#3566,#3567);
#3565 = CARTESIAN_POINT('',(70.6,-82.85,1.51));
#3566 = DIRECTION('',(-0.,0.,-1.));
#3567 = DIRECTION('',(-0.,-1.,0.));
#3568 = FACE_BOUND('',#3569,.T.);
#3569 = EDGE_LOOP('',(#3570));
#3570 = ORIENTED_EDGE('',*,*,#3571,.T.);
#3571 = EDGE_CURVE('',#3572,#3572,#3574,.T.);
#3572 = VERTEX_POINT('',#3573);
#3573 = CARTESIAN_POINT('',(72.,-81.3,1.51));
#3574 = CIRCLE('',#3575,0.5);
#3575 = AXIS2_PLACEMENT_3D('',#3576,#3577,#3578);
#3576 = CARTESIAN_POINT('',(72.,-80.8,1.51));
#3577 = DIRECTION('',(-0.,0.,-1.));
#3578 = DIRECTION('',(-0.,-1.,0.));
#3579 = FACE_BOUND('',#3580,.T.);
#3580 = EDGE_LOOP('',(#3581));
#3581 = ORIENTED_EDGE('',*,*,#3582,.T.);
#3582 = EDGE_CURVE('',#3583,#3583,#3585,.T.);
#3583 = VERTEX_POINT('',#3584);
#3584 = CARTESIAN_POINT('',(73.14,-83.35,1.51));
#3585 = CIRCLE('',#3586,0.5);
#3586 = AXIS2_PLACEMENT_3D('',#3587,#3588,#3589);
#3587 = CARTESIAN_POINT('',(73.14,-82.85,1.51));
#3588 = DIRECTION('',(-0.,0.,-1.));
#3589 = DIRECTION('',(-0.,-1.,0.));
#3590 = FACE_BOUND('',#3591,.T.);
#3591 = EDGE_LOOP('',(#3592));
#3592 = ORIENTED_EDGE('',*,*,#3593,.T.);
#3593 = EDGE_CURVE('',#3594,#3594,#3596,.T.);
#3594 = VERTEX_POINT('',#3595);
#3595 = CARTESIAN_POINT('',(75.68,-83.35,1.51));
#3596 = CIRCLE('',#3597,0.5);
#3597 = AXIS2_PLACEMENT_3D('',#3598,#3599,#3600);
#3598 = CARTESIAN_POINT('',(75.68,-82.85,1.51));
#3599 = DIRECTION('',(-0.,0.,-1.));
#3600 = DIRECTION('',(-0.,-1.,0.));
#3601 = FACE_BOUND('',#3602,.T.);
#3602 = EDGE_LOOP('',(#3603));
#3603 = ORIENTED_EDGE('',*,*,#3604,.T.);
#3604 = EDGE_CURVE('',#3605,#3605,#3607,.T.);
#3605 = VERTEX_POINT('',#3606);
#3606 = CARTESIAN_POINT('',(77.8,-83.75,1.51));
#3607 = CIRCLE('',#3608,0.5);
#3608 = AXIS2_PLACEMENT_3D('',#3609,#3610,#3611);
#3609 = CARTESIAN_POINT('',(77.8,-83.25,1.51));
#3610 = DIRECTION('',(-0.,0.,-1.));
#3611 = DIRECTION('',(-0.,-1.,0.));
#3612 = PLANE('',#3613);
#3613 = AXIS2_PLACEMENT_3D('',#3614,#3615,#3616);
#3614 = CARTESIAN_POINT('',(0.,0.,1.51));
#3615 = DIRECTION('',(0.,0.,1.));
#3616 = DIRECTION('',(1.,0.,-0.));
#3617 = ADVANCED_FACE('',(#3618),#3629,.T.);
#3618 = FACE_BOUND('',#3619,.T.);
#3619 = EDGE_LOOP('',(#3620,#3626,#3627,#3628));
#3620 = ORIENTED_EDGE('',*,*,#3621,.T.);
#3621 = EDGE_CURVE('',#144,#1884,#3622,.T.);
#3622 = LINE('',#3623,#3624);
#3623 = CARTESIAN_POINT('',(53.424681,-76.825004,0.));
#3624 = VECTOR('',#3625,1.);
#3625 = DIRECTION('',(0.,0.,1.));
#3626 = ORIENTED_EDGE('',*,*,#1883,.T.);
#3627 = ORIENTED_EDGE('',*,*,#79,.F.);
#3628 = ORIENTED_EDGE('',*,*,#143,.F.);
#3629 = PLANE('',#3630);
#3630 = AXIS2_PLACEMENT_3D('',#3631,#3632,#3633);
#3631 = CARTESIAN_POINT('',(53.424681,-76.825004,0.));
#3632 = DIRECTION('',(0.,1.,0.));
#3633 = DIRECTION('',(1.,0.,0.));
#3634 = ADVANCED_FACE('',(#3635),#3646,.T.);
#3635 = FACE_BOUND('',#3636,.T.);
#3636 = EDGE_LOOP('',(#3637,#3638,#3639,#3645));
#3637 = ORIENTED_EDGE('',*,*,#119,.T.);
#3638 = ORIENTED_EDGE('',*,*,#3099,.T.);
#3639 = ORIENTED_EDGE('',*,*,#3640,.F.);
#3640 = EDGE_CURVE('',#1352,#3092,#3641,.T.);
#3641 = LINE('',#3642,#3643);
#3642 = CARTESIAN_POINT('',(93.417132,-77.855951,0.));
#3643 = VECTOR('',#3644,1.);
#3644 = DIRECTION('',(0.,0.,1.));
#3645 = ORIENTED_EDGE('',*,*,#1359,.F.);
#3646 = PLANE('',#3647);
#3647 = AXIS2_PLACEMENT_3D('',#3648,#3649,#3650);
#3648 = CARTESIAN_POINT('',(92.330094,-77.650325,0.));
#3649 = DIRECTION('',(0.18586562956,0.982575171551,-0.));
#3650 = DIRECTION('',(0.982575171551,-0.18586562956,0.));
#3651 = ADVANCED_FACE('',(#3652),#3663,.T.);
#3652 = FACE_BOUND('',#3653,.T.);
#3653 = EDGE_LOOP('',(#3654,#3660,#3661,#3662));
#3654 = ORIENTED_EDGE('',*,*,#3655,.T.);
#3655 = EDGE_CURVE('',#152,#1892,#3656,.T.);
#3656 = LINE('',#3657,#3658);
#3657 = CARTESIAN_POINT('',(52.330359,-76.984718,0.));
#3658 = VECTOR('',#3659,1.);
#3659 = DIRECTION('',(0.,0.,1.));
#3660 = ORIENTED_EDGE('',*,*,#1891,.T.);
#3661 = ORIENTED_EDGE('',*,*,#3621,.F.);
#3662 = ORIENTED_EDGE('',*,*,#151,.F.);
#3663 = PLANE('',#3664);
#3664 = AXIS2_PLACEMENT_3D('',#3665,#3666,#3667);
#3665 = CARTESIAN_POINT('',(52.330359,-76.984718,0.));
#3666 = DIRECTION('',(-0.14441789895,0.989516786347,0.));
#3667 = DIRECTION('',(0.989516786347,0.14441789895,0.));
#3668 = ADVANCED_FACE('',(#3669),#3680,.T.);
#3669 = FACE_BOUND('',#3670,.T.);
#3670 = EDGE_LOOP('',(#3671,#3672,#3673,#3679));
#3671 = ORIENTED_EDGE('',*,*,#3640,.T.);
#3672 = ORIENTED_EDGE('',*,*,#3091,.T.);
#3673 = ORIENTED_EDGE('',*,*,#3674,.F.);
#3674 = EDGE_CURVE('',#1344,#3084,#3675,.T.);
#3675 = LINE('',#3676,#3677);
#3676 = CARTESIAN_POINT('',(94.502263,-78.071393,0.));
#3677 = VECTOR('',#3678,1.);
#3678 = DIRECTION('',(0.,0.,1.));
#3679 = ORIENTED_EDGE('',*,*,#1351,.F.);
#3680 = PLANE('',#3681);
#3681 = AXIS2_PLACEMENT_3D('',#3682,#3683,#3684);
#3682 = CARTESIAN_POINT('',(93.417132,-77.855951,0.));
#3683 = DIRECTION('',(0.194739051477,0.980855087069,-0.));
#3684 = DIRECTION('',(0.980855087069,-0.194739051477,0.));
#3685 = ADVANCED_FACE('',(#3686),#3697,.T.);
#3686 = FACE_BOUND('',#3687,.T.);
#3687 = EDGE_LOOP('',(#3688,#3694,#3695,#3696));
#3688 = ORIENTED_EDGE('',*,*,#3689,.T.);
#3689 = EDGE_CURVE('',#160,#1900,#3690,.T.);
#3690 = LINE('',#3691,#3692);
#3691 = CARTESIAN_POINT('',(51.23768,-77.154299,0.));
#3692 = VECTOR('',#3693,1.);
#3693 = DIRECTION('',(0.,0.,1.));
#3694 = ORIENTED_EDGE('',*,*,#1899,.T.);
#3695 = ORIENTED_EDGE('',*,*,#3655,.F.);
#3696 = ORIENTED_EDGE('',*,*,#159,.F.);
#3697 = PLANE('',#3698);
#3698 = AXIS2_PLACEMENT_3D('',#3699,#3700,#3701);
#3699 = CARTESIAN_POINT('',(51.23768,-77.154299,0.));
#3700 = DIRECTION('',(-0.153361493007,0.988170153598,0.));
#3701 = DIRECTION('',(0.988170153598,0.153361493007,0.));
#3702 = ADVANCED_FACE('',(#3703),#3714,.T.);
#3703 = FACE_BOUND('',#3704,.T.);
#3704 = EDGE_LOOP('',(#3705,#3706,#3707,#3713));
#3705 = ORIENTED_EDGE('',*,*,#3674,.T.);
#3706 = ORIENTED_EDGE('',*,*,#3083,.T.);
#3707 = ORIENTED_EDGE('',*,*,#3708,.F.);
#3708 = EDGE_CURVE('',#1336,#3076,#3709,.T.);
#3709 = LINE('',#3710,#3711);
#3710 = CARTESIAN_POINT('',(96.665056,-78.531356,0.));
#3711 = VECTOR('',#3712,1.);
#3712 = DIRECTION('',(0.,0.,1.));
#3713 = ORIENTED_EDGE('',*,*,#1343,.F.);
#3714 = PLANE('',#3715);
#3715 = AXIS2_PLACEMENT_3D('',#3716,#3717,#3718);
#3716 = CARTESIAN_POINT('',(94.502263,-78.071393,0.));
#3717 = DIRECTION('',(0.208018634417,0.978124863059,-0.));
#3718 = DIRECTION('',(0.978124863059,-0.208018634417,0.));
#3719 = ADVANCED_FACE('',(#3720),#3731,.T.);
#3720 = FACE_BOUND('',#3721,.T.);
#3721 = EDGE_LOOP('',(#3722,#3728,#3729,#3730));
#3722 = ORIENTED_EDGE('',*,*,#3723,.T.);
#3723 = EDGE_CURVE('',#168,#1908,#3724,.T.);
#3724 = LINE('',#3725,#3726);
#3725 = CARTESIAN_POINT('',(49.092719,-77.51675,0.));
#3726 = VECTOR('',#3727,1.);
#3727 = DIRECTION('',(0.,0.,1.));
#3728 = ORIENTED_EDGE('',*,*,#1907,.T.);
#3729 = ORIENTED_EDGE('',*,*,#3689,.F.);
#3730 = ORIENTED_EDGE('',*,*,#167,.F.);
#3731 = PLANE('',#3732);
#3732 = AXIS2_PLACEMENT_3D('',#3733,#3734,#3735);
#3733 = CARTESIAN_POINT('',(49.092719,-77.51675,0.));
#3734 = DIRECTION('',(-0.166615903558,0.986021876371,0.));
#3735 = DIRECTION('',(0.986021876371,0.166615903558,0.));
#3736 = ADVANCED_FACE('',(#3737),#3748,.T.);
#3737 = FACE_BOUND('',#3738,.T.);
#3738 = EDGE_LOOP('',(#3739,#3740,#3741,#3747));
#3739 = ORIENTED_EDGE('',*,*,#3708,.T.);
#3740 = ORIENTED_EDGE('',*,*,#3075,.T.);
#3741 = ORIENTED_EDGE('',*,*,#3742,.F.);
#3742 = EDGE_CURVE('',#1328,#3068,#3743,.T.);
#3743 = LINE('',#3744,#3745);
#3744 = CARTESIAN_POINT('',(97.480809,-78.715496,0.));
#3745 = VECTOR('',#3746,1.);
#3746 = DIRECTION('',(0.,0.,1.));
#3747 = ORIENTED_EDGE('',*,*,#1335,.F.);
#3748 = PLANE('',#3749);
#3749 = AXIS2_PLACEMENT_3D('',#3750,#3751,#3752);
#3750 = CARTESIAN_POINT('',(96.665056,-78.531356,0.));
#3751 = DIRECTION('',(0.220189999285,0.975457002751,-0.));
#3752 = DIRECTION('',(0.975457002751,-0.220189999285,0.));
#3753 = ADVANCED_FACE('',(#3754),#3765,.T.);
#3754 = FACE_BOUND('',#3755,.T.);
#3755 = EDGE_LOOP('',(#3756,#3762,#3763,#3764));
#3756 = ORIENTED_EDGE('',*,*,#3757,.T.);
#3757 = EDGE_CURVE('',#176,#1916,#3758,.T.);
#3758 = LINE('',#3759,#3760);
#3759 = CARTESIAN_POINT('',(46.91911,-77.924305,0.));
#3760 = VECTOR('',#3761,1.);
#3761 = DIRECTION('',(0.,0.,1.));
#3762 = ORIENTED_EDGE('',*,*,#1915,.T.);
#3763 = ORIENTED_EDGE('',*,*,#3723,.F.);
#3764 = ORIENTED_EDGE('',*,*,#175,.F.);
#3765 = PLANE('',#3766);
#3766 = AXIS2_PLACEMENT_3D('',#3767,#3768,#3769);
#3767 = CARTESIAN_POINT('',(46.91911,-77.924305,0.));
#3768 = DIRECTION('',(-0.18428998204,0.982871915623,0.));
#3769 = DIRECTION('',(0.982871915623,0.18428998204,0.));
#3770 = ADVANCED_FACE('',(#3771),#3782,.T.);
#3771 = FACE_BOUND('',#3772,.T.);
#3772 = EDGE_LOOP('',(#3773,#3774,#3775,#3781));
#3773 = ORIENTED_EDGE('',*,*,#3742,.T.);
#3774 = ORIENTED_EDGE('',*,*,#3067,.T.);
#3775 = ORIENTED_EDGE('',*,*,#3776,.F.);
#3776 = EDGE_CURVE('',#1320,#3060,#3777,.T.);
#3777 = LINE('',#3778,#3779);
#3778 = CARTESIAN_POINT('',(99.631065,-79.22911,0.));
#3779 = VECTOR('',#3780,1.);
#3780 = DIRECTION('',(0.,0.,1.));
#3781 = ORIENTED_EDGE('',*,*,#1327,.F.);
#3782 = PLANE('',#3783);
#3783 = AXIS2_PLACEMENT_3D('',#3784,#3785,#3786);
#3784 = CARTESIAN_POINT('',(97.480809,-78.715496,0.));
#3785 = DIRECTION('',(0.232326046307,0.972637963585,-0.));
#3786 = DIRECTION('',(0.972637963585,-0.232326046307,0.));
#3787 = ADVANCED_FACE('',(#3788),#3799,.T.);
#3788 = FACE_BOUND('',#3789,.T.);
#3789 = EDGE_LOOP('',(#3790,#3796,#3797,#3798));
#3790 = ORIENTED_EDGE('',*,*,#3791,.T.);
#3791 = EDGE_CURVE('',#184,#1924,#3792,.T.);
#3792 = LINE('',#3793,#3794);
#3793 = CARTESIAN_POINT('',(44.752544,-78.371234,0.));
#3794 = VECTOR('',#3795,1.);
#3795 = DIRECTION('',(0.,0.,1.));
#3796 = ORIENTED_EDGE('',*,*,#1923,.T.);
#3797 = ORIENTED_EDGE('',*,*,#3757,.F.);
#3798 = ORIENTED_EDGE('',*,*,#183,.F.);
#3799 = PLANE('',#3800);
#3800 = AXIS2_PLACEMENT_3D('',#3801,#3802,#3803);
#3801 = CARTESIAN_POINT('',(44.752544,-78.371234,0.));
#3802 = DIRECTION('',(-0.20203075139,0.979379178609,0.));
#3803 = DIRECTION('',(0.979379178609,0.20203075139,0.));
#3804 = ADVANCED_FACE('',(#3805),#3816,.T.);
#3805 = FACE_BOUND('',#3806,.T.);
#3806 = EDGE_LOOP('',(#3807,#3808,#3809,#3815));
#3807 = ORIENTED_EDGE('',*,*,#3776,.T.);
#3808 = ORIENTED_EDGE('',*,*,#3059,.T.);
#3809 = ORIENTED_EDGE('',*,*,#3810,.F.);
#3810 = EDGE_CURVE('',#1312,#3052,#3811,.T.);
#3811 = LINE('',#3812,#3813);
#3812 = CARTESIAN_POINT('',(101.77124,-79.781425,0.));
#3813 = VECTOR('',#3814,1.);
#3814 = DIRECTION('',(0.,0.,1.));
#3815 = ORIENTED_EDGE('',*,*,#1319,.F.);
#3816 = PLANE('',#3817);
#3817 = AXIS2_PLACEMENT_3D('',#3818,#3819,#3820);
#3818 = CARTESIAN_POINT('',(99.631065,-79.22911,0.));
#3819 = DIRECTION('',(0.249883013387,0.968276034827,-0.));
#3820 = DIRECTION('',(0.968276034827,-0.249883013387,0.));
#3821 = ADVANCED_FACE('',(#3822),#3833,.T.);
#3822 = FACE_BOUND('',#3823,.T.);
#3823 = EDGE_LOOP('',(#3824,#3830,#3831,#3832));
#3824 = ORIENTED_EDGE('',*,*,#3825,.T.);
#3825 = EDGE_CURVE('',#192,#1932,#3826,.T.);
#3826 = LINE('',#3827,#3828);
#3827 = CARTESIAN_POINT('',(43.672357,-78.609375,0.));
#3828 = VECTOR('',#3829,1.);
#3829 = DIRECTION('',(0.,0.,1.));
#3830 = ORIENTED_EDGE('',*,*,#1931,.T.);
#3831 = ORIENTED_EDGE('',*,*,#3791,.F.);
#3832 = ORIENTED_EDGE('',*,*,#191,.F.);
#3833 = PLANE('',#3834);
#3834 = AXIS2_PLACEMENT_3D('',#3835,#3836,#3837);
#3835 = CARTESIAN_POINT('',(43.672357,-78.609375,0.));
#3836 = DIRECTION('',(-0.215292800889,0.976549542975,0.));
#3837 = DIRECTION('',(0.976549542975,0.215292800889,0.));
#3838 = ADVANCED_FACE('',(#3839),#3850,.T.);
#3839 = FACE_BOUND('',#3840,.T.);
#3840 = EDGE_LOOP('',(#3841,#3842,#3843,#3849));
#3841 = ORIENTED_EDGE('',*,*,#3810,.T.);
#3842 = ORIENTED_EDGE('',*,*,#3051,.T.);
#3843 = ORIENTED_EDGE('',*,*,#3844,.F.);
#3844 = EDGE_CURVE('',#1304,#3044,#3845,.T.);
#3845 = LINE('',#3846,#3847);
#3846 = CARTESIAN_POINT('',(102.545518,-80.004866,0.));
#3847 = VECTOR('',#3848,1.);
#3848 = DIRECTION('',(0.,0.,1.));
#3849 = ORIENTED_EDGE('',*,*,#1311,.F.);
#3850 = PLANE('',#3851);
#3851 = AXIS2_PLACEMENT_3D('',#3852,#3853,#3854);
#3852 = CARTESIAN_POINT('',(101.77124,-79.781425,0.));
#3853 = DIRECTION('',(0.277265557122,0.960793323683,-0.));
#3854 = DIRECTION('',(0.960793323683,-0.277265557122,0.));
#3855 = ADVANCED_FACE('',(#3856),#3867,.T.);
#3856 = FACE_BOUND('',#3857,.T.);
#3857 = EDGE_LOOP('',(#3858,#3864,#3865,#3866));
#3858 = ORIENTED_EDGE('',*,*,#3859,.T.);
#3859 = EDGE_CURVE('',#200,#1940,#3860,.T.);
#3860 = LINE('',#3861,#3862);
#3861 = CARTESIAN_POINT('',(42.594357,-78.857275,0.));
#3862 = VECTOR('',#3863,1.);
#3863 = DIRECTION('',(0.,0.,1.));
#3864 = ORIENTED_EDGE('',*,*,#1939,.T.);
#3865 = ORIENTED_EDGE('',*,*,#3825,.F.);
#3866 = ORIENTED_EDGE('',*,*,#199,.F.);
#3867 = PLANE('',#3868);
#3868 = AXIS2_PLACEMENT_3D('',#3869,#3870,#3871);
#3869 = CARTESIAN_POINT('',(42.594357,-78.857275,0.));
#3870 = DIRECTION('',(-0.224113347739,0.97456308537,0.));
#3871 = DIRECTION('',(0.97456308537,0.224113347739,0.));
#3872 = ADVANCED_FACE('',(#3873),#3884,.T.);
#3873 = FACE_BOUND('',#3874,.T.);
#3874 = EDGE_LOOP('',(#3875,#3876,#3877,#3883));
#3875 = ORIENTED_EDGE('',*,*,#3844,.T.);
#3876 = ORIENTED_EDGE('',*,*,#3043,.T.);
#3877 = ORIENTED_EDGE('',*,*,#3878,.F.);
#3878 = EDGE_CURVE('',#1296,#3036,#3879,.T.);
#3879 = LINE('',#3880,#3881);
#3880 = CARTESIAN_POINT('',(103.407045,-80.29255,0.));
#3881 = VECTOR('',#3882,1.);
#3882 = DIRECTION('',(0.,0.,1.));
#3883 = ORIENTED_EDGE('',*,*,#1303,.F.);
#3884 = PLANE('',#3885);
#3885 = AXIS2_PLACEMENT_3D('',#3886,#3887,#3888);
#3886 = CARTESIAN_POINT('',(102.545518,-80.004866,0.));
#3887 = DIRECTION('',(0.316731415159,0.94851526643,-0.));
#3888 = DIRECTION('',(0.94851526643,-0.316731415159,0.));
#3889 = ADVANCED_FACE('',(#3890),#3901,.T.);
#3890 = FACE_BOUND('',#3891,.T.);
#3891 = EDGE_LOOP('',(#3892,#3898,#3899,#3900));
#3892 = ORIENTED_EDGE('',*,*,#3893,.T.);
#3893 = EDGE_CURVE('',#208,#1948,#3894,.T.);
#3894 = LINE('',#3895,#3896);
#3895 = CARTESIAN_POINT('',(41.518918,-79.114849,0.));
#3896 = VECTOR('',#3897,1.);
#3897 = DIRECTION('',(0.,0.,1.));
#3898 = ORIENTED_EDGE('',*,*,#1947,.T.);
#3899 = ORIENTED_EDGE('',*,*,#3859,.F.);
#3900 = ORIENTED_EDGE('',*,*,#207,.F.);
#3901 = PLANE('',#3902);
#3902 = AXIS2_PLACEMENT_3D('',#3903,#3904,#3905);
#3903 = CARTESIAN_POINT('',(41.518918,-79.114849,0.));
#3904 = DIRECTION('',(-0.23291859894,0.972496234578,0.));
#3905 = DIRECTION('',(0.972496234578,0.23291859894,0.));
#3906 = ADVANCED_FACE('',(#3907),#3918,.T.);
#3907 = FACE_BOUND('',#3908,.T.);
#3908 = EDGE_LOOP('',(#3909,#3910,#3911,#3917));
#3909 = ORIENTED_EDGE('',*,*,#3878,.T.);
#3910 = ORIENTED_EDGE('',*,*,#3035,.T.);
#3911 = ORIENTED_EDGE('',*,*,#3912,.F.);
#3912 = EDGE_CURVE('',#1288,#3028,#3913,.T.);
#3913 = LINE('',#3914,#3915);
#3914 = CARTESIAN_POINT('',(104.254323,-80.617532,0.));
#3915 = VECTOR('',#3916,1.);
#3916 = DIRECTION('',(0.,0.,1.));
#3917 = ORIENTED_EDGE('',*,*,#1295,.F.);
#3918 = PLANE('',#3919);
#3919 = AXIS2_PLACEMENT_3D('',#3920,#3921,#3922);
#3920 = CARTESIAN_POINT('',(103.407045,-80.29255,0.));
#3921 = DIRECTION('',(0.358120572019,0.933675348232,-0.));
#3922 = DIRECTION('',(0.933675348232,-0.358120572019,0.));
#3923 = ADVANCED_FACE('',(#3924),#3935,.T.);
#3924 = FACE_BOUND('',#3925,.T.);
#3925 = EDGE_LOOP('',(#3926,#3932,#3933,#3934));
#3926 = ORIENTED_EDGE('',*,*,#3927,.T.);
#3927 = EDGE_CURVE('',#216,#1956,#3928,.T.);
#3928 = LINE('',#3929,#3930);
#3929 = CARTESIAN_POINT('',(40.445877,-79.382136,0.));
#3930 = VECTOR('',#3931,1.);
#3931 = DIRECTION('',(0.,0.,1.));
#3932 = ORIENTED_EDGE('',*,*,#1955,.T.);
#3933 = ORIENTED_EDGE('',*,*,#3893,.F.);
#3934 = ORIENTED_EDGE('',*,*,#215,.F.);
#3935 = PLANE('',#3936);
#3936 = AXIS2_PLACEMENT_3D('',#3937,#3938,#3939);
#3937 = CARTESIAN_POINT('',(40.445877,-79.382136,0.));
#3938 = DIRECTION('',(-0.241707199319,0.970349230843,0.));
#3939 = DIRECTION('',(0.970349230843,0.241707199319,0.));
#3940 = ADVANCED_FACE('',(#3941),#3952,.T.);
#3941 = FACE_BOUND('',#3942,.T.);
#3942 = EDGE_LOOP('',(#3943,#3944,#3945,#3951));
#3943 = ORIENTED_EDGE('',*,*,#3912,.T.);
#3944 = ORIENTED_EDGE('',*,*,#3027,.T.);
#3945 = ORIENTED_EDGE('',*,*,#3946,.F.);
#3946 = EDGE_CURVE('',#1280,#3020,#3947,.T.);
#3947 = LINE('',#3948,#3949);
#3948 = CARTESIAN_POINT('',(105.087538,-80.979915,0.));
#3949 = VECTOR('',#3950,1.);
#3950 = DIRECTION('',(0.,0.,1.));
#3951 = ORIENTED_EDGE('',*,*,#1287,.F.);
#3952 = PLANE('',#3953);
#3953 = AXIS2_PLACEMENT_3D('',#3954,#3955,#3956);
#3954 = CARTESIAN_POINT('',(104.254323,-80.617532,0.));
#3955 = DIRECTION('',(0.39883311736,0.917023524506,-0.));
#3956 = DIRECTION('',(0.917023524506,-0.39883311736,0.));
#3957 = ADVANCED_FACE('',(#3958),#3969,.T.);
#3958 = FACE_BOUND('',#3959,.T.);
#3959 = EDGE_LOOP('',(#3960,#3966,#3967,#3968));
#3960 = ORIENTED_EDGE('',*,*,#3961,.T.);
#3961 = EDGE_CURVE('',#224,#1964,#3962,.T.);
#3962 = LINE('',#3963,#3964);
#3963 = CARTESIAN_POINT('',(39.961524,-79.506171,0.));
#3964 = VECTOR('',#3965,1.);
#3965 = DIRECTION('',(0.,0.,1.));
#3966 = ORIENTED_EDGE('',*,*,#1963,.T.);
#3967 = ORIENTED_EDGE('',*,*,#3927,.F.);
#3968 = ORIENTED_EDGE('',*,*,#223,.F.);
#3969 = PLANE('',#3970);
#3970 = AXIS2_PLACEMENT_3D('',#3971,#3972,#3973);
#3971 = CARTESIAN_POINT('',(39.961524,-79.506171,0.));
#3972 = DIRECTION('',(-0.248078678026,0.968739887436,0.));
#3973 = DIRECTION('',(0.968739887436,0.248078678026,0.));
#3974 = ADVANCED_FACE('',(#3975),#3986,.T.);
#3975 = FACE_BOUND('',#3976,.T.);
#3976 = EDGE_LOOP('',(#3977,#3978,#3979,#3985));
#3977 = ORIENTED_EDGE('',*,*,#3946,.T.);
#3978 = ORIENTED_EDGE('',*,*,#3019,.T.);
#3979 = ORIENTED_EDGE('',*,*,#3980,.F.);
#3980 = EDGE_CURVE('',#1272,#3012,#3981,.T.);
#3981 = LINE('',#3982,#3983);
#3982 = CARTESIAN_POINT('',(105.498868,-81.175165,0.));
#3983 = VECTOR('',#3984,1.);
#3984 = DIRECTION('',(0.,0.,1.));
#3985 = ORIENTED_EDGE('',*,*,#1279,.F.);
#3986 = PLANE('',#3987);
#3987 = AXIS2_PLACEMENT_3D('',#3988,#3989,#3990);
#3988 = CARTESIAN_POINT('',(105.087538,-80.979915,0.));
#3989 = DIRECTION('',(0.428820709842,0.903389616284,-0.));
#3990 = DIRECTION('',(0.903389616284,-0.428820709842,0.));
#3991 = ADVANCED_FACE('',(#3992),#4003,.T.);
#3992 = FACE_BOUND('',#3993,.T.);
#3993 = EDGE_LOOP('',(#3994,#4000,#4001,#4002));
#3994 = ORIENTED_EDGE('',*,*,#3995,.T.);
#3995 = EDGE_CURVE('',#232,#1972,#3996,.T.);
#3996 = LINE('',#3997,#3998);
#3997 = CARTESIAN_POINT('',(39.640918,-79.632494,0.));
#3998 = VECTOR('',#3999,1.);
#3999 = DIRECTION('',(0.,0.,1.));
#4000 = ORIENTED_EDGE('',*,*,#1971,.T.);
#4001 = ORIENTED_EDGE('',*,*,#3961,.F.);
#4002 = ORIENTED_EDGE('',*,*,#231,.F.);
#4003 = PLANE('',#4004);
#4004 = AXIS2_PLACEMENT_3D('',#4005,#4006,#4007);
#4005 = CARTESIAN_POINT('',(39.640918,-79.632494,0.));
#4006 = DIRECTION('',(-0.366583970853,0.930384969953,0.));
#4007 = DIRECTION('',(0.930384969953,0.366583970853,0.));
#4008 = ADVANCED_FACE('',(#4009),#4020,.T.);
#4009 = FACE_BOUND('',#4010,.T.);
#4010 = EDGE_LOOP('',(#4011,#4012,#4013,#4019));
#4011 = ORIENTED_EDGE('',*,*,#3980,.T.);
#4012 = ORIENTED_EDGE('',*,*,#3011,.T.);
#4013 = ORIENTED_EDGE('',*,*,#4014,.F.);
#4014 = EDGE_CURVE('',#1264,#3004,#4015,.T.);
#4015 = LINE('',#4016,#4017);
#4016 = CARTESIAN_POINT('',(105.906843,-81.379897,0.));
#4017 = VECTOR('',#4018,1.);
#4018 = DIRECTION('',(0.,0.,1.));
#4019 = ORIENTED_EDGE('',*,*,#1271,.F.);
#4020 = PLANE('',#4021);
#4021 = AXIS2_PLACEMENT_3D('',#4022,#4023,#4024);
#4022 = CARTESIAN_POINT('',(105.498868,-81.175165,0.));
#4023 = DIRECTION('',(0.448517934122,0.893773832002,-0.));
#4024 = DIRECTION('',(0.893773832002,-0.448517934122,0.));
#4025 = ADVANCED_FACE('',(#4026),#4037,.T.);
#4026 = FACE_BOUND('',#4027,.T.);
#4027 = EDGE_LOOP('',(#4028,#4034,#4035,#4036));
#4028 = ORIENTED_EDGE('',*,*,#4029,.T.);
#4029 = EDGE_CURVE('',#240,#1980,#4030,.T.);
#4030 = LINE('',#4031,#4032);
#4031 = CARTESIAN_POINT('',(39.337646,-79.794302,0.));
#4032 = VECTOR('',#4033,1.);
#4033 = DIRECTION('',(0.,0.,1.));
#4034 = ORIENTED_EDGE('',*,*,#1979,.T.);
#4035 = ORIENTED_EDGE('',*,*,#3995,.F.);
#4036 = ORIENTED_EDGE('',*,*,#239,.F.);
#4037 = PLANE('',#4038);
#4038 = AXIS2_PLACEMENT_3D('',#4039,#4040,#4041);
#4039 = CARTESIAN_POINT('',(39.337646,-79.794302,0.));
#4040 = DIRECTION('',(-0.470730769565,0.88227690811,0.));
#4041 = DIRECTION('',(0.88227690811,0.470730769565,0.));
#4042 = ADVANCED_FACE('',(#4043),#4054,.T.);
#4043 = FACE_BOUND('',#4044,.T.);
#4044 = EDGE_LOOP('',(#4045,#4046,#4047,#4053));
#4045 = ORIENTED_EDGE('',*,*,#4014,.T.);
#4046 = ORIENTED_EDGE('',*,*,#3003,.T.);
#4047 = ORIENTED_EDGE('',*,*,#4048,.F.);
#4048 = EDGE_CURVE('',#1256,#2996,#4049,.T.);
#4049 = LINE('',#4050,#4051);
#4050 = CARTESIAN_POINT('',(106.511816,-81.704513,0.));
#4051 = VECTOR('',#4052,1.);
#4052 = DIRECTION('',(0.,0.,1.));
#4053 = ORIENTED_EDGE('',*,*,#1263,.F.);
#4054 = PLANE('',#4055);
#4055 = AXIS2_PLACEMENT_3D('',#4056,#4057,#4058);
#4056 = CARTESIAN_POINT('',(105.906843,-81.379897,0.));
#4057 = DIRECTION('',(0.472813567317,0.881162488172,-0.));
#4058 = DIRECTION('',(0.881162488172,-0.472813567317,0.));
#4059 = ADVANCED_FACE('',(#4060),#4071,.T.);
#4060 = FACE_BOUND('',#4061,.T.);
#4061 = EDGE_LOOP('',(#4062,#4068,#4069,#4070));
#4062 = ORIENTED_EDGE('',*,*,#4063,.T.);
#4063 = EDGE_CURVE('',#248,#1988,#4064,.T.);
#4064 = LINE('',#4065,#4066);
#4065 = CARTESIAN_POINT('',(39.054758,-79.989976,0.));
#4066 = VECTOR('',#4067,1.);
#4067 = DIRECTION('',(0.,0.,1.));
#4068 = ORIENTED_EDGE('',*,*,#1987,.T.);
#4069 = ORIENTED_EDGE('',*,*,#4029,.F.);
#4070 = ORIENTED_EDGE('',*,*,#247,.F.);
#4071 = PLANE('',#4072);
#4072 = AXIS2_PLACEMENT_3D('',#4073,#4074,#4075);
#4073 = CARTESIAN_POINT('',(39.054758,-79.989976,0.));
#4074 = DIRECTION('',(-0.568872806526,0.822425516382,0.));
#4075 = DIRECTION('',(0.822425516382,0.568872806526,0.));
#4076 = ADVANCED_FACE('',(#4077),#4088,.T.);
#4077 = FACE_BOUND('',#4078,.T.);
#4078 = EDGE_LOOP('',(#4079,#4080,#4081,#4087));
#4079 = ORIENTED_EDGE('',*,*,#4048,.T.);
#4080 = ORIENTED_EDGE('',*,*,#2995,.T.);
#4081 = ORIENTED_EDGE('',*,*,#4082,.F.);
#4082 = EDGE_CURVE('',#1248,#2988,#4083,.T.);
#4083 = LINE('',#4084,#4085);
#4084 = CARTESIAN_POINT('',(106.571734,-81.738854,0.));
#4085 = VECTOR('',#4086,1.);
#4086 = DIRECTION('',(0.,0.,1.));
#4087 = ORIENTED_EDGE('',*,*,#1255,.F.);
#4088 = PLANE('',#4089);
#4089 = AXIS2_PLACEMENT_3D('',#4090,#4091,#4092);
#4090 = CARTESIAN_POINT('',(106.511816,-81.704513,0.));
#4091 = DIRECTION('',(0.497253479865,0.867605311626,-0.));
#4092 = DIRECTION('',(0.867605311626,-0.497253479865,0.));
#4093 = ADVANCED_FACE('',(#4094),#4105,.T.);
#4094 = FACE_BOUND('',#4095,.T.);
#4095 = EDGE_LOOP('',(#4096,#4102,#4103,#4104));
#4096 = ORIENTED_EDGE('',*,*,#4097,.T.);
#4097 = EDGE_CURVE('',#256,#1996,#4098,.T.);
#4098 = LINE('',#4099,#4100);
#4099 = CARTESIAN_POINT('',(38.795592,-80.21738,0.));
#4100 = VECTOR('',#4101,1.);
#4101 = DIRECTION('',(0.,0.,1.));
#4102 = ORIENTED_EDGE('',*,*,#1995,.T.);
#4103 = ORIENTED_EDGE('',*,*,#4063,.F.);
#4104 = ORIENTED_EDGE('',*,*,#255,.F.);
#4105 = PLANE('',#4106);
#4106 = AXIS2_PLACEMENT_3D('',#4107,#4108,#4109);
#4107 = CARTESIAN_POINT('',(38.795592,-80.21738,0.));
#4108 = DIRECTION('',(-0.659545014073,0.751665067973,0.));
#4109 = DIRECTION('',(0.751665067973,0.659545014073,0.));
#4110 = ADVANCED_FACE('',(#4111),#4122,.T.);
#4111 = FACE_BOUND('',#4112,.T.);
#4112 = EDGE_LOOP('',(#4113,#4114,#4115,#4121));
#4113 = ORIENTED_EDGE('',*,*,#4082,.T.);
#4114 = ORIENTED_EDGE('',*,*,#2987,.T.);
#4115 = ORIENTED_EDGE('',*,*,#4116,.F.);
#4116 = EDGE_CURVE('',#1240,#2980,#4117,.T.);
#4117 = LINE('',#4118,#4119);
#4118 = CARTESIAN_POINT('',(106.719725,-81.831837,0.));
#4119 = VECTOR('',#4120,1.);
#4120 = DIRECTION('',(0.,0.,1.));
#4121 = ORIENTED_EDGE('',*,*,#1247,.F.);
#4122 = PLANE('',#4123);
#4123 = AXIS2_PLACEMENT_3D('',#4124,#4125,#4126);
#4124 = CARTESIAN_POINT('',(106.571734,-81.738854,0.));
#4125 = DIRECTION('',(0.532007839724,0.84673942773,-0.));
#4126 = DIRECTION('',(0.84673942773,-0.532007839724,0.));
#4127 = ADVANCED_FACE('',(#4128),#4139,.T.);
#4128 = FACE_BOUND('',#4129,.T.);
#4129 = EDGE_LOOP('',(#4130,#4136,#4137,#4138));
#4130 = ORIENTED_EDGE('',*,*,#4131,.T.);
#4131 = EDGE_CURVE('',#264,#2004,#4132,.T.);
#4132 = LINE('',#4133,#4134);
#4133 = CARTESIAN_POINT('',(38.563606,-80.473763,0.));
#4134 = VECTOR('',#4135,1.);
#4135 = DIRECTION('',(0.,0.,1.));
#4136 = ORIENTED_EDGE('',*,*,#2003,.T.);
#4137 = ORIENTED_EDGE('',*,*,#4097,.F.);
#4138 = ORIENTED_EDGE('',*,*,#263,.F.);
#4139 = PLANE('',#4140);
#4140 = AXIS2_PLACEMENT_3D('',#4141,#4142,#4143);
#4141 = CARTESIAN_POINT('',(38.563606,-80.473763,0.));
#4142 = DIRECTION('',(-0.741506384175,0.670945811693,0.));
#4143 = DIRECTION('',(0.670945811693,0.741506384175,0.));
#4144 = ADVANCED_FACE('',(#4145),#4156,.T.);
#4145 = FACE_BOUND('',#4146,.T.);
#4146 = EDGE_LOOP('',(#4147,#4148,#4149,#4155));
#4147 = ORIENTED_EDGE('',*,*,#4116,.T.);
#4148 = ORIENTED_EDGE('',*,*,#2979,.T.);
#4149 = ORIENTED_EDGE('',*,*,#4150,.F.);
#4150 = EDGE_CURVE('',#1232,#2972,#4151,.T.);
#4151 = LINE('',#4152,#4153);
#4152 = CARTESIAN_POINT('',(106.86111,-81.932565,0.));
#4153 = VECTOR('',#4154,1.);
#4154 = DIRECTION('',(0.,0.,1.));
#4155 = ORIENTED_EDGE('',*,*,#1239,.F.);
#4156 = PLANE('',#4157);
#4157 = AXIS2_PLACEMENT_3D('',#4158,#4159,#4160);
#4158 = CARTESIAN_POINT('',(106.719725,-81.831837,0.));
#4159 = DIRECTION('',(0.580241117764,0.814444746595,-0.));
#4160 = DIRECTION('',(0.814444746595,-0.580241117764,0.));
#4161 = ADVANCED_FACE('',(#4162),#4173,.T.);
#4162 = FACE_BOUND('',#4163,.T.);
#4163 = EDGE_LOOP('',(#4164,#4170,#4171,#4172));
#4164 = ORIENTED_EDGE('',*,*,#4165,.T.);
#4165 = EDGE_CURVE('',#272,#2012,#4166,.T.);
#4166 = LINE('',#4167,#4168);
#4167 = CARTESIAN_POINT('',(38.362166,-80.755763,0.));
#4168 = VECTOR('',#4169,1.);
#4169 = DIRECTION('',(0.,0.,1.));
#4170 = ORIENTED_EDGE('',*,*,#2011,.T.);
#4171 = ORIENTED_EDGE('',*,*,#4131,.F.);
#4172 = ORIENTED_EDGE('',*,*,#271,.F.);
#4173 = PLANE('',#4174);
#4174 = AXIS2_PLACEMENT_3D('',#4175,#4176,#4177);
#4175 = CARTESIAN_POINT('',(38.362166,-80.755763,0.));
#4176 = DIRECTION('',(-0.813717873485,0.58126002991,0.));
#4177 = DIRECTION('',(0.58126002991,0.813717873485,0.));
#4178 = ADVANCED_FACE('',(#4179),#4190,.T.);
#4179 = FACE_BOUND('',#4180,.T.);
#4180 = EDGE_LOOP('',(#4181,#4182,#4183,#4189));
#4181 = ORIENTED_EDGE('',*,*,#4150,.T.);
#4182 = ORIENTED_EDGE('',*,*,#2971,.T.);
#4183 = ORIENTED_EDGE('',*,*,#4184,.F.);
#4184 = EDGE_CURVE('',#1224,#2964,#4185,.T.);
#4185 = LINE('',#4186,#4187);
#4186 = CARTESIAN_POINT('',(106.996909,-82.041724,0.));
#4187 = VECTOR('',#4188,1.);
#4188 = DIRECTION('',(0.,0.,1.));
#4189 = ORIENTED_EDGE('',*,*,#1231,.F.);
#4190 = PLANE('',#4191);
#4191 = AXIS2_PLACEMENT_3D('',#4192,#4193,#4194);
#4192 = CARTESIAN_POINT('',(106.86111,-81.932565,0.));
#4193 = DIRECTION('',(0.626512477662,0.779411390303,-0.));
#4194 = DIRECTION('',(0.779411390303,-0.626512477662,0.));
#4195 = ADVANCED_FACE('',(#4196),#4207,.T.);
#4196 = FACE_BOUND('',#4197,.T.);
#4197 = EDGE_LOOP('',(#4198,#4204,#4205,#4206));
#4198 = ORIENTED_EDGE('',*,*,#4199,.T.);
#4199 = EDGE_CURVE('',#280,#2020,#4200,.T.);
#4200 = LINE('',#4201,#4202);
#4201 = CARTESIAN_POINT('',(38.273915,-80.905092,0.));
#4202 = VECTOR('',#4203,1.);
#4203 = DIRECTION('',(0.,0.,1.));
#4204 = ORIENTED_EDGE('',*,*,#2019,.T.);
#4205 = ORIENTED_EDGE('',*,*,#4165,.F.);
#4206 = ORIENTED_EDGE('',*,*,#279,.F.);
#4207 = PLANE('',#4208);
#4208 = AXIS2_PLACEMENT_3D('',#4209,#4210,#4211);
#4209 = CARTESIAN_POINT('',(38.273915,-80.905092,0.));
#4210 = DIRECTION('',(-0.860898407632,0.508776897802,0.));
#4211 = DIRECTION('',(0.508776897802,0.860898407632,0.));
#4212 = ADVANCED_FACE('',(#4213),#4224,.T.);
#4213 = FACE_BOUND('',#4214,.T.);
#4214 = EDGE_LOOP('',(#4215,#4216,#4217,#4223));
#4215 = ORIENTED_EDGE('',*,*,#4184,.T.);
#4216 = ORIENTED_EDGE('',*,*,#2963,.T.);
#4217 = ORIENTED_EDGE('',*,*,#4218,.F.);
#4218 = EDGE_CURVE('',#1216,#2956,#4219,.T.);
#4219 = LINE('',#4220,#4221);
#4220 = CARTESIAN_POINT('',(107.125538,-82.158026,0.));
#4221 = VECTOR('',#4222,1.);
#4222 = DIRECTION('',(0.,0.,1.));
#4223 = ORIENTED_EDGE('',*,*,#1223,.F.);
#4224 = PLANE('',#4225);
#4225 = AXIS2_PLACEMENT_3D('',#4226,#4227,#4228);
#4226 = CARTESIAN_POINT('',(106.996909,-82.041724,0.));
#4227 = DIRECTION('',(0.670670334614,0.741755554256,-0.));
#4228 = DIRECTION('',(0.741755554256,-0.670670334614,0.));
#4229 = ADVANCED_FACE('',(#4230),#4241,.T.);
#4230 = FACE_BOUND('',#4231,.T.);
#4231 = EDGE_LOOP('',(#4232,#4238,#4239,#4240));
#4232 = ORIENTED_EDGE('',*,*,#4233,.T.);
#4233 = EDGE_CURVE('',#288,#2028,#4234,.T.);
#4234 = LINE('',#4235,#4236);
#4235 = CARTESIAN_POINT('',(38.194317,-81.059501,0.));
#4236 = VECTOR('',#4237,1.);
#4237 = DIRECTION('',(0.,0.,1.));
#4238 = ORIENTED_EDGE('',*,*,#2027,.T.);
#4239 = ORIENTED_EDGE('',*,*,#4199,.F.);
#4240 = ORIENTED_EDGE('',*,*,#287,.F.);
#4241 = PLANE('',#4242);
#4242 = AXIS2_PLACEMENT_3D('',#4243,#4244,#4245);
#4243 = CARTESIAN_POINT('',(38.194317,-81.059501,0.));
#4244 = DIRECTION('',(-0.888848043491,0.45820209033,0.));
#4245 = DIRECTION('',(0.45820209033,0.888848043491,0.));
#4246 = ADVANCED_FACE('',(#4247),#4258,.T.);
#4247 = FACE_BOUND('',#4248,.T.);
#4248 = EDGE_LOOP('',(#4249,#4250,#4251,#4257));
#4249 = ORIENTED_EDGE('',*,*,#4218,.T.);
#4250 = ORIENTED_EDGE('',*,*,#2955,.T.);
#4251 = ORIENTED_EDGE('',*,*,#4252,.F.);
#4252 = EDGE_CURVE('',#1208,#2948,#4253,.T.);
#4253 = LINE('',#4254,#4255);
#4254 = CARTESIAN_POINT('',(107.247553,-82.281932,0.));
#4255 = VECTOR('',#4256,1.);
#4256 = DIRECTION('',(0.,0.,1.));
#4257 = ORIENTED_EDGE('',*,*,#1215,.F.);
#4258 = PLANE('',#4259);
#4259 = AXIS2_PLACEMENT_3D('',#4260,#4261,#4262);
#4260 = CARTESIAN_POINT('',(107.125538,-82.158026,0.));
#4261 = DIRECTION('',(0.712522986728,0.701648767821,-0.));
#4262 = DIRECTION('',(0.701648767821,-0.712522986728,0.));
#4263 = ADVANCED_FACE('',(#4264),#4275,.T.);
#4264 = FACE_BOUND('',#4265,.T.);
#4265 = EDGE_LOOP('',(#4266,#4272,#4273,#4274));
#4266 = ORIENTED_EDGE('',*,*,#4267,.T.);
#4267 = EDGE_CURVE('',#296,#2036,#4268,.T.);
#4268 = LINE('',#4269,#4270);
#4269 = CARTESIAN_POINT('',(38.123901,-81.217982,0.));
#4270 = VECTOR('',#4271,1.);
#4271 = DIRECTION('',(0.,0.,1.));
#4272 = ORIENTED_EDGE('',*,*,#2035,.T.);
#4273 = ORIENTED_EDGE('',*,*,#4233,.F.);
#4274 = ORIENTED_EDGE('',*,*,#295,.F.);
#4275 = PLANE('',#4276);
#4276 = AXIS2_PLACEMENT_3D('',#4277,#4278,#4279);
#4277 = CARTESIAN_POINT('',(38.123901,-81.217982,0.));
#4278 = DIRECTION('',(-0.913854345199,0.406042160079,0.));
#4279 = DIRECTION('',(0.406042160079,0.913854345199,0.));
#4280 = ADVANCED_FACE('',(#4281),#4292,.T.);
#4281 = FACE_BOUND('',#4282,.T.);
#4282 = EDGE_LOOP('',(#4283,#4284,#4285,#4291));
#4283 = ORIENTED_EDGE('',*,*,#4252,.T.);
#4284 = ORIENTED_EDGE('',*,*,#2947,.T.);
#4285 = ORIENTED_EDGE('',*,*,#4286,.F.);
#4286 = EDGE_CURVE('',#1200,#2940,#4287,.T.);
#4287 = LINE('',#4288,#4289);
#4288 = CARTESIAN_POINT('',(107.361853,-82.412312,0.));
#4289 = VECTOR('',#4290,1.);
#4290 = DIRECTION('',(0.,0.,1.));
#4291 = ORIENTED_EDGE('',*,*,#1207,.F.);
#4292 = PLANE('',#4293);
#4293 = AXIS2_PLACEMENT_3D('',#4294,#4295,#4296);
#4294 = CARTESIAN_POINT('',(107.247553,-82.281932,0.));
#4295 = DIRECTION('',(0.751954704185,0.659214777484,-0.));
#4296 = DIRECTION('',(0.659214777484,-0.751954704185,0.));
#4297 = ADVANCED_FACE('',(#4298),#4309,.T.);
#4298 = FACE_BOUND('',#4299,.T.);
#4299 = EDGE_LOOP('',(#4300,#4306,#4307,#4308));
#4300 = ORIENTED_EDGE('',*,*,#4301,.T.);
#4301 = EDGE_CURVE('',#304,#2044,#4302,.T.);
#4302 = LINE('',#4303,#4304);
#4303 = CARTESIAN_POINT('',(38.062596,-81.380773,0.));
#4304 = VECTOR('',#4305,1.);
#4305 = DIRECTION('',(0.,0.,1.));
#4306 = ORIENTED_EDGE('',*,*,#2043,.T.);
#4307 = ORIENTED_EDGE('',*,*,#4267,.F.);
#4308 = ORIENTED_EDGE('',*,*,#303,.F.);
#4309 = PLANE('',#4310);
#4310 = AXIS2_PLACEMENT_3D('',#4311,#4312,#4313);
#4311 = CARTESIAN_POINT('',(38.062596,-81.380773,0.));
#4312 = DIRECTION('',(-0.935839945809,0.352425305317,0.));
#4313 = DIRECTION('',(0.352425305317,0.935839945809,0.));
#4314 = ADVANCED_FACE('',(#4315),#4326,.T.);
#4315 = FACE_BOUND('',#4316,.T.);
#4316 = EDGE_LOOP('',(#4317,#4318,#4319,#4325));
#4317 = ORIENTED_EDGE('',*,*,#4286,.T.);
#4318 = ORIENTED_EDGE('',*,*,#2939,.T.);
#4319 = ORIENTED_EDGE('',*,*,#4320,.F.);
#4320 = EDGE_CURVE('',#1192,#2932,#4321,.T.);
#4321 = LINE('',#4322,#4323);
#4322 = CARTESIAN_POINT('',(107.468546,-82.549234,0.));
#4323 = VECTOR('',#4324,1.);
#4324 = DIRECTION('',(0.,0.,1.));
#4325 = ORIENTED_EDGE('',*,*,#1199,.F.);
#4326 = PLANE('',#4327);
#4327 = AXIS2_PLACEMENT_3D('',#4328,#4329,#4330);
#4328 = CARTESIAN_POINT('',(107.361853,-82.412312,0.));
#4329 = DIRECTION('',(0.788798802937,0.614651485384,-0.));
#4330 = DIRECTION('',(0.614651485384,-0.788798802937,0.));
#4331 = ADVANCED_FACE('',(#4332),#4343,.T.);
#4332 = FACE_BOUND('',#4333,.T.);
#4333 = EDGE_LOOP('',(#4334,#4340,#4341,#4342));
#4334 = ORIENTED_EDGE('',*,*,#4335,.T.);
#4335 = EDGE_CURVE('',#312,#2052,#4336,.T.);
#4336 = LINE('',#4337,#4338);
#4337 = CARTESIAN_POINT('',(38.011014,-81.54627,0.));
#4338 = VECTOR('',#4339,1.);
#4339 = DIRECTION('',(0.,0.,1.));
#4340 = ORIENTED_EDGE('',*,*,#2051,.T.);
#4341 = ORIENTED_EDGE('',*,*,#4301,.F.);
#4342 = ORIENTED_EDGE('',*,*,#311,.F.);
#4343 = PLANE('',#4344);
#4344 = AXIS2_PLACEMENT_3D('',#4345,#4346,#4347);
#4345 = CARTESIAN_POINT('',(38.011014,-81.54627,0.));
#4346 = DIRECTION('',(-0.954702760769,0.297561150993,0.));
#4347 = DIRECTION('',(0.297561150993,0.954702760769,0.));
#4348 = ADVANCED_FACE('',(#4349),#4360,.T.);
#4349 = FACE_BOUND('',#4350,.T.);
#4350 = EDGE_LOOP('',(#4351,#4352,#4353,#4359));
#4351 = ORIENTED_EDGE('',*,*,#4320,.T.);
#4352 = ORIENTED_EDGE('',*,*,#2931,.T.);
#4353 = ORIENTED_EDGE('',*,*,#4354,.F.);
#4354 = EDGE_CURVE('',#1184,#2924,#4355,.T.);
#4355 = LINE('',#4356,#4357);
#4356 = CARTESIAN_POINT('',(107.567021,-82.691901,0.));
#4357 = VECTOR('',#4358,1.);
#4358 = DIRECTION('',(0.,0.,1.));
#4359 = ORIENTED_EDGE('',*,*,#1191,.F.);
#4360 = PLANE('',#4361);
#4361 = AXIS2_PLACEMENT_3D('',#4362,#4363,#4364);
#4362 = CARTESIAN_POINT('',(107.468546,-82.549234,0.));
#4363 = DIRECTION('',(0.822986346612,0.568061152773,-0.));
#4364 = DIRECTION('',(0.568061152773,-0.822986346612,0.));
#4365 = ADVANCED_FACE('',(#4366),#4377,.T.);
#4366 = FACE_BOUND('',#4367,.T.);
#4367 = EDGE_LOOP('',(#4368,#4374,#4375,#4376));
#4368 = ORIENTED_EDGE('',*,*,#4369,.T.);
#4369 = EDGE_CURVE('',#320,#2060,#4370,.T.);
#4370 = LINE('',#4371,#4372);
#4371 = CARTESIAN_POINT('',(37.968928,-81.715299,0.));
#4372 = VECTOR('',#4373,1.);
#4373 = DIRECTION('',(0.,0.,1.));
#4374 = ORIENTED_EDGE('',*,*,#2059,.T.);
#4375 = ORIENTED_EDGE('',*,*,#4335,.F.);
#4376 = ORIENTED_EDGE('',*,*,#319,.F.);
#4377 = PLANE('',#4378);
#4378 = AXIS2_PLACEMENT_3D('',#4379,#4380,#4381);
#4379 = CARTESIAN_POINT('',(37.968928,-81.715299,0.));
#4380 = DIRECTION('',(-0.970373382146,0.241610221684,0.));
#4381 = DIRECTION('',(0.241610221684,0.970373382146,0.));
#4382 = ADVANCED_FACE('',(#4383),#4394,.T.);
#4383 = FACE_BOUND('',#4384,.T.);
#4384 = EDGE_LOOP('',(#4385,#4386,#4387,#4393));
#4385 = ORIENTED_EDGE('',*,*,#4354,.T.);
#4386 = ORIENTED_EDGE('',*,*,#2923,.T.);
#4387 = ORIENTED_EDGE('',*,*,#4388,.F.);
#4388 = EDGE_CURVE('',#1176,#2916,#4389,.T.);
#4389 = LINE('',#4390,#4391);
#4390 = CARTESIAN_POINT('',(107.738347,-82.992789,0.));
#4391 = VECTOR('',#4392,1.);
#4392 = DIRECTION('',(0.,0.,1.));
#4393 = ORIENTED_EDGE('',*,*,#1183,.F.);
#4394 = PLANE('',#4395);
#4395 = AXIS2_PLACEMENT_3D('',#4396,#4397,#4398);
#4396 = CARTESIAN_POINT('',(107.567021,-82.691901,0.));
#4397 = DIRECTION('',(0.869001035786,0.494810266468,-0.));
#4398 = DIRECTION('',(0.494810266468,-0.869001035786,0.));
#4399 = ADVANCED_FACE('',(#4400),#4411,.T.);
#4400 = FACE_BOUND('',#4401,.T.);
#4401 = EDGE_LOOP('',(#4402,#4408,#4409,#4410));
#4402 = ORIENTED_EDGE('',*,*,#4403,.T.);
#4403 = EDGE_CURVE('',#328,#2068,#4404,.T.);
#4404 = LINE('',#4405,#4406);
#4405 = CARTESIAN_POINT('',(37.93687,-81.885749,0.));
#4406 = VECTOR('',#4407,1.);
#4407 = DIRECTION('',(0.,0.,1.));
#4408 = ORIENTED_EDGE('',*,*,#2067,.T.);
#4409 = ORIENTED_EDGE('',*,*,#4369,.F.);
#4410 = ORIENTED_EDGE('',*,*,#327,.F.);
#4411 = PLANE('',#4412);
#4412 = AXIS2_PLACEMENT_3D('',#4413,#4414,#4415);
#4413 = CARTESIAN_POINT('',(37.93687,-81.885749,0.));
#4414 = DIRECTION('',(-0.982769033513,0.18483783911,0.));
#4415 = DIRECTION('',(0.18483783911,0.982769033513,0.));
#4416 = ADVANCED_FACE('',(#4417),#4428,.T.);
#4417 = FACE_BOUND('',#4418,.T.);
#4418 = EDGE_LOOP('',(#4419,#4420,#4421,#4427));
#4419 = ORIENTED_EDGE('',*,*,#4388,.T.);
#4420 = ORIENTED_EDGE('',*,*,#2915,.T.);
#4421 = ORIENTED_EDGE('',*,*,#4422,.F.);
#4422 = EDGE_CURVE('',#1168,#2908,#4423,.T.);
#4423 = LINE('',#4424,#4425);
#4424 = CARTESIAN_POINT('',(107.873641,-83.31069,0.));
#4425 = VECTOR('',#4426,1.);
#4426 = DIRECTION('',(0.,0.,1.));
#4427 = ORIENTED_EDGE('',*,*,#1175,.F.);
#4428 = PLANE('',#4429);
#4429 = AXIS2_PLACEMENT_3D('',#4430,#4431,#4432);
#4430 = CARTESIAN_POINT('',(107.738347,-82.992789,0.));
#4431 = DIRECTION('',(0.920136928732,0.391596772693,-0.));
#4432 = DIRECTION('',(0.391596772693,-0.920136928732,0.));
#4433 = ADVANCED_FACE('',(#4434),#4445,.T.);
#4434 = FACE_BOUND('',#4435,.T.);
#4435 = EDGE_LOOP('',(#4436,#4442,#4443,#4444));
#4436 = ORIENTED_EDGE('',*,*,#4437,.T.);
#4437 = EDGE_CURVE('',#336,#2076,#4438,.T.);
#4438 = LINE('',#4439,#4440);
#4439 = CARTESIAN_POINT('',(37.914619,-82.058967,0.));
#4440 = VECTOR('',#4441,1.);
#4441 = DIRECTION('',(0.,0.,1.));
#4442 = ORIENTED_EDGE('',*,*,#2075,.T.);
#4443 = ORIENTED_EDGE('',*,*,#4403,.F.);
#4444 = ORIENTED_EDGE('',*,*,#335,.F.);
#4445 = PLANE('',#4446);
#4446 = AXIS2_PLACEMENT_3D('',#4447,#4448,#4449);
#4447 = CARTESIAN_POINT('',(37.914619,-82.058967,0.));
#4448 = DIRECTION('',(-0.991850170831,0.127409727345,0.));
#4449 = DIRECTION('',(0.127409727345,0.991850170831,0.));
#4450 = ADVANCED_FACE('',(#4451),#4462,.T.);
#4451 = FACE_BOUND('',#4452,.T.);
#4452 = EDGE_LOOP('',(#4453,#4454,#4455,#4461));
#4453 = ORIENTED_EDGE('',*,*,#4422,.T.);
#4454 = ORIENTED_EDGE('',*,*,#2907,.T.);
#4455 = ORIENTED_EDGE('',*,*,#4456,.F.);
#4456 = EDGE_CURVE('',#1160,#2900,#4457,.T.);
#4457 = LINE('',#4458,#4459);
#4458 = CARTESIAN_POINT('',(107.971294,-83.641272,0.));
#4459 = VECTOR('',#4460,1.);
#4460 = DIRECTION('',(0.,0.,1.));
#4461 = ORIENTED_EDGE('',*,*,#1167,.F.);
#4462 = PLANE('',#4463);
#4463 = AXIS2_PLACEMENT_3D('',#4464,#4465,#4466);
#4464 = CARTESIAN_POINT('',(107.873641,-83.31069,0.));
#4465 = DIRECTION('',(0.95903264882,0.283295567379,-0.));
#4466 = DIRECTION('',(0.283295567379,-0.95903264882,0.));
#4467 = ADVANCED_FACE('',(#4468),#4479,.T.);
#4468 = FACE_BOUND('',#4469,.T.);
#4469 = EDGE_LOOP('',(#4470,#4476,#4477,#4478));
#4470 = ORIENTED_EDGE('',*,*,#4471,.T.);
#4471 = EDGE_CURVE('',#344,#2084,#4472,.T.);
#4472 = LINE('',#4473,#4474);
#4473 = CARTESIAN_POINT('',(37.9,-82.355602,0.));
#4474 = VECTOR('',#4475,1.);
#4475 = DIRECTION('',(0.,0.,1.));
#4476 = ORIENTED_EDGE('',*,*,#2083,.T.);
#4477 = ORIENTED_EDGE('',*,*,#4437,.F.);
#4478 = ORIENTED_EDGE('',*,*,#343,.F.);
#4479 = PLANE('',#4480);
#4480 = AXIS2_PLACEMENT_3D('',#4481,#4482,#4483);
#4481 = CARTESIAN_POINT('',(37.9,-82.355602,0.));
#4482 = DIRECTION('',(-0.998787811044,4.922304856021E-02,0.));
#4483 = DIRECTION('',(4.922304856021E-02,0.998787811044,0.));
#4484 = ADVANCED_FACE('',(#4485),#4496,.T.);
#4485 = FACE_BOUND('',#4486,.T.);
#4486 = EDGE_LOOP('',(#4487,#4488,#4489,#4495));
#4487 = ORIENTED_EDGE('',*,*,#4456,.T.);
#4488 = ORIENTED_EDGE('',*,*,#2899,.T.);
#4489 = ORIENTED_EDGE('',*,*,#4490,.F.);
#4490 = EDGE_CURVE('',#1152,#2892,#4491,.T.);
#4491 = LINE('',#4492,#4493);
#4492 = CARTESIAN_POINT('',(108.030269,-83.980391,0.));
#4493 = VECTOR('',#4494,1.);
#4494 = DIRECTION('',(0.,0.,1.));
#4495 = ORIENTED_EDGE('',*,*,#1159,.F.);
#4496 = PLANE('',#4497);
#4497 = AXIS2_PLACEMENT_3D('',#4498,#4499,#4500);
#4498 = CARTESIAN_POINT('',(107.971294,-83.641272,0.));
#4499 = DIRECTION('',(0.985212842256,0.171334921877,-0.));
#4500 = DIRECTION('',(0.171334921877,-0.985212842256,0.));
#4501 = ADVANCED_FACE('',(#4502),#4513,.T.);
#4502 = FACE_BOUND('',#4503,.T.);
#4503 = EDGE_LOOP('',(#4504,#4510,#4511,#4512));
#4504 = ORIENTED_EDGE('',*,*,#4505,.T.);
#4505 = EDGE_CURVE('',#352,#2092,#4506,.T.);
#4506 = LINE('',#4507,#4508);
#4507 = CARTESIAN_POINT('',(37.9,-112.325,0.));
#4508 = VECTOR('',#4509,1.);
#4509 = DIRECTION('',(0.,0.,1.));
#4510 = ORIENTED_EDGE('',*,*,#2091,.T.);
#4511 = ORIENTED_EDGE('',*,*,#4471,.F.);
#4512 = ORIENTED_EDGE('',*,*,#351,.F.);
#4513 = PLANE('',#4514);
#4514 = AXIS2_PLACEMENT_3D('',#4515,#4516,#4517);
#4515 = CARTESIAN_POINT('',(37.9,-112.325,0.));
#4516 = DIRECTION('',(-1.,0.,0.));
#4517 = DIRECTION('',(0.,1.,0.));
#4518 = ADVANCED_FACE('',(#4519),#4530,.T.);
#4519 = FACE_BOUND('',#4520,.T.);
#4520 = EDGE_LOOP('',(#4521,#4522,#4523,#4529));
#4521 = ORIENTED_EDGE('',*,*,#4490,.T.);
#4522 = ORIENTED_EDGE('',*,*,#2891,.T.);
#4523 = ORIENTED_EDGE('',*,*,#4524,.F.);
#4524 = EDGE_CURVE('',#1144,#2884,#4525,.T.);
#4525 = LINE('',#4526,#4527);
#4526 = CARTESIAN_POINT('',(108.049994,-84.324264,0.));
#4527 = VECTOR('',#4528,1.);
#4528 = DIRECTION('',(0.,0.,1.));
#4529 = ORIENTED_EDGE('',*,*,#1151,.F.);
#4530 = PLANE('',#4531);
#4531 = AXIS2_PLACEMENT_3D('',#4532,#4533,#4534);
#4532 = CARTESIAN_POINT('',(108.030269,-83.980391,0.));
#4533 = DIRECTION('',(0.99835888974,5.726715706121E-02,-0.));
#4534 = DIRECTION('',(5.726715706121E-02,-0.99835888974,0.));
#4535 = ADVANCED_FACE('',(#4536),#4547,.T.);
#4536 = FACE_BOUND('',#4537,.T.);
#4537 = EDGE_LOOP('',(#4538,#4544,#4545,#4546));
#4538 = ORIENTED_EDGE('',*,*,#4539,.T.);
#4539 = EDGE_CURVE('',#360,#2100,#4540,.T.);
#4540 = LINE('',#4541,#4542);
#4541 = CARTESIAN_POINT('',(37.919787,-112.669085,0.));
#4542 = VECTOR('',#4543,1.);
#4543 = DIRECTION('',(0.,0.,1.));
#4544 = ORIENTED_EDGE('',*,*,#2099,.T.);
#4545 = ORIENTED_EDGE('',*,*,#4505,.F.);
#4546 = ORIENTED_EDGE('',*,*,#359,.F.);
#4547 = PLANE('',#4548);
#4548 = AXIS2_PLACEMENT_3D('',#4549,#4550,#4551);
#4549 = CARTESIAN_POINT('',(37.919787,-112.669085,0.));
#4550 = DIRECTION('',(-0.998350611677,-5.741128951642E-02,0.));
#4551 = DIRECTION('',(-5.741128951642E-02,0.998350611677,0.));
#4552 = ADVANCED_FACE('',(#4553),#4564,.T.);
#4553 = FACE_BOUND('',#4554,.T.);
#4554 = EDGE_LOOP('',(#4555,#4556,#4557,#4563));
#4555 = ORIENTED_EDGE('',*,*,#4524,.T.);
#4556 = ORIENTED_EDGE('',*,*,#2883,.T.);
#4557 = ORIENTED_EDGE('',*,*,#4558,.F.);
#4558 = EDGE_CURVE('',#1136,#2876,#4559,.T.);
#4559 = LINE('',#4560,#4561);
#4560 = CARTESIAN_POINT('',(108.049995,-112.325,0.));
#4561 = VECTOR('',#4562,1.);
#4562 = DIRECTION('',(0.,0.,1.));
#4563 = ORIENTED_EDGE('',*,*,#1143,.F.);
#4564 = PLANE('',#4565);
#4565 = AXIS2_PLACEMENT_3D('',#4566,#4567,#4568);
#4566 = CARTESIAN_POINT('',(108.049994,-84.324264,0.));
#4567 = DIRECTION('',(1.,3.571334687328E-08,-0.));
#4568 = DIRECTION('',(3.571334687328E-08,-1.,0.));
#4569 = ADVANCED_FACE('',(#4570),#4581,.T.);
#4570 = FACE_BOUND('',#4571,.T.);
#4571 = EDGE_LOOP('',(#4572,#4578,#4579,#4580));
#4572 = ORIENTED_EDGE('',*,*,#4573,.T.);
#4573 = EDGE_CURVE('',#368,#2108,#4574,.T.);
#4574 = LINE('',#4575,#4576);
#4575 = CARTESIAN_POINT('',(37.978991,-113.008934,0.));
#4576 = VECTOR('',#4577,1.);
#4577 = DIRECTION('',(0.,0.,1.));
#4578 = ORIENTED_EDGE('',*,*,#2107,.T.);
#4579 = ORIENTED_EDGE('',*,*,#4539,.F.);
#4580 = ORIENTED_EDGE('',*,*,#367,.F.);
#4581 = PLANE('',#4582);
#4582 = AXIS2_PLACEMENT_3D('',#4583,#4584,#4585);
#4583 = CARTESIAN_POINT('',(37.978991,-113.008934,0.));
#4584 = DIRECTION('',(-0.985162865585,-0.171622050658,0.));
#4585 = DIRECTION('',(-0.171622050658,0.985162865585,0.));
#4586 = ADVANCED_FACE('',(#4587),#4598,.T.);
#4587 = FACE_BOUND('',#4588,.T.);
#4588 = EDGE_LOOP('',(#4589,#4590,#4591,#4597));
#4589 = ORIENTED_EDGE('',*,*,#4558,.T.);
#4590 = ORIENTED_EDGE('',*,*,#2875,.T.);
#4591 = ORIENTED_EDGE('',*,*,#4592,.F.);
#4592 = EDGE_CURVE('',#1128,#2868,#4593,.T.);
#4593 = LINE('',#4594,#4595);
#4594 = CARTESIAN_POINT('',(108.036985,-112.604186,0.));
#4595 = VECTOR('',#4596,1.);
#4596 = DIRECTION('',(0.,0.,1.));
#4597 = ORIENTED_EDGE('',*,*,#1135,.F.);
#4598 = PLANE('',#4599);
#4599 = AXIS2_PLACEMENT_3D('',#4600,#4601,#4602);
#4600 = CARTESIAN_POINT('',(108.049995,-112.325,0.));
#4601 = DIRECTION('',(0.99891599643,-4.65492435636E-02,0.));
#4602 = DIRECTION('',(-4.65492435636E-02,-0.99891599643,0.));
#4603 = ADVANCED_FACE('',(#4604),#4615,.T.);
#4604 = FACE_BOUND('',#4605,.T.);
#4605 = EDGE_LOOP('',(#4606,#4612,#4613,#4614));
#4606 = ORIENTED_EDGE('',*,*,#4607,.T.);
#4607 = EDGE_CURVE('',#376,#2116,#4608,.T.);
#4608 = LINE('',#4609,#4610);
#4609 = CARTESIAN_POINT('',(38.077036,-113.340322,0.));
#4610 = VECTOR('',#4611,1.);
#4611 = DIRECTION('',(0.,0.,1.));
#4612 = ORIENTED_EDGE('',*,*,#2115,.T.);
#4613 = ORIENTED_EDGE('',*,*,#4573,.F.);
#4614 = ORIENTED_EDGE('',*,*,#375,.F.);
#4615 = PLANE('',#4616);
#4616 = AXIS2_PLACEMENT_3D('',#4617,#4618,#4619);
#4617 = CARTESIAN_POINT('',(38.077036,-113.340322,0.));
#4618 = DIRECTION('',(-0.958911562461,-0.283705155713,0.));
#4619 = DIRECTION('',(-0.283705155713,0.958911562461,0.));
#4620 = ADVANCED_FACE('',(#4621),#4632,.T.);
#4621 = FACE_BOUND('',#4622,.T.);
#4622 = EDGE_LOOP('',(#4623,#4624,#4625,#4631));
#4623 = ORIENTED_EDGE('',*,*,#4592,.T.);
#4624 = ORIENTED_EDGE('',*,*,#2867,.T.);
#4625 = ORIENTED_EDGE('',*,*,#4626,.F.);
#4626 = EDGE_CURVE('',#1120,#2860,#4627,.T.);
#4627 = LINE('',#4628,#4629);
#4628 = CARTESIAN_POINT('',(108.015779,-112.776886,0.));
#4629 = VECTOR('',#4630,1.);
#4630 = DIRECTION('',(0.,0.,1.));
#4631 = ORIENTED_EDGE('',*,*,#1127,.F.);
#4632 = PLANE('',#4633);
#4633 = AXIS2_PLACEMENT_3D('',#4634,#4635,#4636);
#4634 = CARTESIAN_POINT('',(108.036985,-112.604186,0.));
#4635 = DIRECTION('',(0.992545382511,-0.121875607305,0.));
#4636 = DIRECTION('',(-0.121875607305,-0.992545382511,0.));
#4637 = ADVANCED_FACE('',(#4638),#4649,.T.);
#4638 = FACE_BOUND('',#4639,.T.);
#4639 = EDGE_LOOP('',(#4640,#4646,#4647,#4648));
#4640 = ORIENTED_EDGE('',*,*,#4641,.T.);
#4641 = EDGE_CURVE('',#384,#2124,#4642,.T.);
#4642 = LINE('',#4643,#4644);
#4643 = CARTESIAN_POINT('',(38.212818,-113.658816,0.));
#4644 = VECTOR('',#4645,1.);
#4645 = DIRECTION('',(0.,0.,1.));
#4646 = ORIENTED_EDGE('',*,*,#2123,.T.);
#4647 = ORIENTED_EDGE('',*,*,#4607,.F.);
#4648 = ORIENTED_EDGE('',*,*,#383,.F.);
#4649 = PLANE('',#4650);
#4650 = AXIS2_PLACEMENT_3D('',#4651,#4652,#4653);
#4651 = CARTESIAN_POINT('',(38.212818,-113.658816,0.));
#4652 = DIRECTION('',(-0.919891529591,-0.392172887624,0.));
#4653 = DIRECTION('',(-0.392172887624,0.919891529591,0.));
#4654 = ADVANCED_FACE('',(#4655),#4666,.T.);
#4655 = FACE_BOUND('',#4656,.T.);
#4656 = EDGE_LOOP('',(#4657,#4658,#4659,#4665));
#4657 = ORIENTED_EDGE('',*,*,#4626,.T.);
#4658 = ORIENTED_EDGE('',*,*,#2859,.T.);
#4659 = ORIENTED_EDGE('',*,*,#4660,.F.);
#4660 = EDGE_CURVE('',#1112,#2852,#4661,.T.);
#4661 = LINE('',#4662,#4663);
#4662 = CARTESIAN_POINT('',(107.984716,-112.947479,0.));
#4663 = VECTOR('',#4664,1.);
#4664 = DIRECTION('',(0.,0.,1.));
#4665 = ORIENTED_EDGE('',*,*,#1119,.F.);
#4666 = PLANE('',#4667);
#4667 = AXIS2_PLACEMENT_3D('',#4668,#4669,#4670);
#4668 = CARTESIAN_POINT('',(108.015779,-112.776886,0.));
#4669 = DIRECTION('',(0.98382309392,-0.179142736023,0.));
#4670 = DIRECTION('',(-0.179142736023,-0.98382309392,0.));
#4671 = ADVANCED_FACE('',(#4672),#4683,.T.);
#4672 = FACE_BOUND('',#4673,.T.);
#4673 = EDGE_LOOP('',(#4674,#4680,#4681,#4682));
#4674 = ORIENTED_EDGE('',*,*,#4675,.T.);
#4675 = EDGE_CURVE('',#392,#2132,#4676,.T.);
#4676 = LINE('',#4677,#4678);
#4677 = CARTESIAN_POINT('',(38.294318,-113.811762,0.));
#4678 = VECTOR('',#4679,1.);
#4679 = DIRECTION('',(0.,0.,1.));
#4680 = ORIENTED_EDGE('',*,*,#2131,.T.);
#4681 = ORIENTED_EDGE('',*,*,#4641,.F.);
#4682 = ORIENTED_EDGE('',*,*,#391,.F.);
#4683 = PLANE('',#4684);
#4684 = AXIS2_PLACEMENT_3D('',#4685,#4686,#4687);
#4685 = CARTESIAN_POINT('',(38.294318,-113.811762,0.));
#4686 = DIRECTION('',(-0.882523472405,-0.47026834962,0.));
#4687 = DIRECTION('',(-0.47026834962,0.882523472405,0.));
#4688 = ADVANCED_FACE('',(#4689),#4700,.T.);
#4689 = FACE_BOUND('',#4690,.T.);
#4690 = EDGE_LOOP('',(#4691,#4692,#4693,#4699));
#4691 = ORIENTED_EDGE('',*,*,#4660,.T.);
#4692 = ORIENTED_EDGE('',*,*,#2851,.T.);
#4693 = ORIENTED_EDGE('',*,*,#4694,.F.);
#4694 = EDGE_CURVE('',#1104,#2844,#4695,.T.);
#4695 = LINE('',#4696,#4697);
#4696 = CARTESIAN_POINT('',(107.943791,-113.116193,0.));
#4697 = VECTOR('',#4698,1.);
#4698 = DIRECTION('',(0.,0.,1.));
#4699 = ORIENTED_EDGE('',*,*,#1111,.F.);
#4700 = PLANE('',#4701);
#4701 = AXIS2_PLACEMENT_3D('',#4702,#4703,#4704);
#4702 = CARTESIAN_POINT('',(107.984716,-112.947479,0.));
#4703 = DIRECTION('',(0.971817603816,-0.23573405548,0.));
#4704 = DIRECTION('',(-0.23573405548,-0.971817603816,0.));
#4705 = ADVANCED_FACE('',(#4706),#4717,.T.);
#4706 = FACE_BOUND('',#4707,.T.);
#4707 = EDGE_LOOP('',(#4708,#4714,#4715,#4716));
#4708 = ORIENTED_EDGE('',*,*,#4709,.T.);
#4709 = EDGE_CURVE('',#400,#2140,#4710,.T.);
#4710 = LINE('',#4711,#4712);
#4711 = CARTESIAN_POINT('',(38.384678,-113.96,0.));
#4712 = VECTOR('',#4713,1.);
#4713 = DIRECTION('',(0.,0.,1.));
#4714 = ORIENTED_EDGE('',*,*,#2139,.T.);
#4715 = ORIENTED_EDGE('',*,*,#4675,.F.);
#4716 = ORIENTED_EDGE('',*,*,#399,.F.);
#4717 = PLANE('',#4718);
#4718 = AXIS2_PLACEMENT_3D('',#4719,#4720,#4721);
#4719 = CARTESIAN_POINT('',(38.384678,-113.96,0.));
#4720 = DIRECTION('',(-0.853870479296,-0.520485546953,0.));
#4721 = DIRECTION('',(-0.520485546953,0.853870479296,0.));
#4722 = ADVANCED_FACE('',(#4723),#4734,.T.);
#4723 = FACE_BOUND('',#4724,.T.);
#4724 = EDGE_LOOP('',(#4725,#4726,#4727,#4733));
#4725 = ORIENTED_EDGE('',*,*,#4694,.T.);
#4726 = ORIENTED_EDGE('',*,*,#2843,.T.);
#4727 = ORIENTED_EDGE('',*,*,#4728,.F.);
#4728 = EDGE_CURVE('',#1096,#2836,#4729,.T.);
#4729 = LINE('',#4730,#4731);
#4730 = CARTESIAN_POINT('',(107.893271,-113.281971,0.));
#4731 = VECTOR('',#4732,1.);
#4732 = DIRECTION('',(0.,0.,1.));
#4733 = ORIENTED_EDGE('',*,*,#1103,.F.);
#4734 = PLANE('',#4735);
#4735 = AXIS2_PLACEMENT_3D('',#4736,#4737,#4738);
#4736 = CARTESIAN_POINT('',(107.943791,-113.116193,0.));
#4737 = DIRECTION('',(0.956568017423,-0.291509224627,0.));
#4738 = DIRECTION('',(-0.291509224627,-0.956568017423,0.));
#4739 = ADVANCED_FACE('',(#4740),#4751,.T.);
#4740 = FACE_BOUND('',#4741,.T.);
#4741 = EDGE_LOOP('',(#4742,#4748,#4749,#4750));
#4742 = ORIENTED_EDGE('',*,*,#4743,.T.);
#4743 = EDGE_CURVE('',#408,#2148,#4744,.T.);
#4744 = LINE('',#4745,#4746);
#4745 = CARTESIAN_POINT('',(38.483341,-114.102593,0.));
#4746 = VECTOR('',#4747,1.);
#4747 = DIRECTION('',(0.,0.,1.));
#4748 = ORIENTED_EDGE('',*,*,#2147,.T.);
#4749 = ORIENTED_EDGE('',*,*,#4709,.F.);
#4750 = ORIENTED_EDGE('',*,*,#407,.F.);
#4751 = PLANE('',#4752);
#4752 = AXIS2_PLACEMENT_3D('',#4753,#4754,#4755);
#4753 = CARTESIAN_POINT('',(38.483341,-114.102593,0.));
#4754 = DIRECTION('',(-0.822341230207,-0.568994640662,0.));
#4755 = DIRECTION('',(-0.568994640662,0.822341230207,0.));
#4756 = ADVANCED_FACE('',(#4757),#4768,.T.);
#4757 = FACE_BOUND('',#4758,.T.);
#4758 = EDGE_LOOP('',(#4759,#4760,#4761,#4767));
#4759 = ORIENTED_EDGE('',*,*,#4728,.T.);
#4760 = ORIENTED_EDGE('',*,*,#2835,.T.);
#4761 = ORIENTED_EDGE('',*,*,#4762,.F.);
#4762 = EDGE_CURVE('',#1088,#2828,#4763,.T.);
#4763 = LINE('',#4764,#4765);
#4764 = CARTESIAN_POINT('',(107.764074,-113.603193,0.));
#4765 = VECTOR('',#4766,1.);
#4766 = DIRECTION('',(0.,0.,1.));
#4767 = ORIENTED_EDGE('',*,*,#1095,.F.);
#4768 = PLANE('',#4769);
#4769 = AXIS2_PLACEMENT_3D('',#4770,#4771,#4772);
#4770 = CARTESIAN_POINT('',(107.893271,-113.281971,0.));
#4771 = DIRECTION('',(0.927769685708,-0.373153333472,0.));
#4772 = DIRECTION('',(-0.373153333472,-0.927769685708,0.));
#4773 = ADVANCED_FACE('',(#4774),#4785,.T.);
#4774 = FACE_BOUND('',#4775,.T.);
#4775 = EDGE_LOOP('',(#4776,#4782,#4783,#4784));
#4776 = ORIENTED_EDGE('',*,*,#4777,.T.);
#4777 = EDGE_CURVE('',#416,#2156,#4778,.T.);
#4778 = LINE('',#4779,#4780);
#4779 = CARTESIAN_POINT('',(38.590464,-114.239706,0.));
#4780 = VECTOR('',#4781,1.);
#4781 = DIRECTION('',(0.,0.,1.));
#4782 = ORIENTED_EDGE('',*,*,#2155,.T.);
#4783 = ORIENTED_EDGE('',*,*,#4743,.F.);
#4784 = ORIENTED_EDGE('',*,*,#415,.F.);
#4785 = PLANE('',#4786);
#4786 = AXIS2_PLACEMENT_3D('',#4787,#4788,#4789);
#4787 = CARTESIAN_POINT('',(38.590464,-114.239706,0.));
#4788 = DIRECTION('',(-0.788014702034,-0.615656421536,0.));
#4789 = DIRECTION('',(-0.615656421536,0.788014702034,0.));
#4790 = ADVANCED_FACE('',(#4791),#4802,.T.);
#4791 = FACE_BOUND('',#4792,.T.);
#4792 = EDGE_LOOP('',(#4793,#4794,#4795,#4801));
#4793 = ORIENTED_EDGE('',*,*,#4762,.T.);
#4794 = ORIENTED_EDGE('',*,*,#2827,.T.);
#4795 = ORIENTED_EDGE('',*,*,#4796,.F.);
#4796 = EDGE_CURVE('',#1080,#2820,#4797,.T.);
#4797 = LINE('',#4798,#4799);
#4798 = CARTESIAN_POINT('',(107.599076,-113.906848,0.));
#4799 = VECTOR('',#4800,1.);
#4800 = DIRECTION('',(0.,0.,1.));
#4801 = ORIENTED_EDGE('',*,*,#1087,.F.);
#4802 = PLANE('',#4803);
#4803 = AXIS2_PLACEMENT_3D('',#4804,#4805,#4806);
#4804 = CARTESIAN_POINT('',(107.764074,-113.603193,0.));
#4805 = DIRECTION('',(0.878663223809,-0.47744207934,0.));
#4806 = DIRECTION('',(-0.47744207934,-0.878663223809,0.));
#4807 = ADVANCED_FACE('',(#4808),#4819,.T.);
#4808 = FACE_BOUND('',#4809,.T.);
#4809 = EDGE_LOOP('',(#4810,#4816,#4817,#4818));
#4810 = ORIENTED_EDGE('',*,*,#4811,.T.);
#4811 = EDGE_CURVE('',#424,#2164,#4812,.T.);
#4812 = LINE('',#4813,#4814);
#4813 = CARTESIAN_POINT('',(38.778678,-114.44632,0.));
#4814 = VECTOR('',#4815,1.);
#4815 = DIRECTION('',(0.,0.,1.));
#4816 = ORIENTED_EDGE('',*,*,#2163,.T.);
#4817 = ORIENTED_EDGE('',*,*,#4777,.F.);
#4818 = ORIENTED_EDGE('',*,*,#423,.F.);
#4819 = PLANE('',#4820);
#4820 = AXIS2_PLACEMENT_3D('',#4821,#4822,#4823);
#4821 = CARTESIAN_POINT('',(38.778678,-114.44632,0.));
#4822 = DIRECTION('',(-0.739257451185,-0.673422913827,0.));
#4823 = DIRECTION('',(-0.673422913827,0.739257451185,0.));
#4824 = ADVANCED_FACE('',(#4825),#4836,.T.);
#4825 = FACE_BOUND('',#4826,.T.);
#4826 = EDGE_LOOP('',(#4827,#4828,#4829,#4835));
#4827 = ORIENTED_EDGE('',*,*,#4796,.T.);
#4828 = ORIENTED_EDGE('',*,*,#2819,.T.);
#4829 = ORIENTED_EDGE('',*,*,#4830,.F.);
#4830 = EDGE_CURVE('',#1072,#2812,#4831,.T.);
#4831 = LINE('',#4832,#4833);
#4832 = CARTESIAN_POINT('',(107.400629,-114.189022,0.));
#4833 = VECTOR('',#4834,1.);
#4834 = DIRECTION('',(0.,0.,1.));
#4835 = ORIENTED_EDGE('',*,*,#1079,.F.);
#4836 = PLANE('',#4837);
#4837 = AXIS2_PLACEMENT_3D('',#4838,#4839,#4840);
#4838 = CARTESIAN_POINT('',(107.599076,-113.906848,0.));
#4839 = DIRECTION('',(0.817969951187,-0.575260948575,0.));
#4840 = DIRECTION('',(-0.575260948575,-0.817969951187,0.));
#4841 = ADVANCED_FACE('',(#4842),#4853,.T.);
#4842 = FACE_BOUND('',#4843,.T.);
#4843 = EDGE_LOOP('',(#4844,#4850,#4851,#4852));
#4844 = ORIENTED_EDGE('',*,*,#4845,.T.);
#4845 = EDGE_CURVE('',#432,#2172,#4846,.T.);
#4846 = LINE('',#4847,#4848);
#4847 = CARTESIAN_POINT('',(39.035971,-114.675631,0.));
#4848 = VECTOR('',#4849,1.);
#4849 = DIRECTION('',(0.,0.,1.));
#4850 = ORIENTED_EDGE('',*,*,#2171,.T.);
#4851 = ORIENTED_EDGE('',*,*,#4811,.F.);
#4852 = ORIENTED_EDGE('',*,*,#431,.F.);
#4853 = PLANE('',#4854);
#4854 = AXIS2_PLACEMENT_3D('',#4855,#4856,#4857);
#4855 = CARTESIAN_POINT('',(39.035971,-114.675631,0.));
#4856 = DIRECTION('',(-0.665345672514,-0.746535421843,0.));
#4857 = DIRECTION('',(-0.746535421843,0.665345672514,0.));
#4858 = ADVANCED_FACE('',(#4859),#4870,.T.);
#4859 = FACE_BOUND('',#4860,.T.);
#4860 = EDGE_LOOP('',(#4861,#4862,#4863,#4869));
#4861 = ORIENTED_EDGE('',*,*,#4830,.T.);
#4862 = ORIENTED_EDGE('',*,*,#2811,.T.);
#4863 = ORIENTED_EDGE('',*,*,#4864,.F.);
#4864 = EDGE_CURVE('',#1064,#2804,#4865,.T.);
#4865 = LINE('',#4866,#4867);
#4866 = CARTESIAN_POINT('',(107.171316,-114.446319,0.));
#4867 = VECTOR('',#4868,1.);
#4868 = DIRECTION('',(0.,0.,1.));
#4869 = ORIENTED_EDGE('',*,*,#1071,.F.);
#4870 = PLANE('',#4871);
#4871 = AXIS2_PLACEMENT_3D('',#4872,#4873,#4874);
#4872 = CARTESIAN_POINT('',(107.400629,-114.189022,0.));
#4873 = DIRECTION('',(0.746537677236,-0.665343141895,0.));
#4874 = DIRECTION('',(-0.665343141895,-0.746537677236,0.));
#4875 = ADVANCED_FACE('',(#4876),#4887,.T.);
#4876 = FACE_BOUND('',#4877,.T.);
#4877 = EDGE_LOOP('',(#4878,#4884,#4885,#4886));
#4878 = ORIENTED_EDGE('',*,*,#4879,.T.);
#4879 = EDGE_CURVE('',#440,#2180,#4880,.T.);
#4880 = LINE('',#4881,#4882);
#4881 = CARTESIAN_POINT('',(39.318143,-114.874077,0.));
#4882 = VECTOR('',#4883,1.);
#4883 = DIRECTION('',(0.,0.,1.));
#4884 = ORIENTED_EDGE('',*,*,#2179,.T.);
#4885 = ORIENTED_EDGE('',*,*,#4845,.F.);
#4886 = ORIENTED_EDGE('',*,*,#439,.F.);
#4887 = PLANE('',#4888);
#4888 = AXIS2_PLACEMENT_3D('',#4889,#4890,#4891);
#4889 = CARTESIAN_POINT('',(39.318143,-114.874077,0.));
#4890 = DIRECTION('',(-0.575261737108,-0.817969396628,0.));
#4891 = DIRECTION('',(-0.817969396628,0.575261737108,0.));
#4892 = ADVANCED_FACE('',(#4893),#4904,.T.);
#4893 = FACE_BOUND('',#4894,.T.);
#4894 = EDGE_LOOP('',(#4895,#4896,#4897,#4903));
#4895 = ORIENTED_EDGE('',*,*,#4864,.T.);
#4896 = ORIENTED_EDGE('',*,*,#2803,.T.);
#4897 = ORIENTED_EDGE('',*,*,#4898,.F.);
#4898 = EDGE_CURVE('',#1056,#2796,#4899,.T.);
#4899 = LINE('',#4900,#4901);
#4900 = CARTESIAN_POINT('',(106.964699,-114.634536,0.));
#4901 = VECTOR('',#4902,1.);
#4902 = DIRECTION('',(0.,0.,1.));
#4903 = ORIENTED_EDGE('',*,*,#1063,.F.);
#4904 = PLANE('',#4905);
#4905 = AXIS2_PLACEMENT_3D('',#4906,#4907,#4908);
#4906 = CARTESIAN_POINT('',(107.171316,-114.446319,0.));
#4907 = DIRECTION('',(0.673423436223,-0.739256975311,0.));
#4908 = DIRECTION('',(-0.739256975311,-0.673423436223,0.));
#4909 = ADVANCED_FACE('',(#4910),#4921,.T.);
#4910 = FACE_BOUND('',#4911,.T.);
#4911 = EDGE_LOOP('',(#4912,#4918,#4919,#4920));
#4912 = ORIENTED_EDGE('',*,*,#4913,.T.);
#4913 = EDGE_CURVE('',#448,#2188,#4914,.T.);
#4914 = LINE('',#4915,#4916);
#4915 = CARTESIAN_POINT('',(39.621797,-115.039075,0.));
#4916 = VECTOR('',#4917,1.);
#4917 = DIRECTION('',(0.,0.,1.));
#4918 = ORIENTED_EDGE('',*,*,#2187,.T.);
#4919 = ORIENTED_EDGE('',*,*,#4879,.F.);
#4920 = ORIENTED_EDGE('',*,*,#447,.F.);
#4921 = PLANE('',#4922);
#4922 = AXIS2_PLACEMENT_3D('',#4923,#4924,#4925);
#4923 = CARTESIAN_POINT('',(39.621797,-115.039075,0.));
#4924 = DIRECTION('',(-0.477443293249,-0.878662564203,0.));
#4925 = DIRECTION('',(-0.878662564203,0.477443293249,0.));
#4926 = ADVANCED_FACE('',(#4927),#4938,.T.);
#4927 = FACE_BOUND('',#4928,.T.);
#4928 = EDGE_LOOP('',(#4929,#4930,#4931,#4937));
#4929 = ORIENTED_EDGE('',*,*,#4898,.T.);
#4930 = ORIENTED_EDGE('',*,*,#2795,.T.);
#4931 = ORIENTED_EDGE('',*,*,#4932,.F.);
#4932 = EDGE_CURVE('',#1048,#2788,#4933,.T.);
#4933 = LINE('',#4934,#4935);
#4934 = CARTESIAN_POINT('',(106.827587,-114.741659,0.));
#4935 = VECTOR('',#4936,1.);
#4936 = DIRECTION('',(0.,0.,1.));
#4937 = ORIENTED_EDGE('',*,*,#1055,.F.);
#4938 = PLANE('',#4939);
#4939 = AXIS2_PLACEMENT_3D('',#4940,#4941,#4942);
#4940 = CARTESIAN_POINT('',(106.964699,-114.634536,0.));
#4941 = DIRECTION('',(0.615659209773,-0.788012523645,0.));
#4942 = DIRECTION('',(-0.788012523645,-0.615659209773,0.));
#4943 = ADVANCED_FACE('',(#4944),#4955,.T.);
#4944 = FACE_BOUND('',#4945,.T.);
#4945 = EDGE_LOOP('',(#4946,#4952,#4953,#4954));
#4946 = ORIENTED_EDGE('',*,*,#4947,.T.);
#4947 = EDGE_CURVE('',#456,#2196,#4948,.T.);
#4948 = LINE('',#4949,#4950);
#4949 = CARTESIAN_POINT('',(39.943019,-115.168272,0.));
#4950 = VECTOR('',#4951,1.);
#4951 = DIRECTION('',(0.,0.,1.));
#4952 = ORIENTED_EDGE('',*,*,#2195,.T.);
#4953 = ORIENTED_EDGE('',*,*,#4913,.F.);
#4954 = ORIENTED_EDGE('',*,*,#455,.F.);
#4955 = PLANE('',#4956);
#4956 = AXIS2_PLACEMENT_3D('',#4957,#4958,#4959);
#4957 = CARTESIAN_POINT('',(39.943019,-115.168272,0.));
#4958 = DIRECTION('',(-0.373153333472,-0.927769685708,0.));
#4959 = DIRECTION('',(-0.927769685708,0.373153333472,0.));
#4960 = ADVANCED_FACE('',(#4961),#4972,.T.);
#4961 = FACE_BOUND('',#4962,.T.);
#4962 = EDGE_LOOP('',(#4963,#4964,#4965,#4971));
#4963 = ORIENTED_EDGE('',*,*,#4932,.T.);
#4964 = ORIENTED_EDGE('',*,*,#2787,.T.);
#4965 = ORIENTED_EDGE('',*,*,#4966,.F.);
#4966 = EDGE_CURVE('',#1040,#2780,#4967,.T.);
#4967 = LINE('',#4968,#4969);
#4968 = CARTESIAN_POINT('',(106.684994,-114.840322,0.));
#4969 = VECTOR('',#4970,1.);
#4970 = DIRECTION('',(0.,0.,1.));
#4971 = ORIENTED_EDGE('',*,*,#1047,.F.);
#4972 = PLANE('',#4973);
#4973 = AXIS2_PLACEMENT_3D('',#4974,#4975,#4976);
#4974 = CARTESIAN_POINT('',(106.827587,-114.741659,0.));
#4975 = DIRECTION('',(0.568994640662,-0.822341230207,0.));
#4976 = DIRECTION('',(-0.822341230207,-0.568994640662,0.));
#4977 = ADVANCED_FACE('',(#4978),#4989,.T.);
#4978 = FACE_BOUND('',#4979,.T.);
#4979 = EDGE_LOOP('',(#4980,#4986,#4987,#4988));
#4980 = ORIENTED_EDGE('',*,*,#4981,.T.);
#4981 = EDGE_CURVE('',#464,#2204,#4982,.T.);
#4982 = LINE('',#4983,#4984);
#4983 = CARTESIAN_POINT('',(40.108798,-115.218793,0.));
#4984 = VECTOR('',#4985,1.);
#4985 = DIRECTION('',(0.,0.,1.));
#4986 = ORIENTED_EDGE('',*,*,#2203,.T.);
#4987 = ORIENTED_EDGE('',*,*,#4947,.F.);
#4988 = ORIENTED_EDGE('',*,*,#463,.F.);
#4989 = PLANE('',#4990);
#4990 = AXIS2_PLACEMENT_3D('',#4991,#4992,#4993);
#4991 = CARTESIAN_POINT('',(40.108798,-115.218793,0.));
#4992 = DIRECTION('',(-0.291512895433,-0.956566898756,0.));
#4993 = DIRECTION('',(-0.956566898756,0.291512895433,0.));
#4994 = ADVANCED_FACE('',(#4995),#5006,.T.);
#4995 = FACE_BOUND('',#4996,.T.);
#4996 = EDGE_LOOP('',(#4997,#4998,#4999,#5005));
#4997 = ORIENTED_EDGE('',*,*,#4966,.T.);
#4998 = ORIENTED_EDGE('',*,*,#2779,.T.);
#4999 = ORIENTED_EDGE('',*,*,#5000,.F.);
#5000 = EDGE_CURVE('',#1032,#2772,#5001,.T.);
#5001 = LINE('',#5002,#5003);
#5002 = CARTESIAN_POINT('',(106.536757,-114.930682,0.));
#5003 = VECTOR('',#5004,1.);
#5004 = DIRECTION('',(0.,0.,1.));
#5005 = ORIENTED_EDGE('',*,*,#1039,.F.);
#5006 = PLANE('',#5007);
#5007 = AXIS2_PLACEMENT_3D('',#5008,#5009,#5010);
#5008 = CARTESIAN_POINT('',(106.684994,-114.840322,0.));
#5009 = DIRECTION('',(0.520488106923,-0.853868918835,0.));
#5010 = DIRECTION('',(-0.853868918835,-0.520488106923,0.));
#5011 = ADVANCED_FACE('',(#5012),#5023,.T.);
#5012 = FACE_BOUND('',#5013,.T.);
#5013 = EDGE_LOOP('',(#5014,#5020,#5021,#5022));
#5014 = ORIENTED_EDGE('',*,*,#5015,.T.);
#5015 = EDGE_CURVE('',#472,#2212,#5016,.T.);
#5016 = LINE('',#5017,#5018);
#5017 = CARTESIAN_POINT('',(40.277512,-115.259718,0.));
#5018 = VECTOR('',#5019,1.);
#5019 = DIRECTION('',(0.,0.,1.));
#5020 = ORIENTED_EDGE('',*,*,#2211,.T.);
#5021 = ORIENTED_EDGE('',*,*,#4981,.F.);
#5022 = ORIENTED_EDGE('',*,*,#471,.F.);
#5023 = PLANE('',#5024);
#5024 = AXIS2_PLACEMENT_3D('',#5025,#5026,#5027);
#5025 = CARTESIAN_POINT('',(40.277512,-115.259718,0.));
#5026 = DIRECTION('',(-0.23573405548,-0.971817603816,0.));
#5027 = DIRECTION('',(-0.971817603816,0.23573405548,0.));
#5028 = ADVANCED_FACE('',(#5029),#5040,.T.);
#5029 = FACE_BOUND('',#5030,.T.);
#5030 = EDGE_LOOP('',(#5031,#5032,#5033,#5039));
#5031 = ORIENTED_EDGE('',*,*,#5000,.T.);
#5032 = ORIENTED_EDGE('',*,*,#2771,.T.);
#5033 = ORIENTED_EDGE('',*,*,#5034,.F.);
#5034 = EDGE_CURVE('',#1024,#2764,#5035,.T.);
#5035 = LINE('',#5036,#5037);
#5036 = CARTESIAN_POINT('',(106.383811,-115.012182,0.));
#5037 = VECTOR('',#5038,1.);
#5038 = DIRECTION('',(0.,0.,1.));
#5039 = ORIENTED_EDGE('',*,*,#1031,.F.);
#5040 = PLANE('',#5041);
#5041 = AXIS2_PLACEMENT_3D('',#5042,#5043,#5044);
#5042 = CARTESIAN_POINT('',(106.536757,-114.930682,0.));
#5043 = DIRECTION('',(0.47026834962,-0.882523472405,0.));
#5044 = DIRECTION('',(-0.882523472405,-0.47026834962,0.));
#5045 = ADVANCED_FACE('',(#5046),#5057,.T.);
#5046 = FACE_BOUND('',#5047,.T.);
#5047 = EDGE_LOOP('',(#5048,#5054,#5055,#5056));
#5048 = ORIENTED_EDGE('',*,*,#5049,.T.);
#5049 = EDGE_CURVE('',#480,#2220,#5050,.T.);
#5050 = LINE('',#5051,#5052);
#5051 = CARTESIAN_POINT('',(40.448106,-115.290782,0.));
#5052 = VECTOR('',#5053,1.);
#5053 = DIRECTION('',(0.,0.,1.));
#5054 = ORIENTED_EDGE('',*,*,#2219,.T.);
#5055 = ORIENTED_EDGE('',*,*,#5015,.F.);
#5056 = ORIENTED_EDGE('',*,*,#479,.F.);
#5057 = PLANE('',#5058);
#5058 = AXIS2_PLACEMENT_3D('',#5059,#5060,#5061);
#5059 = CARTESIAN_POINT('',(40.448106,-115.290782,0.));
#5060 = DIRECTION('',(-0.179147301573,-0.983822262575,0.));
#5061 = DIRECTION('',(-0.983822262575,0.179147301573,0.));
#5062 = ADVANCED_FACE('',(#5063),#5074,.T.);
#5063 = FACE_BOUND('',#5064,.T.);
#5064 = EDGE_LOOP('',(#5065,#5066,#5067,#5073));
#5065 = ORIENTED_EDGE('',*,*,#5034,.T.);
#5066 = ORIENTED_EDGE('',*,*,#2763,.T.);
#5067 = ORIENTED_EDGE('',*,*,#5068,.F.);
#5068 = EDGE_CURVE('',#1016,#2756,#5069,.T.);
#5069 = LINE('',#5070,#5071);
#5070 = CARTESIAN_POINT('',(106.065318,-115.147963,0.));
#5071 = VECTOR('',#5072,1.);
#5072 = DIRECTION('',(0.,0.,1.));
#5073 = ORIENTED_EDGE('',*,*,#1023,.F.);
#5074 = PLANE('',#5075);
#5075 = AXIS2_PLACEMENT_3D('',#5076,#5077,#5078);
#5076 = CARTESIAN_POINT('',(106.383811,-115.012182,0.));
#5077 = DIRECTION('',(0.392171485533,-0.919892127336,0.));
#5078 = DIRECTION('',(-0.919892127336,-0.392171485533,0.));
#5079 = ADVANCED_FACE('',(#5080),#5091,.T.);
#5080 = FACE_BOUND('',#5081,.T.);
#5081 = EDGE_LOOP('',(#5082,#5088,#5089,#5090));
#5082 = ORIENTED_EDGE('',*,*,#5083,.T.);
#5083 = EDGE_CURVE('',#488,#2228,#5084,.T.);
#5084 = LINE('',#5085,#5086);
#5085 = CARTESIAN_POINT('',(40.620806,-115.311988,0.));
#5086 = VECTOR('',#5087,1.);
#5087 = DIRECTION('',(0.,0.,1.));
#5088 = ORIENTED_EDGE('',*,*,#2227,.T.);
#5089 = ORIENTED_EDGE('',*,*,#5049,.F.);
#5090 = ORIENTED_EDGE('',*,*,#487,.F.);
#5091 = PLANE('',#5092);
#5092 = AXIS2_PLACEMENT_3D('',#5093,#5094,#5095);
#5093 = CARTESIAN_POINT('',(40.620806,-115.311988,0.));
#5094 = DIRECTION('',(-0.121875607305,-0.992545382511,0.));
#5095 = DIRECTION('',(-0.992545382511,0.121875607305,0.));
#5096 = ADVANCED_FACE('',(#5097),#5108,.T.);
#5097 = FACE_BOUND('',#5098,.T.);
#5098 = EDGE_LOOP('',(#5099,#5100,#5101,#5107));
#5099 = ORIENTED_EDGE('',*,*,#5068,.T.);
#5100 = ORIENTED_EDGE('',*,*,#2755,.T.);
#5101 = ORIENTED_EDGE('',*,*,#5102,.F.);
#5102 = EDGE_CURVE('',#1008,#2748,#5103,.T.);
#5103 = LINE('',#5104,#5105);
#5104 = CARTESIAN_POINT('',(105.73393,-115.246008,0.));
#5105 = VECTOR('',#5106,1.);
#5106 = DIRECTION('',(0.,0.,1.));
#5107 = ORIENTED_EDGE('',*,*,#1015,.F.);
#5108 = PLANE('',#5109);
#5109 = AXIS2_PLACEMENT_3D('',#5110,#5111,#5112);
#5110 = CARTESIAN_POINT('',(106.065318,-115.147963,0.));
#5111 = DIRECTION('',(0.283705155713,-0.958911562461,0.));
#5112 = DIRECTION('',(-0.958911562461,-0.283705155713,0.));
#5113 = ADVANCED_FACE('',(#5114),#5125,.T.);
#5114 = FACE_BOUND('',#5115,.T.);
#5115 = EDGE_LOOP('',(#5116,#5122,#5123,#5124));
#5116 = ORIENTED_EDGE('',*,*,#5117,.T.);
#5117 = EDGE_CURVE('',#496,#2236,#5118,.T.);
#5118 = LINE('',#5119,#5120);
#5119 = CARTESIAN_POINT('',(40.9,-115.324999,0.));
#5120 = VECTOR('',#5121,1.);
#5121 = DIRECTION('',(0.,0.,1.));
#5122 = ORIENTED_EDGE('',*,*,#2235,.T.);
#5123 = ORIENTED_EDGE('',*,*,#5083,.F.);
#5124 = ORIENTED_EDGE('',*,*,#495,.F.);
#5125 = PLANE('',#5126);
#5126 = AXIS2_PLACEMENT_3D('',#5127,#5128,#5129);
#5127 = CARTESIAN_POINT('',(40.9,-115.324999,0.));
#5128 = DIRECTION('',(-4.655148273921E-02,-0.998915892082,0.));
#5129 = DIRECTION('',(-0.998915892082,4.655148273921E-02,0.));
#5130 = ADVANCED_FACE('',(#5131),#5142,.T.);
#5131 = FACE_BOUND('',#5132,.T.);
#5132 = EDGE_LOOP('',(#5133,#5134,#5135,#5141));
#5133 = ORIENTED_EDGE('',*,*,#5102,.T.);
#5134 = ORIENTED_EDGE('',*,*,#2747,.T.);
#5135 = ORIENTED_EDGE('',*,*,#5136,.F.);
#5136 = EDGE_CURVE('',#1000,#2740,#5137,.T.);
#5137 = LINE('',#5138,#5139);
#5138 = CARTESIAN_POINT('',(105.39408,-115.305212,0.));
#5139 = VECTOR('',#5140,1.);
#5140 = DIRECTION('',(0.,0.,1.));
#5141 = ORIENTED_EDGE('',*,*,#1007,.F.);
#5142 = PLANE('',#5143);
#5143 = AXIS2_PLACEMENT_3D('',#5144,#5145,#5146);
#5144 = CARTESIAN_POINT('',(105.73393,-115.246008,0.));
#5145 = DIRECTION('',(0.171621560539,-0.985162950967,0.));
#5146 = DIRECTION('',(-0.985162950967,-0.171621560539,0.));
#5147 = ADVANCED_FACE('',(#5148),#5159,.T.);
#5148 = FACE_BOUND('',#5149,.T.);
#5149 = EDGE_LOOP('',(#5150,#5156,#5157,#5158));
#5150 = ORIENTED_EDGE('',*,*,#5151,.T.);
#5151 = EDGE_CURVE('',#504,#2244,#5152,.T.);
#5152 = LINE('',#5153,#5154);
#5153 = CARTESIAN_POINT('',(68.625216,-115.324999,0.));
#5154 = VECTOR('',#5155,1.);
#5155 = DIRECTION('',(0.,0.,1.));
#5156 = ORIENTED_EDGE('',*,*,#2243,.T.);
#5157 = ORIENTED_EDGE('',*,*,#5117,.F.);
#5158 = ORIENTED_EDGE('',*,*,#503,.F.);
#5159 = PLANE('',#5160);
#5160 = AXIS2_PLACEMENT_3D('',#5161,#5162,#5163);
#5161 = CARTESIAN_POINT('',(68.625216,-115.324999,0.));
#5162 = DIRECTION('',(0.,-1.,0.));
#5163 = DIRECTION('',(-1.,0.,0.));
#5164 = ADVANCED_FACE('',(#5165),#5176,.T.);
#5165 = FACE_BOUND('',#5166,.T.);
#5166 = EDGE_LOOP('',(#5167,#5168,#5169,#5175));
#5167 = ORIENTED_EDGE('',*,*,#5136,.T.);
#5168 = ORIENTED_EDGE('',*,*,#2739,.T.);
#5169 = ORIENTED_EDGE('',*,*,#5170,.F.);
#5170 = EDGE_CURVE('',#992,#2732,#5171,.T.);
#5171 = LINE('',#5172,#5173);
#5172 = CARTESIAN_POINT('',(105.049994,-115.324999,0.));
#5173 = VECTOR('',#5174,1.);
#5174 = DIRECTION('',(0.,0.,1.));
#5175 = ORIENTED_EDGE('',*,*,#999,.F.);
#5176 = PLANE('',#5177);
#5177 = AXIS2_PLACEMENT_3D('',#5178,#5179,#5180);
#5178 = CARTESIAN_POINT('',(105.39408,-115.305212,0.));
#5179 = DIRECTION('',(5.741112321481E-02,-0.99835062124,0.));
#5180 = DIRECTION('',(-0.99835062124,-5.741112321481E-02,0.));
#5181 = ADVANCED_FACE('',(#5182),#5193,.T.);
#5182 = FACE_BOUND('',#5183,.T.);
#5183 = EDGE_LOOP('',(#5184,#5190,#5191,#5192));
#5184 = ORIENTED_EDGE('',*,*,#5185,.T.);
#5185 = EDGE_CURVE('',#512,#2252,#5186,.T.);
#5186 = LINE('',#5187,#5188);
#5187 = CARTESIAN_POINT('',(68.730573,-115.305899,0.));
#5188 = VECTOR('',#5189,1.);
#5189 = DIRECTION('',(0.,0.,1.));
#5190 = ORIENTED_EDGE('',*,*,#2251,.T.);
#5191 = ORIENTED_EDGE('',*,*,#5151,.F.);
#5192 = ORIENTED_EDGE('',*,*,#511,.F.);
#5193 = PLANE('',#5194);
#5194 = AXIS2_PLACEMENT_3D('',#5195,#5196,#5197);
#5195 = CARTESIAN_POINT('',(68.730573,-115.305899,0.));
#5196 = DIRECTION('',(0.178380793152,-0.983961530058,0.));
#5197 = DIRECTION('',(-0.983961530058,-0.178380793152,0.));
#5198 = ADVANCED_FACE('',(#5199),#5210,.T.);
#5199 = FACE_BOUND('',#5200,.T.);
#5200 = EDGE_LOOP('',(#5201,#5202,#5203,#5209));
#5201 = ORIENTED_EDGE('',*,*,#5170,.T.);
#5202 = ORIENTED_EDGE('',*,*,#2731,.T.);
#5203 = ORIENTED_EDGE('',*,*,#5204,.F.);
#5204 = EDGE_CURVE('',#984,#2724,#5205,.T.);
#5205 = LINE('',#5206,#5207);
#5206 = CARTESIAN_POINT('',(71.474776,-115.324999,0.));
#5207 = VECTOR('',#5208,1.);
#5208 = DIRECTION('',(0.,0.,1.));
#5209 = ORIENTED_EDGE('',*,*,#991,.F.);
#5210 = PLANE('',#5211);
#5211 = AXIS2_PLACEMENT_3D('',#5212,#5213,#5214);
#5212 = CARTESIAN_POINT('',(105.049994,-115.324999,0.));
#5213 = DIRECTION('',(0.,-1.,0.));
#5214 = DIRECTION('',(-1.,0.,0.));
#5215 = ADVANCED_FACE('',(#5216),#5227,.T.);
#5216 = FACE_BOUND('',#5217,.T.);
#5217 = EDGE_LOOP('',(#5218,#5224,#5225,#5226));
#5218 = ORIENTED_EDGE('',*,*,#5219,.T.);
#5219 = EDGE_CURVE('',#520,#2260,#5220,.T.);
#5220 = LINE('',#5221,#5222);
#5221 = CARTESIAN_POINT('',(68.823658,-115.250002,0.));
#5222 = VECTOR('',#5223,1.);
#5223 = DIRECTION('',(0.,0.,1.));
#5224 = ORIENTED_EDGE('',*,*,#2259,.T.);
#5225 = ORIENTED_EDGE('',*,*,#5185,.F.);
#5226 = ORIENTED_EDGE('',*,*,#519,.F.);
#5227 = PLANE('',#5228);
#5228 = AXIS2_PLACEMENT_3D('',#5229,#5230,#5231);
#5229 = CARTESIAN_POINT('',(68.823658,-115.250002,0.));
#5230 = DIRECTION('',(0.51480723368,-0.857305961807,0.));
#5231 = DIRECTION('',(-0.857305961807,-0.51480723368,0.));
#5232 = ADVANCED_FACE('',(#5233),#5244,.T.);
#5233 = FACE_BOUND('',#5234,.T.);
#5234 = EDGE_LOOP('',(#5235,#5236,#5237,#5243));
#5235 = ORIENTED_EDGE('',*,*,#5204,.T.);
#5236 = ORIENTED_EDGE('',*,*,#2723,.T.);
#5237 = ORIENTED_EDGE('',*,*,#5238,.F.);
#5238 = EDGE_CURVE('',#976,#2716,#5239,.T.);
#5239 = LINE('',#5240,#5241);
#5240 = CARTESIAN_POINT('',(71.46832,-115.32493,0.));
#5241 = VECTOR('',#5242,1.);
#5242 = DIRECTION('',(0.,0.,1.));
#5243 = ORIENTED_EDGE('',*,*,#983,.F.);
#5244 = PLANE('',#5245);
#5245 = AXIS2_PLACEMENT_3D('',#5246,#5247,#5248);
#5246 = CARTESIAN_POINT('',(71.474776,-115.324999,0.));
#5247 = DIRECTION('',(-1.06871219788E-02,-0.999942891081,0.));
#5248 = DIRECTION('',(-0.999942891081,1.06871219788E-02,0.));
#5249 = ADVANCED_FACE('',(#5250),#5261,.T.);
#5250 = FACE_BOUND('',#5251,.T.);
#5251 = EDGE_LOOP('',(#5252,#5258,#5259,#5260));
#5252 = ORIENTED_EDGE('',*,*,#5253,.T.);
#5253 = EDGE_CURVE('',#528,#2268,#5254,.T.);
#5254 = LINE('',#5255,#5256);
#5255 = CARTESIAN_POINT('',(68.861378,-115.21003,0.));
#5256 = VECTOR('',#5257,1.);
#5257 = DIRECTION('',(0.,0.,1.));
#5258 = ORIENTED_EDGE('',*,*,#2267,.T.);
#5259 = ORIENTED_EDGE('',*,*,#5219,.F.);
#5260 = ORIENTED_EDGE('',*,*,#527,.F.);
#5261 = PLANE('',#5262);
#5262 = AXIS2_PLACEMENT_3D('',#5263,#5264,#5265);
#5263 = CARTESIAN_POINT('',(68.861378,-115.21003,0.));
#5264 = DIRECTION('',(0.72729768288,-0.686322140454,0.));
#5265 = DIRECTION('',(-0.686322140454,-0.72729768288,0.));
#5266 = ADVANCED_FACE('',(#5267),#5278,.T.);
#5267 = FACE_BOUND('',#5268,.T.);
#5268 = EDGE_LOOP('',(#5269,#5270,#5271,#5277));
#5269 = ORIENTED_EDGE('',*,*,#5238,.T.);
#5270 = ORIENTED_EDGE('',*,*,#2715,.T.);
#5271 = ORIENTED_EDGE('',*,*,#5272,.F.);
#5272 = EDGE_CURVE('',#968,#2708,#5273,.T.);
#5273 = LINE('',#5274,#5275);
#5274 = CARTESIAN_POINT('',(71.412846,-115.318548,0.));
#5275 = VECTOR('',#5276,1.);
#5276 = DIRECTION('',(0.,0.,1.));
#5277 = ORIENTED_EDGE('',*,*,#975,.F.);
#5278 = PLANE('',#5279);
#5279 = AXIS2_PLACEMENT_3D('',#5280,#5281,#5282);
#5280 = CARTESIAN_POINT('',(71.46832,-115.32493,0.));
#5281 = DIRECTION('',(-0.114291032542,-0.993447311074,0.));
#5282 = DIRECTION('',(-0.993447311074,0.114291032542,0.));
#5283 = ADVANCED_FACE('',(#5284),#5295,.T.);
#5284 = FACE_BOUND('',#5285,.T.);
#5285 = EDGE_LOOP('',(#5286,#5292,#5293,#5294));
#5286 = ORIENTED_EDGE('',*,*,#5287,.T.);
#5287 = EDGE_CURVE('',#536,#2276,#5288,.T.);
#5288 = LINE('',#5289,#5290);
#5289 = CARTESIAN_POINT('',(68.891569,-115.163056,0.));
#5290 = VECTOR('',#5291,1.);
#5291 = DIRECTION('',(0.,0.,1.));
#5292 = ORIENTED_EDGE('',*,*,#2275,.T.);
#5293 = ORIENTED_EDGE('',*,*,#5253,.F.);
#5294 = ORIENTED_EDGE('',*,*,#535,.F.);
#5295 = PLANE('',#5296);
#5296 = AXIS2_PLACEMENT_3D('',#5297,#5298,#5299);
#5297 = CARTESIAN_POINT('',(68.891569,-115.163056,0.));
#5298 = DIRECTION('',(0.841232002681,-0.540674317557,0.));
#5299 = DIRECTION('',(-0.540674317557,-0.841232002681,0.));
#5300 = ADVANCED_FACE('',(#5301),#5312,.T.);
#5301 = FACE_BOUND('',#5302,.T.);
#5302 = EDGE_LOOP('',(#5303,#5304,#5305,#5311));
#5303 = ORIENTED_EDGE('',*,*,#5272,.T.);
#5304 = ORIENTED_EDGE('',*,*,#2707,.T.);
#5305 = ORIENTED_EDGE('',*,*,#5306,.F.);
#5306 = EDGE_CURVE('',#960,#2700,#5307,.T.);
#5307 = LINE('',#5308,#5309);
#5308 = CARTESIAN_POINT('',(71.360337,-115.30232,0.));
#5309 = VECTOR('',#5310,1.);
#5310 = DIRECTION('',(0.,0.,1.));
#5311 = ORIENTED_EDGE('',*,*,#967,.F.);
#5312 = PLANE('',#5313);
#5313 = AXIS2_PLACEMENT_3D('',#5314,#5315,#5316);
#5314 = CARTESIAN_POINT('',(71.412846,-115.318548,0.));
#5315 = DIRECTION('',(-0.295272147747,-0.955413187456,0.));
#5316 = DIRECTION('',(-0.955413187456,0.295272147747,0.));
#5317 = ADVANCED_FACE('',(#5318),#5329,.T.);
#5318 = FACE_BOUND('',#5319,.T.);
#5319 = EDGE_LOOP('',(#5320,#5326,#5327,#5328));
#5320 = ORIENTED_EDGE('',*,*,#5321,.T.);
#5321 = EDGE_CURVE('',#544,#2284,#5322,.T.);
#5322 = LINE('',#5323,#5324);
#5323 = CARTESIAN_POINT('',(68.894481,-115.157286,0.));
#5324 = VECTOR('',#5325,1.);
#5325 = DIRECTION('',(0.,0.,1.));
#5326 = ORIENTED_EDGE('',*,*,#2283,.T.);
#5327 = ORIENTED_EDGE('',*,*,#5287,.F.);
#5328 = ORIENTED_EDGE('',*,*,#543,.F.);
#5329 = PLANE('',#5330);
#5330 = AXIS2_PLACEMENT_3D('',#5331,#5332,#5333);
#5331 = CARTESIAN_POINT('',(68.894481,-115.157286,0.));
#5332 = DIRECTION('',(0.892749942209,-0.450552483831,0.));
#5333 = DIRECTION('',(-0.450552483831,-0.892749942209,0.));
#5334 = ADVANCED_FACE('',(#5335),#5346,.T.);
#5335 = FACE_BOUND('',#5336,.T.);
#5336 = EDGE_LOOP('',(#5337,#5338,#5339,#5345));
#5337 = ORIENTED_EDGE('',*,*,#5306,.T.);
#5338 = ORIENTED_EDGE('',*,*,#2699,.T.);
#5339 = ORIENTED_EDGE('',*,*,#5340,.F.);
#5340 = EDGE_CURVE('',#952,#2692,#5341,.T.);
#5341 = LINE('',#5342,#5343);
#5342 = CARTESIAN_POINT('',(71.269122,-115.243425,0.));
#5343 = VECTOR('',#5344,1.);
#5344 = DIRECTION('',(0.,0.,1.));
#5345 = ORIENTED_EDGE('',*,*,#959,.F.);
#5346 = PLANE('',#5347);
#5347 = AXIS2_PLACEMENT_3D('',#5348,#5349,#5350);
#5348 = CARTESIAN_POINT('',(71.360337,-115.30232,0.));
#5349 = DIRECTION('',(-0.542429969953,-0.840101022316,0.));
#5350 = DIRECTION('',(-0.840101022316,0.542429969953,0.));
#5351 = ADVANCED_FACE('',(#5352),#5363,.T.);
#5352 = FACE_BOUND('',#5353,.T.);
#5353 = EDGE_LOOP('',(#5354,#5360,#5361,#5362));
#5354 = ORIENTED_EDGE('',*,*,#5355,.T.);
#5355 = EDGE_CURVE('',#552,#2292,#5356,.T.);
#5356 = LINE('',#5357,#5358);
#5357 = CARTESIAN_POINT('',(68.923793,-115.054304,0.));
#5358 = VECTOR('',#5359,1.);
#5359 = DIRECTION('',(0.,0.,1.));
#5360 = ORIENTED_EDGE('',*,*,#2291,.T.);
#5361 = ORIENTED_EDGE('',*,*,#5321,.F.);
#5362 = ORIENTED_EDGE('',*,*,#551,.F.);
#5363 = PLANE('',#5364);
#5364 = AXIS2_PLACEMENT_3D('',#5365,#5366,#5367);
#5365 = CARTESIAN_POINT('',(68.923793,-115.054304,0.));
#5366 = DIRECTION('',(0.961798364172,-0.273758847669,0.));
#5367 = DIRECTION('',(-0.273758847669,-0.961798364172,0.));
#5368 = ADVANCED_FACE('',(#5369),#5380,.T.);
#5369 = FACE_BOUND('',#5370,.T.);
#5370 = EDGE_LOOP('',(#5371,#5372,#5373,#5379));
#5371 = ORIENTED_EDGE('',*,*,#5340,.T.);
#5372 = ORIENTED_EDGE('',*,*,#2691,.T.);
#5373 = ORIENTED_EDGE('',*,*,#5374,.F.);
#5374 = EDGE_CURVE('',#944,#2684,#5375,.T.);
#5375 = LINE('',#5376,#5377);
#5376 = CARTESIAN_POINT('',(71.20552,-115.157287,0.));
#5377 = VECTOR('',#5378,1.);
#5378 = DIRECTION('',(0.,0.,1.));
#5379 = ORIENTED_EDGE('',*,*,#951,.F.);
#5380 = PLANE('',#5381);
#5381 = AXIS2_PLACEMENT_3D('',#5382,#5383,#5384);
#5382 = CARTESIAN_POINT('',(71.269122,-115.243425,0.));
#5383 = DIRECTION('',(-0.804467184026,-0.593997095805,0.));
#5384 = DIRECTION('',(-0.593997095805,0.804467184026,0.));
#5385 = ADVANCED_FACE('',(#5386),#5397,.T.);
#5386 = FACE_BOUND('',#5387,.T.);
#5387 = EDGE_LOOP('',(#5388,#5394,#5395,#5396));
#5388 = ORIENTED_EDGE('',*,*,#5389,.T.);
#5389 = EDGE_CURVE('',#560,#2300,#5390,.T.);
#5390 = LINE('',#5391,#5392);
#5391 = CARTESIAN_POINT('',(68.914667,-114.946109,0.));
#5392 = VECTOR('',#5393,1.);
#5393 = DIRECTION('',(0.,0.,1.));
#5394 = ORIENTED_EDGE('',*,*,#2299,.T.);
#5395 = ORIENTED_EDGE('',*,*,#5355,.F.);
#5396 = ORIENTED_EDGE('',*,*,#559,.F.);
#5397 = PLANE('',#5398);
#5398 = AXIS2_PLACEMENT_3D('',#5399,#5400,#5401);
#5399 = CARTESIAN_POINT('',(68.914667,-114.946109,0.));
#5400 = DIRECTION('',(0.996461601677,8.404924975194E-02,-0.));
#5401 = DIRECTION('',(8.404924975194E-02,-0.996461601677,0.));
#5402 = ADVANCED_FACE('',(#5403),#5414,.T.);
#5403 = FACE_BOUND('',#5404,.T.);
#5404 = EDGE_LOOP('',(#5405,#5406,#5407,#5413));
#5405 = ORIENTED_EDGE('',*,*,#5374,.T.);
#5406 = ORIENTED_EDGE('',*,*,#2683,.T.);
#5407 = ORIENTED_EDGE('',*,*,#5408,.F.);
#5408 = EDGE_CURVE('',#936,#2676,#5409,.T.);
#5409 = LINE('',#5410,#5411);
#5410 = CARTESIAN_POINT('',(71.202733,-115.151457,0.));
#5411 = VECTOR('',#5412,1.);
#5412 = DIRECTION('',(0.,0.,1.));
#5413 = ORIENTED_EDGE('',*,*,#943,.F.);
#5414 = PLANE('',#5415);
#5415 = AXIS2_PLACEMENT_3D('',#5416,#5417,#5418);
#5416 = CARTESIAN_POINT('',(71.20552,-115.157287,0.));
#5417 = DIRECTION('',(-0.902210155683,-0.431296690206,0.));
#5418 = DIRECTION('',(-0.431296690206,0.902210155683,0.));
#5419 = ADVANCED_FACE('',(#5420),#5431,.T.);
#5420 = FACE_BOUND('',#5421,.T.);
#5421 = EDGE_LOOP('',(#5422,#5428,#5429,#5430));
#5422 = ORIENTED_EDGE('',*,*,#5423,.T.);
#5423 = EDGE_CURVE('',#568,#2308,#5424,.T.);
#5424 = LINE('',#5425,#5426);
#5425 = CARTESIAN_POINT('',(68.895422,-114.894628,0.));
#5426 = VECTOR('',#5427,1.);
#5427 = DIRECTION('',(0.,0.,1.));
#5428 = ORIENTED_EDGE('',*,*,#2307,.T.);
#5429 = ORIENTED_EDGE('',*,*,#5389,.F.);
#5430 = ORIENTED_EDGE('',*,*,#567,.F.);
#5431 = PLANE('',#5432);
#5432 = AXIS2_PLACEMENT_3D('',#5433,#5434,#5435);
#5433 = CARTESIAN_POINT('',(68.895422,-114.894628,0.));
#5434 = DIRECTION('',(0.936689837875,0.350160174237,-0.));
#5435 = DIRECTION('',(0.350160174237,-0.936689837875,0.));
#5436 = ADVANCED_FACE('',(#5437),#5448,.T.);
#5437 = FACE_BOUND('',#5438,.T.);
#5438 = EDGE_LOOP('',(#5439,#5440,#5441,#5447));
#5439 = ORIENTED_EDGE('',*,*,#5408,.T.);
#5440 = ORIENTED_EDGE('',*,*,#2675,.T.);
#5441 = ORIENTED_EDGE('',*,*,#5442,.F.);
#5442 = EDGE_CURVE('',#928,#2668,#5443,.T.);
#5443 = LINE('',#5444,#5445);
#5444 = CARTESIAN_POINT('',(71.184,-115.098853,0.));
#5445 = VECTOR('',#5446,1.);
#5446 = DIRECTION('',(0.,0.,1.));
#5447 = ORIENTED_EDGE('',*,*,#935,.F.);
#5448 = PLANE('',#5449);
#5449 = AXIS2_PLACEMENT_3D('',#5450,#5451,#5452);
#5450 = CARTESIAN_POINT('',(71.202733,-115.151457,0.));
#5451 = DIRECTION('',(-0.942048634316,-0.335476333865,0.));
#5452 = DIRECTION('',(-0.335476333865,0.942048634316,0.));
#5453 = ADVANCED_FACE('',(#5454),#5465,.T.);
#5454 = FACE_BOUND('',#5455,.T.);
#5455 = EDGE_LOOP('',(#5456,#5462,#5463,#5464));
#5456 = ORIENTED_EDGE('',*,*,#5457,.T.);
#5457 = EDGE_CURVE('',#576,#2316,#5458,.T.);
#5458 = LINE('',#5459,#5460);
#5459 = CARTESIAN_POINT('',(68.866572,-114.846817,0.));
#5460 = VECTOR('',#5461,1.);
#5461 = DIRECTION('',(0.,0.,1.));
#5462 = ORIENTED_EDGE('',*,*,#2315,.T.);
#5463 = ORIENTED_EDGE('',*,*,#5423,.F.);
#5464 = ORIENTED_EDGE('',*,*,#575,.F.);
#5465 = PLANE('',#5466);
#5466 = AXIS2_PLACEMENT_3D('',#5467,#5468,#5469);
#5467 = CARTESIAN_POINT('',(68.866572,-114.846817,0.));
#5468 = DIRECTION('',(0.856199270414,0.516645729047,-0.));
#5469 = DIRECTION('',(0.516645729047,-0.856199270414,0.));
#5470 = ADVANCED_FACE('',(#5471),#5482,.T.);
#5471 = FACE_BOUND('',#5472,.T.);
#5472 = EDGE_LOOP('',(#5473,#5474,#5475,#5481));
#5473 = ORIENTED_EDGE('',*,*,#5442,.T.);
#5474 = ORIENTED_EDGE('',*,*,#2667,.T.);
#5475 = ORIENTED_EDGE('',*,*,#5476,.F.);
#5476 = EDGE_CURVE('',#920,#2660,#5477,.T.);
#5477 = LINE('',#5478,#5479);
#5478 = CARTESIAN_POINT('',(71.175411,-115.044569,0.));
#5479 = VECTOR('',#5480,1.);
#5480 = DIRECTION('',(0.,0.,1.));
#5481 = ORIENTED_EDGE('',*,*,#927,.F.);
#5482 = PLANE('',#5483);
#5483 = AXIS2_PLACEMENT_3D('',#5484,#5485,#5486);
#5484 = CARTESIAN_POINT('',(71.184,-115.098853,0.));
#5485 = DIRECTION('',(-0.987712902096,-0.156279310959,0.));
#5486 = DIRECTION('',(-0.156279310959,0.987712902096,0.));
#5487 = ADVANCED_FACE('',(#5488),#5499,.T.);
#5488 = FACE_BOUND('',#5489,.T.);
#5489 = EDGE_LOOP('',(#5490,#5496,#5497,#5498));
#5490 = ORIENTED_EDGE('',*,*,#5491,.T.);
#5491 = EDGE_CURVE('',#584,#2324,#5492,.T.);
#5492 = LINE('',#5493,#5494);
#5493 = CARTESIAN_POINT('',(68.862681,-114.841664,0.));
#5494 = VECTOR('',#5495,1.);
#5495 = DIRECTION('',(0.,0.,1.));
#5496 = ORIENTED_EDGE('',*,*,#2323,.T.);
#5497 = ORIENTED_EDGE('',*,*,#5457,.F.);
#5498 = ORIENTED_EDGE('',*,*,#583,.F.);
#5499 = PLANE('',#5500);
#5500 = AXIS2_PLACEMENT_3D('',#5501,#5502,#5503);
#5501 = CARTESIAN_POINT('',(68.862681,-114.841664,0.));
#5502 = DIRECTION('',(0.798044408806,0.602598640534,-0.));
#5503 = DIRECTION('',(0.602598640534,-0.798044408806,0.));
#5504 = ADVANCED_FACE('',(#5505),#5516,.T.);
#5505 = FACE_BOUND('',#5506,.T.);
#5506 = EDGE_LOOP('',(#5507,#5508,#5509,#5515));
#5507 = ORIENTED_EDGE('',*,*,#5476,.T.);
#5508 = ORIENTED_EDGE('',*,*,#2659,.T.);
#5509 = ORIENTED_EDGE('',*,*,#5510,.F.);
#5510 = EDGE_CURVE('',#912,#2652,#5511,.T.);
#5511 = LINE('',#5512,#5513);
#5512 = CARTESIAN_POINT('',(71.18805,-114.93673,0.));
#5513 = VECTOR('',#5514,1.);
#5514 = DIRECTION('',(0.,0.,1.));
#5515 = ORIENTED_EDGE('',*,*,#919,.F.);
#5516 = PLANE('',#5517);
#5517 = AXIS2_PLACEMENT_3D('',#5518,#5519,#5520);
#5518 = CARTESIAN_POINT('',(71.175411,-115.044569,0.));
#5519 = DIRECTION('',(-0.993201745587,0.116405723926,0.));
#5520 = DIRECTION('',(0.116405723926,0.993201745587,0.));
#5521 = ADVANCED_FACE('',(#5522),#5533,.T.);
#5522 = FACE_BOUND('',#5523,.T.);
#5523 = EDGE_LOOP('',(#5524,#5530,#5531,#5532));
#5524 = ORIENTED_EDGE('',*,*,#5525,.T.);
#5525 = EDGE_CURVE('',#592,#2332,#5526,.T.);
#5526 = LINE('',#5527,#5528);
#5527 = CARTESIAN_POINT('',(68.862681,-114.841665,0.));
#5528 = VECTOR('',#5529,1.);
#5529 = DIRECTION('',(0.,0.,1.));
#5530 = ORIENTED_EDGE('',*,*,#2331,.T.);
#5531 = ORIENTED_EDGE('',*,*,#5491,.F.);
#5532 = ORIENTED_EDGE('',*,*,#591,.F.);
#5533 = PLANE('',#5534);
#5534 = AXIS2_PLACEMENT_3D('',#5535,#5536,#5537);
#5535 = CARTESIAN_POINT('',(68.862681,-114.841665,0.));
#5536 = DIRECTION('',(-1.,0.,0.));
#5537 = DIRECTION('',(0.,1.,0.));
#5538 = ADVANCED_FACE('',(#5539),#5550,.T.);
#5539 = FACE_BOUND('',#5540,.T.);
#5540 = EDGE_LOOP('',(#5541,#5542,#5543,#5549));
#5541 = ORIENTED_EDGE('',*,*,#5510,.T.);
#5542 = ORIENTED_EDGE('',*,*,#2651,.T.);
#5543 = ORIENTED_EDGE('',*,*,#5544,.F.);
#5544 = EDGE_CURVE('',#904,#2644,#5545,.T.);
#5545 = LINE('',#5546,#5547);
#5546 = CARTESIAN_POINT('',(71.237315,-114.841665,0.));
#5547 = VECTOR('',#5548,1.);
#5548 = DIRECTION('',(0.,0.,1.));
#5549 = ORIENTED_EDGE('',*,*,#911,.F.);
#5550 = PLANE('',#5551);
#5551 = AXIS2_PLACEMENT_3D('',#5552,#5553,#5554);
#5552 = CARTESIAN_POINT('',(71.18805,-114.93673,0.));
#5553 = DIRECTION('',(-0.887861230508,0.460111329311,0.));
#5554 = DIRECTION('',(0.460111329311,0.887861230508,0.));
#5555 = ADVANCED_FACE('',(#5556),#5567,.T.);
#5556 = FACE_BOUND('',#5557,.T.);
#5557 = EDGE_LOOP('',(#5558,#5564,#5565,#5566));
#5558 = ORIENTED_EDGE('',*,*,#5559,.T.);
#5559 = EDGE_CURVE('',#600,#2340,#5560,.T.);
#5560 = LINE('',#5561,#5562);
#5561 = CARTESIAN_POINT('',(68.752624,-114.676324,0.));
#5562 = VECTOR('',#5563,1.);
#5563 = DIRECTION('',(0.,0.,1.));
#5564 = ORIENTED_EDGE('',*,*,#2339,.T.);
#5565 = ORIENTED_EDGE('',*,*,#5525,.F.);
#5566 = ORIENTED_EDGE('',*,*,#599,.F.);
#5567 = PLANE('',#5568);
#5568 = AXIS2_PLACEMENT_3D('',#5569,#5570,#5571);
#5569 = CARTESIAN_POINT('',(68.752624,-114.676324,0.));
#5570 = DIRECTION('',(0.832445889085,0.554106345159,-0.));
#5571 = DIRECTION('',(0.554106345159,-0.832445889085,0.));
#5572 = ADVANCED_FACE('',(#5573),#5584,.T.);
#5573 = FACE_BOUND('',#5574,.T.);
#5574 = EDGE_LOOP('',(#5575,#5576,#5577,#5583));
#5575 = ORIENTED_EDGE('',*,*,#5544,.T.);
#5576 = ORIENTED_EDGE('',*,*,#2643,.T.);
#5577 = ORIENTED_EDGE('',*,*,#5578,.F.);
#5578 = EDGE_CURVE('',#896,#2636,#5579,.T.);
#5579 = LINE('',#5580,#5581);
#5580 = CARTESIAN_POINT('',(71.368219,-114.639926,0.));
#5581 = VECTOR('',#5582,1.);
#5582 = DIRECTION('',(0.,0.,1.));
#5583 = ORIENTED_EDGE('',*,*,#903,.F.);
#5584 = PLANE('',#5585);
#5585 = AXIS2_PLACEMENT_3D('',#5586,#5587,#5588);
#5586 = CARTESIAN_POINT('',(71.237315,-114.841665,0.));
#5587 = DIRECTION('',(-0.838873434147,0.544326521017,0.));
#5588 = DIRECTION('',(0.544326521017,0.838873434147,0.));
#5589 = ADVANCED_FACE('',(#5590),#5601,.T.);
#5590 = FACE_BOUND('',#5591,.T.);
#5591 = EDGE_LOOP('',(#5592,#5598,#5599,#5600));
#5592 = ORIENTED_EDGE('',*,*,#5593,.T.);
#5593 = EDGE_CURVE('',#608,#2348,#5594,.T.);
#5594 = LINE('',#5595,#5596);
#5595 = CARTESIAN_POINT('',(68.69589,-114.566379,0.));
#5596 = VECTOR('',#5597,1.);
#5597 = DIRECTION('',(0.,0.,1.));
#5598 = ORIENTED_EDGE('',*,*,#2347,.T.);
#5599 = ORIENTED_EDGE('',*,*,#5559,.F.);
#5600 = ORIENTED_EDGE('',*,*,#607,.F.);
#5601 = PLANE('',#5602);
#5602 = AXIS2_PLACEMENT_3D('',#5603,#5604,#5605);
#5603 = CARTESIAN_POINT('',(68.69589,-114.566379,0.));
#5604 = DIRECTION('',(0.888659546768,0.458567563112,-0.));
#5605 = DIRECTION('',(0.458567563112,-0.888659546768,0.));
#5606 = ADVANCED_FACE('',(#5607),#5618,.T.);
#5607 = FACE_BOUND('',#5608,.T.);
#5608 = EDGE_LOOP('',(#5609,#5610,#5611,#5617));
#5609 = ORIENTED_EDGE('',*,*,#5578,.T.);
#5610 = ORIENTED_EDGE('',*,*,#2635,.T.);
#5611 = ORIENTED_EDGE('',*,*,#5612,.F.);
#5612 = EDGE_CURVE('',#888,#2628,#5613,.T.);
#5613 = LINE('',#5614,#5615);
#5614 = CARTESIAN_POINT('',(71.466769,-114.415496,0.));
#5615 = VECTOR('',#5616,1.);
#5616 = DIRECTION('',(0.,0.,1.));
#5617 = ORIENTED_EDGE('',*,*,#895,.F.);
#5618 = PLANE('',#5619);
#5619 = AXIS2_PLACEMENT_3D('',#5620,#5621,#5622);
#5620 = CARTESIAN_POINT('',(71.368219,-114.639926,0.));
#5621 = DIRECTION('',(-0.915614360616,0.402057635961,0.));
#5622 = DIRECTION('',(0.402057635961,0.915614360616,0.));
#5623 = ADVANCED_FACE('',(#5624),#5635,.T.);
#5624 = FACE_BOUND('',#5625,.T.);
#5625 = EDGE_LOOP('',(#5626,#5632,#5633,#5634));
#5626 = ORIENTED_EDGE('',*,*,#5627,.T.);
#5627 = EDGE_CURVE('',#616,#2356,#5628,.T.);
#5628 = LINE('',#5629,#5630);
#5629 = CARTESIAN_POINT('',(68.648365,-114.452056,0.));
#5630 = VECTOR('',#5631,1.);
#5631 = DIRECTION('',(0.,0.,1.));
#5632 = ORIENTED_EDGE('',*,*,#2355,.T.);
#5633 = ORIENTED_EDGE('',*,*,#5593,.F.);
#5634 = ORIENTED_EDGE('',*,*,#615,.F.);
#5635 = PLANE('',#5636);
#5636 = AXIS2_PLACEMENT_3D('',#5637,#5638,#5639);
#5637 = CARTESIAN_POINT('',(68.648365,-114.452056,0.));
#5638 = DIRECTION('',(0.923390854657,0.383861081039,-0.));
#5639 = DIRECTION('',(0.383861081039,-0.923390854657,0.));
#5640 = ADVANCED_FACE('',(#5641),#5652,.T.);
#5641 = FACE_BOUND('',#5642,.T.);
#5642 = EDGE_LOOP('',(#5643,#5644,#5645,#5651));
#5643 = ORIENTED_EDGE('',*,*,#5612,.T.);
#5644 = ORIENTED_EDGE('',*,*,#2627,.T.);
#5645 = ORIENTED_EDGE('',*,*,#5646,.F.);
#5646 = EDGE_CURVE('',#880,#2620,#5647,.T.);
#5647 = LINE('',#5648,#5649);
#5648 = CARTESIAN_POINT('',(71.502418,-114.297214,0.));
#5649 = VECTOR('',#5650,1.);
#5650 = DIRECTION('',(0.,0.,1.));
#5651 = ORIENTED_EDGE('',*,*,#887,.F.);
#5652 = PLANE('',#5653);
#5653 = AXIS2_PLACEMENT_3D('',#5654,#5655,#5656);
#5654 = CARTESIAN_POINT('',(71.466769,-114.415496,0.));
#5655 = DIRECTION('',(-0.957459239769,0.288568543299,0.));
#5656 = DIRECTION('',(0.288568543299,0.957459239769,0.));
#5657 = ADVANCED_FACE('',(#5658),#5669,.T.);
#5658 = FACE_BOUND('',#5659,.T.);
#5659 = EDGE_LOOP('',(#5660,#5666,#5667,#5668));
#5660 = ORIENTED_EDGE('',*,*,#5661,.T.);
#5661 = EDGE_CURVE('',#624,#2364,#5662,.T.);
#5662 = LINE('',#5663,#5664);
#5663 = CARTESIAN_POINT('',(68.609894,-114.333122,0.));
#5664 = VECTOR('',#5665,1.);
#5665 = DIRECTION('',(0.,0.,1.));
#5666 = ORIENTED_EDGE('',*,*,#2363,.T.);
#5667 = ORIENTED_EDGE('',*,*,#5627,.F.);
#5668 = ORIENTED_EDGE('',*,*,#623,.F.);
#5669 = PLANE('',#5670);
#5670 = AXIS2_PLACEMENT_3D('',#5671,#5672,#5673);
#5671 = CARTESIAN_POINT('',(68.609894,-114.333122,0.));
#5672 = DIRECTION('',(0.951462433756,0.307764905654,-0.));
#5673 = DIRECTION('',(0.307764905654,-0.951462433756,0.));
#5674 = ADVANCED_FACE('',(#5675),#5686,.T.);
#5675 = FACE_BOUND('',#5676,.T.);
#5676 = EDGE_LOOP('',(#5677,#5678,#5679,#5685));
#5677 = ORIENTED_EDGE('',*,*,#5646,.T.);
#5678 = ORIENTED_EDGE('',*,*,#2619,.T.);
#5679 = ORIENTED_EDGE('',*,*,#5680,.F.);
#5680 = EDGE_CURVE('',#872,#2612,#5681,.T.);
#5681 = LINE('',#5682,#5683);
#5682 = CARTESIAN_POINT('',(71.528349,-114.176446,0.));
#5683 = VECTOR('',#5684,1.);
#5684 = DIRECTION('',(0.,0.,1.));
#5685 = ORIENTED_EDGE('',*,*,#879,.F.);
#5686 = PLANE('',#5687);
#5687 = AXIS2_PLACEMENT_3D('',#5688,#5689,#5690);
#5688 = CARTESIAN_POINT('',(71.502418,-114.297214,0.));
#5689 = DIRECTION('',(-0.97771584374,0.209932677067,0.));
#5690 = DIRECTION('',(0.209932677067,0.97771584374,0.));
#5691 = ADVANCED_FACE('',(#5692),#5703,.T.);
#5692 = FACE_BOUND('',#5693,.T.);
#5693 = EDGE_LOOP('',(#5694,#5700,#5701,#5702));
#5694 = ORIENTED_EDGE('',*,*,#5695,.T.);
#5695 = EDGE_CURVE('',#632,#2372,#5696,.T.);
#5696 = LINE('',#5697,#5698);
#5697 = CARTESIAN_POINT('',(68.581097,-114.211457,0.));
#5698 = VECTOR('',#5699,1.);
#5699 = DIRECTION('',(0.,0.,1.));
#5700 = ORIENTED_EDGE('',*,*,#2371,.T.);
#5701 = ORIENTED_EDGE('',*,*,#5661,.F.);
#5702 = ORIENTED_EDGE('',*,*,#631,.F.);
#5703 = PLANE('',#5704);
#5704 = AXIS2_PLACEMENT_3D('',#5705,#5706,#5707);
#5705 = CARTESIAN_POINT('',(68.581097,-114.211457,0.));
#5706 = DIRECTION('',(0.973113272475,0.230327069473,-0.));
#5707 = DIRECTION('',(0.230327069473,-0.973113272475,0.));
#5708 = ADVANCED_FACE('',(#5709),#5720,.T.);
#5709 = FACE_BOUND('',#5710,.T.);
#5710 = EDGE_LOOP('',(#5711,#5712,#5713,#5719));
#5711 = ORIENTED_EDGE('',*,*,#5680,.T.);
#5712 = ORIENTED_EDGE('',*,*,#2611,.T.);
#5713 = ORIENTED_EDGE('',*,*,#5714,.F.);
#5714 = EDGE_CURVE('',#864,#2604,#5715,.T.);
#5715 = LINE('',#5716,#5717);
#5716 = CARTESIAN_POINT('',(71.544225,-114.054765,0.));
#5717 = VECTOR('',#5718,1.);
#5718 = DIRECTION('',(0.,0.,1.));
#5719 = ORIENTED_EDGE('',*,*,#871,.F.);
#5720 = PLANE('',#5721);
#5721 = AXIS2_PLACEMENT_3D('',#5722,#5723,#5724);
#5722 = CARTESIAN_POINT('',(71.528349,-114.176446,0.));
#5723 = DIRECTION('',(-0.991595639174,0.129375764232,0.));
#5724 = DIRECTION('',(0.129375764232,0.991595639174,0.));
#5725 = ADVANCED_FACE('',(#5726),#5737,.T.);
#5726 = FACE_BOUND('',#5727,.T.);
#5727 = EDGE_LOOP('',(#5728,#5734,#5735,#5736));
#5728 = ORIENTED_EDGE('',*,*,#5729,.T.);
#5729 = EDGE_CURVE('',#640,#2380,#5730,.T.);
#5730 = LINE('',#5731,#5732);
#5731 = CARTESIAN_POINT('',(68.553175,-113.964905,0.));
#5732 = VECTOR('',#5733,1.);
#5733 = DIRECTION('',(0.,0.,1.));
#5734 = ORIENTED_EDGE('',*,*,#2379,.T.);
#5735 = ORIENTED_EDGE('',*,*,#5695,.F.);
#5736 = ORIENTED_EDGE('',*,*,#639,.F.);
#5737 = PLANE('',#5738);
#5738 = AXIS2_PLACEMENT_3D('',#5739,#5740,#5741);
#5739 = CARTESIAN_POINT('',(68.553175,-113.964905,0.));
#5740 = DIRECTION('',(0.993648258724,0.112530608878,-0.));
#5741 = DIRECTION('',(0.112530608878,-0.993648258724,0.));
#5742 = ADVANCED_FACE('',(#5743),#5754,.T.);
#5743 = FACE_BOUND('',#5744,.T.);
#5744 = EDGE_LOOP('',(#5745,#5746,#5747,#5753));
#5745 = ORIENTED_EDGE('',*,*,#5714,.T.);
#5746 = ORIENTED_EDGE('',*,*,#2603,.T.);
#5747 = ORIENTED_EDGE('',*,*,#5748,.F.);
#5748 = EDGE_CURVE('',#856,#2596,#5749,.T.);
#5749 = LINE('',#5750,#5751);
#5750 = CARTESIAN_POINT('',(71.54998,-113.932174,0.));
#5751 = VECTOR('',#5752,1.);
#5752 = DIRECTION('',(0.,0.,1.));
#5753 = ORIENTED_EDGE('',*,*,#863,.F.);
#5754 = PLANE('',#5755);
#5755 = AXIS2_PLACEMENT_3D('',#5756,#5757,#5758);
#5756 = CARTESIAN_POINT('',(71.544225,-114.054765,0.));
#5757 = DIRECTION('',(-0.998899914645,4.689307541981E-02,0.));
#5758 = DIRECTION('',(4.689307541981E-02,0.998899914645,0.));
#5759 = ADVANCED_FACE('',(#5760),#5771,.T.);
#5760 = FACE_BOUND('',#5761,.T.);
#5761 = EDGE_LOOP('',(#5762,#5768,#5769,#5770));
#5762 = ORIENTED_EDGE('',*,*,#5763,.T.);
#5763 = EDGE_CURVE('',#648,#2388,#5764,.T.);
#5764 = LINE('',#5765,#5766);
#5765 = CARTESIAN_POINT('',(68.564632,-113.722553,0.));
#5766 = VECTOR('',#5767,1.);
#5767 = DIRECTION('',(0.,0.,1.));
#5768 = ORIENTED_EDGE('',*,*,#2387,.T.);
#5769 = ORIENTED_EDGE('',*,*,#5729,.F.);
#5770 = ORIENTED_EDGE('',*,*,#647,.F.);
#5771 = PLANE('',#5772);
#5772 = AXIS2_PLACEMENT_3D('',#5773,#5774,#5775);
#5773 = CARTESIAN_POINT('',(68.564632,-113.722553,0.));
#5774 = DIRECTION('',(0.998884443885,-4.722147567833E-02,0.));
#5775 = DIRECTION('',(-4.722147567833E-02,-0.998884443885,0.));
#5776 = ADVANCED_FACE('',(#5777),#5788,.T.);
#5777 = FACE_BOUND('',#5778,.T.);
#5778 = EDGE_LOOP('',(#5779,#5780,#5781,#5787));
#5779 = ORIENTED_EDGE('',*,*,#5748,.T.);
#5780 = ORIENTED_EDGE('',*,*,#2595,.T.);
#5781 = ORIENTED_EDGE('',*,*,#5782,.F.);
#5782 = EDGE_CURVE('',#848,#2588,#5783,.T.);
#5783 = LINE('',#5784,#5785);
#5784 = CARTESIAN_POINT('',(71.549998,-113.924999,0.));
#5785 = VECTOR('',#5786,1.);
#5786 = DIRECTION('',(0.,0.,1.));
#5787 = ORIENTED_EDGE('',*,*,#855,.F.);
#5788 = PLANE('',#5789);
#5789 = AXIS2_PLACEMENT_3D('',#5790,#5791,#5792);
#5790 = CARTESIAN_POINT('',(71.54998,-113.932174,0.));
#5791 = DIRECTION('',(-0.9999968532,2.508702906589E-03,0.));
#5792 = DIRECTION('',(2.508702906589E-03,0.9999968532,0.));
#5793 = ADVANCED_FACE('',(#5794),#5805,.T.);
#5794 = FACE_BOUND('',#5795,.T.);
#5795 = EDGE_LOOP('',(#5796,#5802,#5803,#5804));
#5796 = ORIENTED_EDGE('',*,*,#5797,.T.);
#5797 = EDGE_CURVE('',#656,#2396,#5798,.T.);
#5798 = LINE('',#5799,#5800);
#5799 = CARTESIAN_POINT('',(68.613623,-113.492765,0.));
#5800 = VECTOR('',#5801,1.);
#5801 = DIRECTION('',(0.,0.,1.));
#5802 = ORIENTED_EDGE('',*,*,#2395,.T.);
#5803 = ORIENTED_EDGE('',*,*,#5763,.F.);
#5804 = ORIENTED_EDGE('',*,*,#655,.F.);
#5805 = PLANE('',#5806);
#5806 = AXIS2_PLACEMENT_3D('',#5807,#5808,#5809);
#5807 = CARTESIAN_POINT('',(68.613623,-113.492765,0.));
#5808 = DIRECTION('',(0.978019264515,-0.208514551621,0.));
#5809 = DIRECTION('',(-0.208514551621,-0.978019264515,0.));
#5810 = ADVANCED_FACE('',(#5811),#5822,.T.);
#5811 = FACE_BOUND('',#5812,.T.);
#5812 = EDGE_LOOP('',(#5813,#5814,#5815,#5821));
#5813 = ORIENTED_EDGE('',*,*,#5782,.T.);
#5814 = ORIENTED_EDGE('',*,*,#2587,.T.);
#5815 = ORIENTED_EDGE('',*,*,#5816,.F.);
#5816 = EDGE_CURVE('',#840,#2580,#5817,.T.);
#5817 = LINE('',#5818,#5819);
#5818 = CARTESIAN_POINT('',(71.530459,-113.690194,0.));
#5819 = VECTOR('',#5820,1.);
#5820 = DIRECTION('',(0.,0.,1.));
#5821 = ORIENTED_EDGE('',*,*,#847,.F.);
#5822 = PLANE('',#5823);
#5823 = AXIS2_PLACEMENT_3D('',#5824,#5825,#5826);
#5824 = CARTESIAN_POINT('',(71.549998,-113.924999,0.));
#5825 = DIRECTION('',(-0.996555615284,-8.292711044076E-02,0.));
#5826 = DIRECTION('',(-8.292711044076E-02,0.996555615284,0.));
#5827 = ADVANCED_FACE('',(#5828),#5839,.T.);
#5828 = FACE_BOUND('',#5829,.T.);
#5829 = EDGE_LOOP('',(#5830,#5836,#5837,#5838));
#5830 = ORIENTED_EDGE('',*,*,#5831,.T.);
#5831 = EDGE_CURVE('',#664,#2404,#5832,.T.);
#5832 = LINE('',#5833,#5834);
#5833 = CARTESIAN_POINT('',(68.683694,-113.308503,0.));
#5834 = VECTOR('',#5835,1.);
#5835 = DIRECTION('',(0.,0.,1.));
#5836 = ORIENTED_EDGE('',*,*,#2403,.T.);
#5837 = ORIENTED_EDGE('',*,*,#5797,.F.);
#5838 = ORIENTED_EDGE('',*,*,#663,.F.);
#5839 = PLANE('',#5840);
#5840 = AXIS2_PLACEMENT_3D('',#5841,#5842,#5843);
#5841 = CARTESIAN_POINT('',(68.683694,-113.308503,0.));
#5842 = DIRECTION('',(0.934696908134,-0.355445762283,0.));
#5843 = DIRECTION('',(-0.355445762283,-0.934696908134,0.));
#5844 = ADVANCED_FACE('',(#5845),#5856,.T.);
#5845 = FACE_BOUND('',#5846,.T.);
#5846 = EDGE_LOOP('',(#5847,#5848,#5849,#5855));
#5847 = ORIENTED_EDGE('',*,*,#5816,.T.);
#5848 = ORIENTED_EDGE('',*,*,#2579,.T.);
#5849 = ORIENTED_EDGE('',*,*,#5850,.F.);
#5850 = EDGE_CURVE('',#832,#2572,#5851,.T.);
#5851 = LINE('',#5852,#5853);
#5852 = CARTESIAN_POINT('',(71.471436,-113.454588,0.));
#5853 = VECTOR('',#5854,1.);
#5854 = DIRECTION('',(0.,0.,1.));
#5855 = ORIENTED_EDGE('',*,*,#839,.F.);
#5856 = PLANE('',#5857);
#5857 = AXIS2_PLACEMENT_3D('',#5858,#5859,#5860);
#5858 = CARTESIAN_POINT('',(71.530459,-113.690194,0.));
#5859 = DIRECTION('',(-0.970024683919,-0.243006404417,0.));
#5860 = DIRECTION('',(-0.243006404417,0.970024683919,0.));
#5861 = ADVANCED_FACE('',(#5862),#5873,.T.);
#5862 = FACE_BOUND('',#5863,.T.);
#5863 = EDGE_LOOP('',(#5864,#5870,#5871,#5872));
#5864 = ORIENTED_EDGE('',*,*,#5865,.T.);
#5865 = EDGE_CURVE('',#672,#2412,#5866,.T.);
#5866 = LINE('',#5867,#5868);
#5867 = CARTESIAN_POINT('',(68.740209,-113.198334,0.));
#5868 = VECTOR('',#5869,1.);
#5869 = DIRECTION('',(0.,0.,1.));
#5870 = ORIENTED_EDGE('',*,*,#2411,.T.);
#5871 = ORIENTED_EDGE('',*,*,#5831,.F.);
#5872 = ORIENTED_EDGE('',*,*,#671,.F.);
#5873 = PLANE('',#5874);
#5874 = AXIS2_PLACEMENT_3D('',#5875,#5876,#5877);
#5875 = CARTESIAN_POINT('',(68.740209,-113.198334,0.));
#5876 = DIRECTION('',(0.889758175832,-0.456432238716,0.));
#5877 = DIRECTION('',(-0.456432238716,-0.889758175832,0.));
#5878 = ADVANCED_FACE('',(#5879),#5890,.T.);
#5879 = FACE_BOUND('',#5880,.T.);
#5880 = EDGE_LOOP('',(#5881,#5882,#5883,#5889));
#5881 = ORIENTED_EDGE('',*,*,#5850,.T.);
#5882 = ORIENTED_EDGE('',*,*,#2571,.T.);
#5883 = ORIENTED_EDGE('',*,*,#5884,.F.);
#5884 = EDGE_CURVE('',#824,#2564,#5885,.T.);
#5885 = LINE('',#5886,#5887);
#5886 = CARTESIAN_POINT('',(71.373615,-113.226581,0.));
#5887 = VECTOR('',#5888,1.);
#5888 = DIRECTION('',(0.,0.,1.));
#5889 = ORIENTED_EDGE('',*,*,#831,.F.);
#5890 = PLANE('',#5891);
#5891 = AXIS2_PLACEMENT_3D('',#5892,#5893,#5894);
#5892 = CARTESIAN_POINT('',(71.471436,-113.454588,0.));
#5893 = DIRECTION('',(-0.918993608071,-0.394272429071,0.));
#5894 = DIRECTION('',(-0.394272429071,0.918993608071,0.));
#5895 = ADVANCED_FACE('',(#5896),#5907,.T.);
#5896 = FACE_BOUND('',#5897,.T.);
#5897 = EDGE_LOOP('',(#5898,#5904,#5905,#5906));
#5898 = ORIENTED_EDGE('',*,*,#5899,.T.);
#5899 = EDGE_CURVE('',#680,#2420,#5900,.T.);
#5900 = LINE('',#5901,#5902);
#5901 = CARTESIAN_POINT('',(68.805717,-113.092979,0.));
#5902 = VECTOR('',#5903,1.);
#5903 = DIRECTION('',(0.,0.,1.));
#5904 = ORIENTED_EDGE('',*,*,#2419,.T.);
#5905 = ORIENTED_EDGE('',*,*,#5865,.F.);
#5906 = ORIENTED_EDGE('',*,*,#679,.F.);
#5907 = PLANE('',#5908);
#5908 = AXIS2_PLACEMENT_3D('',#5909,#5910,#5911);
#5909 = CARTESIAN_POINT('',(68.805717,-113.092979,0.));
#5910 = DIRECTION('',(0.849223684425,-0.528033269606,0.));
#5911 = DIRECTION('',(-0.528033269606,-0.849223684425,0.));
#5912 = ADVANCED_FACE('',(#5913),#5924,.T.);
#5913 = FACE_BOUND('',#5914,.T.);
#5914 = EDGE_LOOP('',(#5915,#5916,#5917,#5923));
#5915 = ORIENTED_EDGE('',*,*,#5884,.T.);
#5916 = ORIENTED_EDGE('',*,*,#2563,.T.);
#5917 = ORIENTED_EDGE('',*,*,#5918,.F.);
#5918 = EDGE_CURVE('',#816,#2556,#5919,.T.);
#5919 = LINE('',#5920,#5921);
#5920 = CARTESIAN_POINT('',(71.310995,-113.118439,0.));
#5921 = VECTOR('',#5922,1.);
#5922 = DIRECTION('',(0.,0.,1.));
#5923 = ORIENTED_EDGE('',*,*,#823,.F.);
#5924 = PLANE('',#5925);
#5925 = AXIS2_PLACEMENT_3D('',#5926,#5927,#5928);
#5926 = CARTESIAN_POINT('',(71.373615,-113.226581,0.));
#5927 = DIRECTION('',(-0.865386470396,-0.501105035751,0.));
#5928 = DIRECTION('',(-0.501105035751,0.865386470396,0.));
#5929 = ADVANCED_FACE('',(#5930),#5941,.T.);
#5930 = FACE_BOUND('',#5931,.T.);
#5931 = EDGE_LOOP('',(#5932,#5938,#5939,#5940));
#5932 = ORIENTED_EDGE('',*,*,#5933,.T.);
#5933 = EDGE_CURVE('',#688,#2428,#5934,.T.);
#5934 = LINE('',#5935,#5936);
#5935 = CARTESIAN_POINT('',(68.880258,-112.992271,0.));
#5936 = VECTOR('',#5937,1.);
#5937 = DIRECTION('',(0.,0.,1.));
#5938 = ORIENTED_EDGE('',*,*,#2427,.T.);
#5939 = ORIENTED_EDGE('',*,*,#5899,.F.);
#5940 = ORIENTED_EDGE('',*,*,#687,.F.);
#5941 = PLANE('',#5942);
#5942 = AXIS2_PLACEMENT_3D('',#5943,#5944,#5945);
#5943 = CARTESIAN_POINT('',(68.880258,-112.992271,0.));
#5944 = DIRECTION('',(0.803776711682,-0.594931086562,0.));
#5945 = DIRECTION('',(-0.594931086562,-0.803776711682,0.));
#5946 = ADVANCED_FACE('',(#5947),#5958,.T.);
#5947 = FACE_BOUND('',#5948,.T.);
#5948 = EDGE_LOOP('',(#5949,#5950,#5951,#5957));
#5949 = ORIENTED_EDGE('',*,*,#5918,.T.);
#5950 = ORIENTED_EDGE('',*,*,#2555,.T.);
#5951 = ORIENTED_EDGE('',*,*,#5952,.F.);
#5952 = EDGE_CURVE('',#808,#2548,#5953,.T.);
#5953 = LINE('',#5954,#5955);
#5954 = CARTESIAN_POINT('',(71.239969,-113.015794,0.));
#5955 = VECTOR('',#5956,1.);
#5956 = DIRECTION('',(0.,0.,1.));
#5957 = ORIENTED_EDGE('',*,*,#815,.F.);
#5958 = PLANE('',#5959);
#5959 = AXIS2_PLACEMENT_3D('',#5960,#5961,#5962);
#5960 = CARTESIAN_POINT('',(71.310995,-113.118439,0.));
#5961 = DIRECTION('',(-0.822326855743,-0.569015414838,0.));
#5962 = DIRECTION('',(-0.569015414838,0.822326855743,0.));
#5963 = ADVANCED_FACE('',(#5964),#5975,.T.);
#5964 = FACE_BOUND('',#5965,.T.);
#5965 = EDGE_LOOP('',(#5966,#5972,#5973,#5974));
#5966 = ORIENTED_EDGE('',*,*,#5967,.T.);
#5967 = EDGE_CURVE('',#696,#2436,#5968,.T.);
#5968 = LINE('',#5969,#5970);
#5969 = CARTESIAN_POINT('',(68.962698,-112.897767,0.));
#5970 = VECTOR('',#5971,1.);
#5971 = DIRECTION('',(0.,0.,1.));
#5972 = ORIENTED_EDGE('',*,*,#2435,.T.);
#5973 = ORIENTED_EDGE('',*,*,#5933,.F.);
#5974 = ORIENTED_EDGE('',*,*,#695,.F.);
#5975 = PLANE('',#5976);
#5976 = AXIS2_PLACEMENT_3D('',#5977,#5978,#5979);
#5977 = CARTESIAN_POINT('',(68.962698,-112.897767,0.));
#5978 = DIRECTION('',(0.753567712455,-0.657370293477,0.));
#5979 = DIRECTION('',(-0.657370293477,-0.753567712455,0.));
#5980 = ADVANCED_FACE('',(#5981),#5992,.T.);
#5981 = FACE_BOUND('',#5982,.T.);
#5982 = EDGE_LOOP('',(#5983,#5984,#5985,#5991));
#5983 = ORIENTED_EDGE('',*,*,#5952,.T.);
#5984 = ORIENTED_EDGE('',*,*,#2547,.T.);
#5985 = ORIENTED_EDGE('',*,*,#5986,.F.);
#5986 = EDGE_CURVE('',#800,#2540,#5987,.T.);
#5987 = LINE('',#5988,#5989);
#5988 = CARTESIAN_POINT('',(71.161609,-112.920167,0.));
#5989 = VECTOR('',#5990,1.);
#5990 = DIRECTION('',(0.,0.,1.));
#5991 = ORIENTED_EDGE('',*,*,#807,.F.);
#5992 = PLANE('',#5993);
#5993 = AXIS2_PLACEMENT_3D('',#5994,#5995,#5996);
#5994 = CARTESIAN_POINT('',(71.239969,-113.015794,0.));
#5995 = DIRECTION('',(-0.773482460915,-0.633817704595,0.));
#5996 = DIRECTION('',(-0.633817704595,0.773482460915,0.));
#5997 = ADVANCED_FACE('',(#5998),#6009,.T.);
#5998 = FACE_BOUND('',#5999,.T.);
#5999 = EDGE_LOOP('',(#6000,#6006,#6007,#6008));
#6000 = ORIENTED_EDGE('',*,*,#6001,.T.);
#6001 = EDGE_CURVE('',#704,#2444,#6002,.T.);
#6002 = LINE('',#6003,#6004);
#6003 = CARTESIAN_POINT('',(69.147272,-112.731154,0.));
#6004 = VECTOR('',#6005,1.);
#6005 = DIRECTION('',(0.,0.,1.));
#6006 = ORIENTED_EDGE('',*,*,#2443,.T.);
#6007 = ORIENTED_EDGE('',*,*,#5967,.F.);
#6008 = ORIENTED_EDGE('',*,*,#703,.F.);
#6009 = PLANE('',#6010);
#6010 = AXIS2_PLACEMENT_3D('',#6011,#6012,#6013);
#6011 = CARTESIAN_POINT('',(69.147272,-112.731154,0.));
#6012 = DIRECTION('',(0.670066962116,-0.742300657605,0.));
#6013 = DIRECTION('',(-0.742300657605,-0.670066962116,0.));
#6014 = ADVANCED_FACE('',(#6015),#6026,.T.);
#6015 = FACE_BOUND('',#6016,.T.);
#6016 = EDGE_LOOP('',(#6017,#6018,#6019,#6025));
#6017 = ORIENTED_EDGE('',*,*,#5986,.T.);
#6018 = ORIENTED_EDGE('',*,*,#2539,.T.);
#6019 = ORIENTED_EDGE('',*,*,#6020,.F.);
#6020 = EDGE_CURVE('',#792,#2532,#6021,.T.);
#6021 = LINE('',#6022,#6023);
#6022 = CARTESIAN_POINT('',(71.075782,-112.831473,0.));
#6023 = VECTOR('',#6024,1.);
#6024 = DIRECTION('',(0.,0.,1.));
#6025 = ORIENTED_EDGE('',*,*,#799,.F.);
#6026 = PLANE('',#6027);
#6027 = AXIS2_PLACEMENT_3D('',#6028,#6029,#6030);
#6028 = CARTESIAN_POINT('',(71.161609,-112.920167,0.));
#6029 = DIRECTION('',(-0.718626043366,-0.695396728347,0.));
#6030 = DIRECTION('',(-0.695396728347,0.718626043366,0.));
#6031 = ADVANCED_FACE('',(#6032),#6043,.T.);
#6032 = FACE_BOUND('',#6033,.T.);
#6033 = EDGE_LOOP('',(#6034,#6040,#6041,#6042));
#6034 = ORIENTED_EDGE('',*,*,#6035,.T.);
#6035 = EDGE_CURVE('',#712,#2452,#6036,.T.);
#6036 = LINE('',#6037,#6038);
#6037 = CARTESIAN_POINT('',(69.350947,-112.599223,0.));
#6038 = VECTOR('',#6039,1.);
#6039 = DIRECTION('',(0.,0.,1.));
#6040 = ORIENTED_EDGE('',*,*,#2451,.T.);
#6041 = ORIENTED_EDGE('',*,*,#6001,.F.);
#6042 = ORIENTED_EDGE('',*,*,#711,.F.);
#6043 = PLANE('',#6044);
#6044 = AXIS2_PLACEMENT_3D('',#6045,#6046,#6047);
#6045 = CARTESIAN_POINT('',(69.350947,-112.599223,0.));
#6046 = DIRECTION('',(0.5436616251,-0.839304496231,0.));
#6047 = DIRECTION('',(-0.839304496231,-0.5436616251,0.));
#6048 = ADVANCED_FACE('',(#6049),#6060,.T.);
#6049 = FACE_BOUND('',#6050,.T.);
#6050 = EDGE_LOOP('',(#6051,#6052,#6053,#6059));
#6051 = ORIENTED_EDGE('',*,*,#6020,.T.);
#6052 = ORIENTED_EDGE('',*,*,#2531,.T.);
#6053 = ORIENTED_EDGE('',*,*,#6054,.F.);
#6054 = EDGE_CURVE('',#784,#2524,#6055,.T.);
#6055 = LINE('',#6056,#6057);
#6056 = CARTESIAN_POINT('',(70.922808,-112.705082,0.));
#6057 = VECTOR('',#6058,1.);
#6058 = DIRECTION('',(0.,0.,1.));
#6059 = ORIENTED_EDGE('',*,*,#791,.F.);
#6060 = PLANE('',#6061);
#6061 = AXIS2_PLACEMENT_3D('',#6062,#6063,#6064);
#6062 = CARTESIAN_POINT('',(71.075782,-112.831473,0.));
#6063 = DIRECTION('',(-0.636944868674,-0.770909355417,0.));
#6064 = DIRECTION('',(-0.770909355417,0.636944868674,0.));
#6065 = ADVANCED_FACE('',(#6066),#6077,.T.);
#6066 = FACE_BOUND('',#6067,.T.);
#6067 = EDGE_LOOP('',(#6068,#6074,#6075,#6076));
#6068 = ORIENTED_EDGE('',*,*,#6069,.T.);
#6069 = EDGE_CURVE('',#720,#2460,#6070,.T.);
#6070 = LINE('',#6071,#6072);
#6071 = CARTESIAN_POINT('',(69.565734,-112.50532,0.));
#6072 = VECTOR('',#6073,1.);
#6073 = DIRECTION('',(0.,0.,1.));
#6074 = ORIENTED_EDGE('',*,*,#2459,.T.);
#6075 = ORIENTED_EDGE('',*,*,#6035,.F.);
#6076 = ORIENTED_EDGE('',*,*,#719,.F.);
#6077 = PLANE('',#6078);
#6078 = AXIS2_PLACEMENT_3D('',#6079,#6080,#6081);
#6079 = CARTESIAN_POINT('',(69.565734,-112.50532,0.));
#6080 = DIRECTION('',(0.400581384419,-0.916261182446,0.));
#6081 = DIRECTION('',(-0.916261182446,-0.400581384419,0.));
#6082 = ADVANCED_FACE('',(#6083),#6094,.T.);
#6083 = FACE_BOUND('',#6084,.T.);
#6084 = EDGE_LOOP('',(#6085,#6086,#6087,#6093));
#6085 = ORIENTED_EDGE('',*,*,#6054,.T.);
#6086 = ORIENTED_EDGE('',*,*,#2523,.T.);
#6087 = ORIENTED_EDGE('',*,*,#6088,.F.);
#6088 = EDGE_CURVE('',#776,#2516,#6089,.T.);
#6089 = LINE('',#6090,#6091);
#6090 = CARTESIAN_POINT('',(70.720775,-112.584871,0.));
#6091 = VECTOR('',#6092,1.);
#6092 = DIRECTION('',(0.,0.,1.));
#6093 = ORIENTED_EDGE('',*,*,#783,.F.);
#6094 = PLANE('',#6095);
#6095 = AXIS2_PLACEMENT_3D('',#6096,#6097,#6098);
#6096 = CARTESIAN_POINT('',(70.922808,-112.705082,0.));
#6097 = DIRECTION('',(-0.511337055535,-0.8593802509,0.));
#6098 = DIRECTION('',(-0.8593802509,0.511337055535,0.));
#6099 = ADVANCED_FACE('',(#6100),#6111,.T.);
#6100 = FACE_BOUND('',#6101,.T.);
#6101 = EDGE_LOOP('',(#6102,#6108,#6109,#6110));
#6102 = ORIENTED_EDGE('',*,*,#6103,.T.);
#6103 = EDGE_CURVE('',#728,#2468,#6104,.T.);
#6104 = LINE('',#6105,#6106);
#6105 = CARTESIAN_POINT('',(69.755158,-112.455178,0.));
#6106 = VECTOR('',#6107,1.);
#6107 = DIRECTION('',(0.,0.,1.));
#6108 = ORIENTED_EDGE('',*,*,#2467,.T.);
#6109 = ORIENTED_EDGE('',*,*,#6069,.F.);
#6110 = ORIENTED_EDGE('',*,*,#727,.F.);
#6111 = PLANE('',#6112);
#6112 = AXIS2_PLACEMENT_3D('',#6113,#6114,#6115);
#6113 = CARTESIAN_POINT('',(69.755158,-112.455178,0.));
#6114 = DIRECTION('',(0.255894243569,-0.966704782293,0.));
#6115 = DIRECTION('',(-0.966704782293,-0.255894243569,0.));
#6116 = ADVANCED_FACE('',(#6117),#6128,.T.);
#6117 = FACE_BOUND('',#6118,.T.);
#6118 = EDGE_LOOP('',(#6119,#6120,#6121,#6127));
#6119 = ORIENTED_EDGE('',*,*,#6088,.T.);
#6120 = ORIENTED_EDGE('',*,*,#2515,.T.);
#6121 = ORIENTED_EDGE('',*,*,#6122,.F.);
#6122 = EDGE_CURVE('',#768,#2508,#6123,.T.);
#6123 = LINE('',#6124,#6125);
#6124 = CARTESIAN_POINT('',(70.494351,-112.495896,0.));
#6125 = VECTOR('',#6126,1.);
#6126 = DIRECTION('',(0.,0.,1.));
#6127 = ORIENTED_EDGE('',*,*,#775,.F.);
#6128 = PLANE('',#6129);
#6129 = AXIS2_PLACEMENT_3D('',#6130,#6131,#6132);
#6130 = CARTESIAN_POINT('',(70.720775,-112.584871,0.));
#6131 = DIRECTION('',(-0.365733255117,-0.930719714039,0.));
#6132 = DIRECTION('',(-0.930719714039,0.365733255117,0.));
#6133 = ADVANCED_FACE('',(#6134),#6145,.T.);
#6134 = FACE_BOUND('',#6135,.T.);
#6135 = EDGE_LOOP('',(#6136,#6142,#6143,#6144));
#6136 = ORIENTED_EDGE('',*,*,#6137,.T.);
#6137 = EDGE_CURVE('',#736,#2476,#6138,.T.);
#6138 = LINE('',#6139,#6140);
#6139 = CARTESIAN_POINT('',(69.877433,-112.436938,0.));
#6140 = VECTOR('',#6141,1.);
#6141 = DIRECTION('',(0.,0.,1.));
#6142 = ORIENTED_EDGE('',*,*,#2475,.T.);
#6143 = ORIENTED_EDGE('',*,*,#6103,.F.);
#6144 = ORIENTED_EDGE('',*,*,#735,.F.);
#6145 = PLANE('',#6146);
#6146 = AXIS2_PLACEMENT_3D('',#6147,#6148,#6149);
#6147 = CARTESIAN_POINT('',(69.877433,-112.436938,0.));
#6148 = DIRECTION('',(0.147539436578,-0.98905617366,0.));
#6149 = DIRECTION('',(-0.98905617366,-0.147539436578,0.));
#6150 = ADVANCED_FACE('',(#6151),#6162,.T.);
#6151 = FACE_BOUND('',#6152,.T.);
#6152 = EDGE_LOOP('',(#6153,#6154,#6155,#6161));
#6153 = ORIENTED_EDGE('',*,*,#6122,.T.);
#6154 = ORIENTED_EDGE('',*,*,#2507,.T.);
#6155 = ORIENTED_EDGE('',*,*,#6156,.F.);
#6156 = EDGE_CURVE('',#760,#2500,#6157,.T.);
#6157 = LINE('',#6158,#6159);
#6158 = CARTESIAN_POINT('',(70.251097,-112.442764,0.));
#6159 = VECTOR('',#6160,1.);
#6160 = DIRECTION('',(0.,0.,1.));
#6161 = ORIENTED_EDGE('',*,*,#767,.F.);
#6162 = PLANE('',#6163);
#6163 = AXIS2_PLACEMENT_3D('',#6164,#6165,#6166);
#6164 = CARTESIAN_POINT('',(70.494351,-112.495896,0.));
#6165 = DIRECTION('',(-0.21339096021,-0.976966886901,0.));
#6166 = DIRECTION('',(-0.976966886901,0.21339096021,0.));
#6167 = ADVANCED_FACE('',(#6168),#6179,.T.);
#6168 = FACE_BOUND('',#6169,.T.);
#6169 = EDGE_LOOP('',(#6170,#6176,#6177,#6178));
#6170 = ORIENTED_EDGE('',*,*,#6171,.T.);
#6171 = EDGE_CURVE('',#744,#2484,#6172,.T.);
#6172 = LINE('',#6173,#6174);
#6173 = CARTESIAN_POINT('',(70.001027,-112.428824,0.));
#6174 = VECTOR('',#6175,1.);
#6175 = DIRECTION('',(0.,0.,1.));
#6176 = ORIENTED_EDGE('',*,*,#2483,.T.);
#6177 = ORIENTED_EDGE('',*,*,#6137,.F.);
#6178 = ORIENTED_EDGE('',*,*,#743,.F.);
#6179 = PLANE('',#6180);
#6180 = AXIS2_PLACEMENT_3D('',#6181,#6182,#6183);
#6181 = CARTESIAN_POINT('',(70.001027,-112.428824,0.));
#6182 = DIRECTION('',(6.550941576254E-02,-0.997851951166,0.));
#6183 = DIRECTION('',(-0.997851951166,-6.550941576254E-02,0.));
#6184 = ADVANCED_FACE('',(#6185),#6196,.T.);
#6185 = FACE_BOUND('',#6186,.T.);
#6186 = EDGE_LOOP('',(#6187,#6188,#6189,#6195));
#6187 = ORIENTED_EDGE('',*,*,#6156,.T.);
#6188 = ORIENTED_EDGE('',*,*,#2499,.T.);
#6189 = ORIENTED_EDGE('',*,*,#6190,.F.);
#6190 = EDGE_CURVE('',#752,#2492,#6191,.T.);
#6191 = LINE('',#6192,#6193);
#6192 = CARTESIAN_POINT('',(70.126281,-112.430769,0.));
#6193 = VECTOR('',#6194,1.);
#6194 = DIRECTION('',(0.,0.,1.));
#6195 = ORIENTED_EDGE('',*,*,#759,.F.);
#6196 = PLANE('',#6197);
#6197 = AXIS2_PLACEMENT_3D('',#6198,#6199,#6200);
#6198 = CARTESIAN_POINT('',(70.251097,-112.442764,0.));
#6199 = DIRECTION('',(-9.566073963883E-02,-0.995413995728,0.));
#6200 = DIRECTION('',(-0.995413995728,9.566073963883E-02,0.));
#6201 = ADVANCED_FACE('',(#6202),#6208,.T.);
#6202 = FACE_BOUND('',#6203,.T.);
#6203 = EDGE_LOOP('',(#6204,#6205,#6206,#6207));
#6204 = ORIENTED_EDGE('',*,*,#6190,.T.);
#6205 = ORIENTED_EDGE('',*,*,#2491,.T.);
#6206 = ORIENTED_EDGE('',*,*,#6171,.F.);
#6207 = ORIENTED_EDGE('',*,*,#751,.F.);
#6208 = PLANE('',#6209);
#6209 = AXIS2_PLACEMENT_3D('',#6210,#6211,#6212);
#6210 = CARTESIAN_POINT('',(70.126281,-112.430769,0.));
#6211 = DIRECTION('',(-1.552657432816E-02,-0.999879455479,0.));
#6212 = DIRECTION('',(-0.999879455479,1.552657432816E-02,0.));
#6213 = ADVANCED_FACE('',(#6214),#6225,.F.);
#6214 = FACE_BOUND('',#6215,.T.);
#6215 = EDGE_LOOP('',(#6216,#6217,#6223,#6224));
#6216 = ORIENTED_EDGE('',*,*,#1368,.T.);
#6217 = ORIENTED_EDGE('',*,*,#6218,.T.);
#6218 = EDGE_CURVE('',#1369,#3109,#6219,.T.);
#6219 = LINE('',#6220,#6221);
#6220 = CARTESIAN_POINT('',(44.65,-101.3,-3.6E-02));
#6221 = VECTOR('',#6222,1.);
#6222 = DIRECTION('',(0.,0.,1.));
#6223 = ORIENTED_EDGE('',*,*,#3108,.F.);
#6224 = ORIENTED_EDGE('',*,*,#6218,.F.);
#6225 = CYLINDRICAL_SURFACE('',#6226,0.5);
#6226 = AXIS2_PLACEMENT_3D('',#6227,#6228,#6229);
#6227 = CARTESIAN_POINT('',(44.65,-100.8,-3.6E-02));
#6228 = DIRECTION('',(-0.,-0.,-1.));
#6229 = DIRECTION('',(-0.,-1.,0.));
#6230 = ADVANCED_FACE('',(#6231),#6242,.F.);
#6231 = FACE_BOUND('',#6232,.T.);
#6232 = EDGE_LOOP('',(#6233,#6234,#6240,#6241));
#6233 = ORIENTED_EDGE('',*,*,#1379,.T.);
#6234 = ORIENTED_EDGE('',*,*,#6235,.T.);
#6235 = EDGE_CURVE('',#1380,#3120,#6236,.T.);
#6236 = LINE('',#6237,#6238);
#6237 = CARTESIAN_POINT('',(47.75,-101.35,-3.6E-02));
#6238 = VECTOR('',#6239,1.);
#6239 = DIRECTION('',(0.,0.,1.));
#6240 = ORIENTED_EDGE('',*,*,#3119,.F.);
#6241 = ORIENTED_EDGE('',*,*,#6235,.F.);
#6242 = CYLINDRICAL_SURFACE('',#6243,0.5);
#6243 = AXIS2_PLACEMENT_3D('',#6244,#6245,#6246);
#6244 = CARTESIAN_POINT('',(47.75,-100.85,-3.6E-02));
#6245 = DIRECTION('',(-0.,-0.,-1.));
#6246 = DIRECTION('',(-0.,-1.,0.));
#6247 = ADVANCED_FACE('',(#6248),#6259,.F.);
#6248 = FACE_BOUND('',#6249,.T.);
#6249 = EDGE_LOOP('',(#6250,#6251,#6257,#6258));
#6250 = ORIENTED_EDGE('',*,*,#1390,.T.);
#6251 = ORIENTED_EDGE('',*,*,#6252,.T.);
#6252 = EDGE_CURVE('',#1391,#3131,#6253,.T.);
#6253 = LINE('',#6254,#6255);
#6254 = CARTESIAN_POINT('',(80.7,-105.9191,-3.6E-02));
#6255 = VECTOR('',#6256,1.);
#6256 = DIRECTION('',(0.,0.,1.));
#6257 = ORIENTED_EDGE('',*,*,#3130,.F.);
#6258 = ORIENTED_EDGE('',*,*,#6252,.F.);
#6259 = CYLINDRICAL_SURFACE('',#6260,0.5);
#6260 = AXIS2_PLACEMENT_3D('',#6261,#6262,#6263);
#6261 = CARTESIAN_POINT('',(80.7,-105.4191,-3.6E-02));
#6262 = DIRECTION('',(-0.,-0.,-1.));
#6263 = DIRECTION('',(-0.,-1.,0.));
#6264 = ADVANCED_FACE('',(#6265),#6276,.F.);
#6265 = FACE_BOUND('',#6266,.T.);
#6266 = EDGE_LOOP('',(#6267,#6268,#6274,#6275));
#6267 = ORIENTED_EDGE('',*,*,#1401,.T.);
#6268 = ORIENTED_EDGE('',*,*,#6269,.T.);
#6269 = EDGE_CURVE('',#1402,#3142,#6270,.T.);
#6270 = LINE('',#6271,#6272);
#6271 = CARTESIAN_POINT('',(80.8,-103.025,-3.6E-02));
#6272 = VECTOR('',#6273,1.);
#6273 = DIRECTION('',(0.,0.,1.));
#6274 = ORIENTED_EDGE('',*,*,#3141,.F.);
#6275 = ORIENTED_EDGE('',*,*,#6269,.F.);
#6276 = CYLINDRICAL_SURFACE('',#6277,0.5);
#6277 = AXIS2_PLACEMENT_3D('',#6278,#6279,#6280);
#6278 = CARTESIAN_POINT('',(80.8,-102.525,-3.6E-02));
#6279 = DIRECTION('',(-0.,-0.,-1.));
#6280 = DIRECTION('',(-0.,-1.,0.));
#6281 = ADVANCED_FACE('',(#6282),#6298,.T.);
#6282 = FACE_BOUND('',#6283,.T.);
#6283 = EDGE_LOOP('',(#6284,#6290,#6291,#6297));
#6284 = ORIENTED_EDGE('',*,*,#6285,.T.);
#6285 = EDGE_CURVE('',#1413,#3153,#6286,.T.);
#6286 = LINE('',#6287,#6288);
#6287 = CARTESIAN_POINT('',(69.812721,-88.444604,0.));
#6288 = VECTOR('',#6289,1.);
#6289 = DIRECTION('',(0.,0.,1.));
#6290 = ORIENTED_EDGE('',*,*,#3152,.T.);
#6291 = ORIENTED_EDGE('',*,*,#6292,.F.);
#6292 = EDGE_CURVE('',#1415,#3155,#6293,.T.);
#6293 = LINE('',#6294,#6295);
#6294 = CARTESIAN_POINT('',(69.575465,-88.503742,0.));
#6295 = VECTOR('',#6296,1.);
#6296 = DIRECTION('',(0.,0.,1.));
#6297 = ORIENTED_EDGE('',*,*,#1412,.F.);
#6298 = PLANE('',#6299);
#6299 = AXIS2_PLACEMENT_3D('',#6300,#6301,#6302);
#6300 = CARTESIAN_POINT('',(69.812721,-88.444604,0.));
#6301 = DIRECTION('',(0.241858115103,-0.970311626313,0.));
#6302 = DIRECTION('',(-0.970311626313,-0.241858115103,0.));
#6303 = ADVANCED_FACE('',(#6304),#6315,.T.);
#6304 = FACE_BOUND('',#6305,.T.);
#6305 = EDGE_LOOP('',(#6306,#6312,#6313,#6314));
#6306 = ORIENTED_EDGE('',*,*,#6307,.T.);
#6307 = EDGE_CURVE('',#1423,#3163,#6308,.T.);
#6308 = LINE('',#6309,#6310);
#6309 = CARTESIAN_POINT('',(70.049998,-88.425,0.));
#6310 = VECTOR('',#6311,1.);
#6311 = DIRECTION('',(0.,0.,1.));
#6312 = ORIENTED_EDGE('',*,*,#3162,.T.);
#6313 = ORIENTED_EDGE('',*,*,#6285,.F.);
#6314 = ORIENTED_EDGE('',*,*,#1422,.F.);
#6315 = PLANE('',#6316);
#6316 = AXIS2_PLACEMENT_3D('',#6317,#6318,#6319);
#6317 = CARTESIAN_POINT('',(70.049998,-88.425,0.));
#6318 = DIRECTION('',(8.234017771056E-02,-0.996604282117,0.));
#6319 = DIRECTION('',(-0.996604282117,-8.234017771056E-02,0.));
#6320 = ADVANCED_FACE('',(#6321),#6332,.T.);
#6321 = FACE_BOUND('',#6322,.T.);
#6322 = EDGE_LOOP('',(#6323,#6324,#6325,#6331));
#6323 = ORIENTED_EDGE('',*,*,#6292,.T.);
#6324 = ORIENTED_EDGE('',*,*,#3530,.T.);
#6325 = ORIENTED_EDGE('',*,*,#6326,.F.);
#6326 = EDGE_CURVE('',#1783,#3523,#6327,.T.);
#6327 = LINE('',#6328,#6329);
#6328 = CARTESIAN_POINT('',(69.347504,-88.601397,0.));
#6329 = VECTOR('',#6330,1.);
#6330 = DIRECTION('',(0.,0.,1.));
#6331 = ORIENTED_EDGE('',*,*,#1790,.F.);
#6332 = PLANE('',#6333);
#6333 = AXIS2_PLACEMENT_3D('',#6334,#6335,#6336);
#6334 = CARTESIAN_POINT('',(69.575465,-88.503742,0.));
#6335 = DIRECTION('',(0.393774269916,-0.919207171617,0.));
#6336 = DIRECTION('',(-0.919207171617,-0.393774269916,0.));
#6337 = ADVANCED_FACE('',(#6338),#6349,.T.);
#6338 = FACE_BOUND('',#6339,.T.);
#6339 = EDGE_LOOP('',(#6340,#6346,#6347,#6348));
#6340 = ORIENTED_EDGE('',*,*,#6341,.T.);
#6341 = EDGE_CURVE('',#1431,#3171,#6342,.T.);
#6342 = LINE('',#6343,#6344);
#6343 = CARTESIAN_POINT('',(70.247648,-88.438615,0.));
#6344 = VECTOR('',#6345,1.);
#6345 = DIRECTION('',(0.,0.,1.));
#6346 = ORIENTED_EDGE('',*,*,#3170,.T.);
#6347 = ORIENTED_EDGE('',*,*,#6307,.F.);
#6348 = ORIENTED_EDGE('',*,*,#1430,.F.);
#6349 = PLANE('',#6350);
#6350 = AXIS2_PLACEMENT_3D('',#6351,#6352,#6353);
#6351 = CARTESIAN_POINT('',(70.247648,-88.438615,0.));
#6352 = DIRECTION('',(-6.872154066058E-02,-0.997635880394,0.));
#6353 = DIRECTION('',(-0.997635880394,6.872154066058E-02,0.));
#6354 = ADVANCED_FACE('',(#6355),#6366,.T.);
#6355 = FACE_BOUND('',#6356,.T.);
#6356 = EDGE_LOOP('',(#6357,#6358,#6359,#6365));
#6357 = ORIENTED_EDGE('',*,*,#6326,.T.);
#6358 = ORIENTED_EDGE('',*,*,#3522,.T.);
#6359 = ORIENTED_EDGE('',*,*,#6360,.F.);
#6360 = EDGE_CURVE('',#1775,#3515,#6361,.T.);
#6361 = LINE('',#6362,#6363);
#6362 = CARTESIAN_POINT('',(69.240349,-88.663563,0.));
#6363 = VECTOR('',#6364,1.);
#6364 = DIRECTION('',(0.,0.,1.));
#6365 = ORIENTED_EDGE('',*,*,#1782,.F.);
#6366 = PLANE('',#6367);
#6367 = AXIS2_PLACEMENT_3D('',#6368,#6369,#6370);
#6368 = CARTESIAN_POINT('',(69.347504,-88.601397,0.));
#6369 = DIRECTION('',(0.501815334542,-0.86497477999,0.));
#6370 = DIRECTION('',(-0.86497477999,-0.501815334542,0.));
#6371 = ADVANCED_FACE('',(#6372),#6383,.T.);
#6372 = FACE_BOUND('',#6373,.T.);
#6373 = EDGE_LOOP('',(#6374,#6380,#6381,#6382));
#6374 = ORIENTED_EDGE('',*,*,#6375,.T.);
#6375 = EDGE_CURVE('',#1439,#3179,#6376,.T.);
#6376 = LINE('',#6377,#6378);
#6377 = CARTESIAN_POINT('',(70.36946,-88.460521,0.));
#6378 = VECTOR('',#6379,1.);
#6379 = DIRECTION('',(0.,0.,1.));
#6380 = ORIENTED_EDGE('',*,*,#3178,.T.);
#6381 = ORIENTED_EDGE('',*,*,#6341,.F.);
#6382 = ORIENTED_EDGE('',*,*,#1438,.F.);
#6383 = PLANE('',#6384);
#6384 = AXIS2_PLACEMENT_3D('',#6385,#6386,#6387);
#6385 = CARTESIAN_POINT('',(70.36946,-88.460521,0.));
#6386 = DIRECTION('',(-0.176995220023,-0.98421171101,0.));
#6387 = DIRECTION('',(-0.98421171101,0.176995220023,0.));
#6388 = ADVANCED_FACE('',(#6389),#6400,.T.);
#6389 = FACE_BOUND('',#6390,.T.);
#6390 = EDGE_LOOP('',(#6391,#6392,#6393,#6399));
#6391 = ORIENTED_EDGE('',*,*,#6360,.T.);
#6392 = ORIENTED_EDGE('',*,*,#3514,.T.);
#6393 = ORIENTED_EDGE('',*,*,#6394,.F.);
#6394 = EDGE_CURVE('',#1767,#3507,#6395,.T.);
#6395 = LINE('',#6396,#6397);
#6396 = CARTESIAN_POINT('',(69.138725,-88.734208,0.));
#6397 = VECTOR('',#6398,1.);
#6398 = DIRECTION('',(0.,0.,1.));
#6399 = ORIENTED_EDGE('',*,*,#1774,.F.);
#6400 = PLANE('',#6401);
#6401 = AXIS2_PLACEMENT_3D('',#6402,#6403,#6404);
#6402 = CARTESIAN_POINT('',(69.240349,-88.663563,0.));
#6403 = DIRECTION('',(0.570792453031,-0.821094376769,0.));
#6404 = DIRECTION('',(-0.821094376769,-0.570792453031,0.));
#6405 = ADVANCED_FACE('',(#6406),#6417,.T.);
#6406 = FACE_BOUND('',#6407,.T.);
#6407 = EDGE_LOOP('',(#6408,#6414,#6415,#6416));
#6408 = ORIENTED_EDGE('',*,*,#6409,.T.);
#6409 = EDGE_CURVE('',#1447,#3187,#6410,.T.);
#6410 = LINE('',#6411,#6412);
#6411 = CARTESIAN_POINT('',(70.489188,-88.492333,0.));
#6412 = VECTOR('',#6413,1.);
#6413 = DIRECTION('',(0.,0.,1.));
#6414 = ORIENTED_EDGE('',*,*,#3186,.T.);
#6415 = ORIENTED_EDGE('',*,*,#6375,.F.);
#6416 = ORIENTED_EDGE('',*,*,#1446,.F.);
#6417 = PLANE('',#6418);
#6418 = AXIS2_PLACEMENT_3D('',#6419,#6420,#6421);
#6419 = CARTESIAN_POINT('',(70.489188,-88.492333,0.));
#6420 = DIRECTION('',(-0.256792357798,-0.966466597962,0.));
#6421 = DIRECTION('',(-0.966466597962,0.256792357798,0.));
#6422 = ADVANCED_FACE('',(#6423),#6434,.T.);
#6423 = FACE_BOUND('',#6424,.T.);
#6424 = EDGE_LOOP('',(#6425,#6426,#6427,#6433));
#6425 = ORIENTED_EDGE('',*,*,#6394,.T.);
#6426 = ORIENTED_EDGE('',*,*,#3506,.T.);
#6427 = ORIENTED_EDGE('',*,*,#6428,.F.);
#6428 = EDGE_CURVE('',#1759,#3499,#6429,.T.);
#6429 = LINE('',#6430,#6431);
#6430 = CARTESIAN_POINT('',(68.989337,-88.864341,0.));
#6431 = VECTOR('',#6432,1.);
#6432 = DIRECTION('',(0.,0.,1.));
#6433 = ORIENTED_EDGE('',*,*,#1766,.F.);
#6434 = PLANE('',#6435);
#6435 = AXIS2_PLACEMENT_3D('',#6436,#6437,#6438);
#6436 = CARTESIAN_POINT('',(69.138725,-88.734208,0.));
#6437 = DIRECTION('',(0.656840646184,-0.754029419533,0.));
#6438 = DIRECTION('',(-0.754029419533,-0.656840646184,0.));
#6439 = ADVANCED_FACE('',(#6440),#6451,.T.);
#6440 = FACE_BOUND('',#6441,.T.);
#6441 = EDGE_LOOP('',(#6442,#6448,#6449,#6450));
#6442 = ORIENTED_EDGE('',*,*,#6443,.T.);
#6443 = EDGE_CURVE('',#1455,#3195,#6444,.T.);
#6444 = LINE('',#6445,#6446);
#6445 = CARTESIAN_POINT('',(70.719434,-88.584474,0.));
#6446 = VECTOR('',#6447,1.);
#6447 = DIRECTION('',(0.,0.,1.));
#6448 = ORIENTED_EDGE('',*,*,#3194,.T.);
#6449 = ORIENTED_EDGE('',*,*,#6409,.F.);
#6450 = ORIENTED_EDGE('',*,*,#1454,.F.);
#6451 = PLANE('',#6452);
#6452 = AXIS2_PLACEMENT_3D('',#6453,#6454,#6455);
#6453 = CARTESIAN_POINT('',(70.719434,-88.584474,0.));
#6454 = DIRECTION('',(-0.371538753814,-0.928417446203,0.));
#6455 = DIRECTION('',(-0.928417446203,0.371538753814,0.));
#6456 = ADVANCED_FACE('',(#6457),#6468,.T.);
#6457 = FACE_BOUND('',#6458,.T.);
#6458 = EDGE_LOOP('',(#6459,#6460,#6461,#6467));
#6459 = ORIENTED_EDGE('',*,*,#6428,.T.);
#6460 = ORIENTED_EDGE('',*,*,#3498,.T.);
#6461 = ORIENTED_EDGE('',*,*,#6462,.F.);
#6462 = EDGE_CURVE('',#1751,#3491,#6463,.T.);
#6463 = LINE('',#6464,#6465);
#6464 = CARTESIAN_POINT('',(68.83542,-89.045984,0.));
#6465 = VECTOR('',#6466,1.);
#6466 = DIRECTION('',(0.,0.,1.));
#6467 = ORIENTED_EDGE('',*,*,#1758,.F.);
#6468 = PLANE('',#6469);
#6469 = AXIS2_PLACEMENT_3D('',#6470,#6471,#6472);
#6470 = CARTESIAN_POINT('',(68.989337,-88.864341,0.));
#6471 = DIRECTION('',(0.762932362282,-0.646478314085,0.));
#6472 = DIRECTION('',(-0.646478314085,-0.762932362282,0.));
#6473 = ADVANCED_FACE('',(#6474),#6485,.T.);
#6474 = FACE_BOUND('',#6475,.T.);
#6475 = EDGE_LOOP('',(#6476,#6482,#6483,#6484));
#6476 = ORIENTED_EDGE('',*,*,#6477,.T.);
#6477 = EDGE_CURVE('',#1463,#3203,#6478,.T.);
#6478 = LINE('',#6479,#6480);
#6479 = CARTESIAN_POINT('',(70.929017,-88.710424,0.));
#6480 = VECTOR('',#6481,1.);
#6481 = DIRECTION('',(0.,0.,1.));
#6482 = ORIENTED_EDGE('',*,*,#3202,.T.);
#6483 = ORIENTED_EDGE('',*,*,#6443,.F.);
#6484 = ORIENTED_EDGE('',*,*,#1462,.F.);
#6485 = PLANE('',#6486);
#6486 = AXIS2_PLACEMENT_3D('',#6487,#6488,#6489);
#6487 = CARTESIAN_POINT('',(70.929017,-88.710424,0.));
#6488 = DIRECTION('',(-0.515097656455,-0.85713149768,0.));
#6489 = DIRECTION('',(-0.85713149768,0.515097656455,0.));
#6490 = ADVANCED_FACE('',(#6491),#6502,.T.);
#6491 = FACE_BOUND('',#6492,.T.);
#6492 = EDGE_LOOP('',(#6493,#6494,#6495,#6501));
#6493 = ORIENTED_EDGE('',*,*,#6462,.T.);
#6494 = ORIENTED_EDGE('',*,*,#3490,.T.);
#6495 = ORIENTED_EDGE('',*,*,#6496,.F.);
#6496 = EDGE_CURVE('',#1743,#3483,#6497,.T.);
#6497 = LINE('',#6498,#6499);
#6498 = CARTESIAN_POINT('',(68.709471,-89.255568,0.));
#6499 = VECTOR('',#6500,1.);
#6500 = DIRECTION('',(0.,0.,1.));
#6501 = ORIENTED_EDGE('',*,*,#1750,.F.);
#6502 = PLANE('',#6503);
#6503 = AXIS2_PLACEMENT_3D('',#6504,#6505,#6506);
#6504 = CARTESIAN_POINT('',(68.83542,-89.045984,0.));
#6505 = DIRECTION('',(0.857134388393,-0.515092846227,0.));
#6506 = DIRECTION('',(-0.515092846227,-0.857134388393,0.));
#6507 = ADVANCED_FACE('',(#6508),#6519,.T.);
#6508 = FACE_BOUND('',#6509,.T.);
#6509 = EDGE_LOOP('',(#6510,#6516,#6517,#6518));
#6510 = ORIENTED_EDGE('',*,*,#6511,.T.);
#6511 = EDGE_CURVE('',#1471,#3211,#6512,.T.);
#6512 = LINE('',#6513,#6514);
#6513 = CARTESIAN_POINT('',(71.110659,-88.864341,0.));
#6514 = VECTOR('',#6515,1.);
#6515 = DIRECTION('',(0.,0.,1.));
#6516 = ORIENTED_EDGE('',*,*,#3210,.T.);
#6517 = ORIENTED_EDGE('',*,*,#6477,.F.);
#6518 = ORIENTED_EDGE('',*,*,#1470,.F.);
#6519 = PLANE('',#6520);
#6520 = AXIS2_PLACEMENT_3D('',#6521,#6522,#6523);
#6521 = CARTESIAN_POINT('',(71.110659,-88.864341,0.));
#6522 = DIRECTION('',(-0.646480385696,-0.762930606877,0.));
#6523 = DIRECTION('',(-0.762930606877,0.646480385696,0.));
#6524 = ADVANCED_FACE('',(#6525),#6536,.T.);
#6525 = FACE_BOUND('',#6526,.T.);
#6526 = EDGE_LOOP('',(#6527,#6528,#6529,#6535));
#6527 = ORIENTED_EDGE('',*,*,#6496,.T.);
#6528 = ORIENTED_EDGE('',*,*,#3482,.T.);
#6529 = ORIENTED_EDGE('',*,*,#6530,.F.);
#6530 = EDGE_CURVE('',#1735,#3475,#6531,.T.);
#6531 = LINE('',#6532,#6533);
#6532 = CARTESIAN_POINT('',(68.61733,-89.485816,0.));
#6533 = VECTOR('',#6534,1.);
#6534 = DIRECTION('',(0.,0.,1.));
#6535 = ORIENTED_EDGE('',*,*,#1742,.F.);
#6536 = PLANE('',#6537);
#6537 = AXIS2_PLACEMENT_3D('',#6538,#6539,#6540);
#6538 = CARTESIAN_POINT('',(68.709471,-89.255568,0.));
#6539 = DIRECTION('',(0.928418559432,-0.371535972016,0.));
#6540 = DIRECTION('',(-0.371535972016,-0.928418559432,0.));
#6541 = ADVANCED_FACE('',(#6542),#6553,.T.);
#6542 = FACE_BOUND('',#6543,.T.);
#6543 = EDGE_LOOP('',(#6544,#6550,#6551,#6552));
#6544 = ORIENTED_EDGE('',*,*,#6545,.T.);
#6545 = EDGE_CURVE('',#1479,#3219,#6546,.T.);
#6546 = LINE('',#6547,#6548);
#6547 = CARTESIAN_POINT('',(71.24079,-89.013727,0.));
#6548 = VECTOR('',#6549,1.);
#6549 = DIRECTION('',(0.,0.,1.));
#6550 = ORIENTED_EDGE('',*,*,#3218,.T.);
#6551 = ORIENTED_EDGE('',*,*,#6511,.F.);
#6552 = ORIENTED_EDGE('',*,*,#1478,.F.);
#6553 = PLANE('',#6554);
#6554 = AXIS2_PLACEMENT_3D('',#6555,#6556,#6557);
#6555 = CARTESIAN_POINT('',(71.24079,-89.013727,0.));
#6556 = DIRECTION('',(-0.754030063976,-0.656839906385,0.));
#6557 = DIRECTION('',(-0.656839906385,0.754030063976,0.));
#6558 = ADVANCED_FACE('',(#6559),#6570,.T.);
#6559 = FACE_BOUND('',#6560,.T.);
#6560 = EDGE_LOOP('',(#6561,#6562,#6563,#6569));
#6561 = ORIENTED_EDGE('',*,*,#6530,.T.);
#6562 = ORIENTED_EDGE('',*,*,#3474,.T.);
#6563 = ORIENTED_EDGE('',*,*,#6564,.F.);
#6564 = EDGE_CURVE('',#1727,#3467,#6565,.T.);
#6565 = LINE('',#6566,#6567);
#6566 = CARTESIAN_POINT('',(68.585518,-89.605544,0.));
#6567 = VECTOR('',#6568,1.);
#6568 = DIRECTION('',(0.,0.,1.));
#6569 = ORIENTED_EDGE('',*,*,#1734,.F.);
#6570 = PLANE('',#6571);
#6571 = AXIS2_PLACEMENT_3D('',#6572,#6573,#6574);
#6572 = CARTESIAN_POINT('',(68.61733,-89.485816,0.));
#6573 = DIRECTION('',(0.966466597962,-0.256792357798,0.));
#6574 = DIRECTION('',(-0.256792357798,-0.966466597962,0.));
#6575 = ADVANCED_FACE('',(#6576),#6587,.T.);
#6576 = FACE_BOUND('',#6577,.T.);
#6577 = EDGE_LOOP('',(#6578,#6584,#6585,#6586));
#6578 = ORIENTED_EDGE('',*,*,#6579,.T.);
#6579 = EDGE_CURVE('',#1487,#3227,#6580,.T.);
#6580 = LINE('',#6581,#6582);
#6581 = CARTESIAN_POINT('',(71.311435,-89.115351,0.));
#6582 = VECTOR('',#6583,1.);
#6583 = DIRECTION('',(0.,0.,1.));
#6584 = ORIENTED_EDGE('',*,*,#3226,.T.);
#6585 = ORIENTED_EDGE('',*,*,#6545,.F.);
#6586 = ORIENTED_EDGE('',*,*,#1486,.F.);
#6587 = PLANE('',#6588);
#6588 = AXIS2_PLACEMENT_3D('',#6589,#6590,#6591);
#6589 = CARTESIAN_POINT('',(71.311435,-89.115351,0.));
#6590 = DIRECTION('',(-0.821094376769,-0.570792453031,0.));
#6591 = DIRECTION('',(-0.570792453031,0.821094376769,0.));
#6592 = ADVANCED_FACE('',(#6593),#6604,.T.);
#6593 = FACE_BOUND('',#6594,.T.);
#6594 = EDGE_LOOP('',(#6595,#6596,#6597,#6603));
#6595 = ORIENTED_EDGE('',*,*,#6564,.T.);
#6596 = ORIENTED_EDGE('',*,*,#3466,.T.);
#6597 = ORIENTED_EDGE('',*,*,#6598,.F.);
#6598 = EDGE_CURVE('',#1719,#3459,#6599,.T.);
#6599 = LINE('',#6600,#6601);
#6600 = CARTESIAN_POINT('',(68.563613,-89.727357,0.));
#6601 = VECTOR('',#6602,1.);
#6602 = DIRECTION('',(0.,0.,1.));
#6603 = ORIENTED_EDGE('',*,*,#1726,.F.);
#6604 = PLANE('',#6605);
#6605 = AXIS2_PLACEMENT_3D('',#6606,#6607,#6608);
#6606 = CARTESIAN_POINT('',(68.585518,-89.605544,0.));
#6607 = DIRECTION('',(0.984213371573,-0.176985985932,0.));
#6608 = DIRECTION('',(-0.176985985932,-0.984213371573,0.));
#6609 = ADVANCED_FACE('',(#6610),#6621,.T.);
#6610 = FACE_BOUND('',#6611,.T.);
#6611 = EDGE_LOOP('',(#6612,#6618,#6619,#6620));
#6612 = ORIENTED_EDGE('',*,*,#6613,.T.);
#6613 = EDGE_CURVE('',#1495,#3235,#6614,.T.);
#6614 = LINE('',#6615,#6616);
#6615 = CARTESIAN_POINT('',(71.3736,-89.222506,0.));
#6616 = VECTOR('',#6617,1.);
#6617 = DIRECTION('',(0.,0.,1.));
#6618 = ORIENTED_EDGE('',*,*,#3234,.T.);
#6619 = ORIENTED_EDGE('',*,*,#6579,.F.);
#6620 = ORIENTED_EDGE('',*,*,#1494,.F.);
#6621 = PLANE('',#6622);
#6622 = AXIS2_PLACEMENT_3D('',#6623,#6624,#6625);
#6623 = CARTESIAN_POINT('',(71.3736,-89.222506,0.));
#6624 = DIRECTION('',(-0.864978283775,-0.501809295048,0.));
#6625 = DIRECTION('',(-0.501809295048,0.864978283775,0.));
#6626 = ADVANCED_FACE('',(#6627),#6638,.T.);
#6627 = FACE_BOUND('',#6628,.T.);
#6628 = EDGE_LOOP('',(#6629,#6630,#6631,#6637));
#6629 = ORIENTED_EDGE('',*,*,#6598,.T.);
#6630 = ORIENTED_EDGE('',*,*,#3458,.T.);
#6631 = ORIENTED_EDGE('',*,*,#6632,.F.);
#6632 = EDGE_CURVE('',#1711,#3451,#6633,.T.);
#6633 = LINE('',#6634,#6635);
#6634 = CARTESIAN_POINT('',(68.549998,-89.925,0.));
#6635 = VECTOR('',#6636,1.);
#6636 = DIRECTION('',(0.,0.,1.));
#6637 = ORIENTED_EDGE('',*,*,#1718,.F.);
#6638 = PLANE('',#6639);
#6639 = AXIS2_PLACEMENT_3D('',#6640,#6641,#6642);
#6640 = CARTESIAN_POINT('',(68.563613,-89.727357,0.));
#6641 = DIRECTION('',(0.997635713522,-6.872396310322E-02,0.));
#6642 = DIRECTION('',(-6.872396310322E-02,-0.997635713522,0.));
#6643 = ADVANCED_FACE('',(#6644),#6655,.T.);
#6644 = FACE_BOUND('',#6645,.T.);
#6645 = EDGE_LOOP('',(#6646,#6652,#6653,#6654));
#6646 = ORIENTED_EDGE('',*,*,#6647,.T.);
#6647 = EDGE_CURVE('',#1503,#3243,#6648,.T.);
#6648 = LINE('',#6649,#6650);
#6649 = CARTESIAN_POINT('',(71.471256,-89.450468,0.));
#6650 = VECTOR('',#6651,1.);
#6651 = DIRECTION('',(0.,0.,1.));
#6652 = ORIENTED_EDGE('',*,*,#3242,.T.);
#6653 = ORIENTED_EDGE('',*,*,#6613,.F.);
#6654 = ORIENTED_EDGE('',*,*,#1502,.F.);
#6655 = PLANE('',#6656);
#6656 = AXIS2_PLACEMENT_3D('',#6657,#6658,#6659);
#6657 = CARTESIAN_POINT('',(71.471256,-89.450468,0.));
#6658 = DIRECTION('',(-0.919206337329,-0.393776217432,0.));
#6659 = DIRECTION('',(-0.393776217432,0.919206337329,0.));
#6660 = ADVANCED_FACE('',(#6661),#6672,.T.);
#6661 = FACE_BOUND('',#6662,.T.);
#6662 = EDGE_LOOP('',(#6663,#6664,#6665,#6671));
#6663 = ORIENTED_EDGE('',*,*,#6632,.T.);
#6664 = ORIENTED_EDGE('',*,*,#3450,.T.);
#6665 = ORIENTED_EDGE('',*,*,#6666,.F.);
#6666 = EDGE_CURVE('',#1703,#3443,#6667,.T.);
#6667 = LINE('',#6668,#6669);
#6668 = CARTESIAN_POINT('',(68.569602,-90.162275,0.));
#6669 = VECTOR('',#6670,1.);
#6670 = DIRECTION('',(0.,0.,1.));
#6671 = ORIENTED_EDGE('',*,*,#1710,.F.);
#6672 = PLANE('',#6673);
#6673 = AXIS2_PLACEMENT_3D('',#6674,#6675,#6676);
#6674 = CARTESIAN_POINT('',(68.549998,-89.925,0.));
#6675 = DIRECTION('',(0.996604225163,8.234086705341E-02,-0.));
#6676 = DIRECTION('',(8.234086705341E-02,-0.996604225163,0.));
#6677 = ADVANCED_FACE('',(#6678),#6689,.T.);
#6678 = FACE_BOUND('',#6679,.T.);
#6679 = EDGE_LOOP('',(#6680,#6686,#6687,#6688));
#6680 = ORIENTED_EDGE('',*,*,#6681,.T.);
#6681 = EDGE_CURVE('',#1511,#3251,#6682,.T.);
#6682 = LINE('',#6683,#6684);
#6683 = CARTESIAN_POINT('',(71.530394,-89.687725,0.));
#6684 = VECTOR('',#6685,1.);
#6685 = DIRECTION('',(0.,0.,1.));
#6686 = ORIENTED_EDGE('',*,*,#3250,.T.);
#6687 = ORIENTED_EDGE('',*,*,#6647,.F.);
#6688 = ORIENTED_EDGE('',*,*,#1510,.F.);
#6689 = PLANE('',#6690);
#6690 = AXIS2_PLACEMENT_3D('',#6691,#6692,#6693);
#6691 = CARTESIAN_POINT('',(71.530394,-89.687725,0.));
#6692 = DIRECTION('',(-0.970311865542,-0.24185715534,0.));
#6693 = DIRECTION('',(-0.24185715534,0.970311865542,0.));
#6694 = ADVANCED_FACE('',(#6695),#6706,.T.);
#6695 = FACE_BOUND('',#6696,.T.);
#6696 = EDGE_LOOP('',(#6697,#6698,#6699,#6705));
#6697 = ORIENTED_EDGE('',*,*,#6666,.T.);
#6698 = ORIENTED_EDGE('',*,*,#3442,.T.);
#6699 = ORIENTED_EDGE('',*,*,#6700,.F.);
#6700 = EDGE_CURVE('',#1695,#3435,#6701,.T.);
#6701 = LINE('',#6702,#6703);
#6702 = CARTESIAN_POINT('',(68.62874,-90.399531,0.));
#6703 = VECTOR('',#6704,1.);
#6704 = DIRECTION('',(0.,0.,1.));
#6705 = ORIENTED_EDGE('',*,*,#1702,.F.);
#6706 = PLANE('',#6707);
#6707 = AXIS2_PLACEMENT_3D('',#6708,#6709,#6710);
#6708 = CARTESIAN_POINT('',(68.569602,-90.162275,0.));
#6709 = DIRECTION('',(0.970311626313,0.241858115103,-0.));
#6710 = DIRECTION('',(0.241858115103,-0.970311626313,0.));
#6711 = ADVANCED_FACE('',(#6712),#6723,.T.);
#6712 = FACE_BOUND('',#6713,.T.);
#6713 = EDGE_LOOP('',(#6714,#6720,#6721,#6722));
#6714 = ORIENTED_EDGE('',*,*,#6715,.T.);
#6715 = EDGE_CURVE('',#1519,#3259,#6716,.T.);
#6716 = LINE('',#6717,#6718);
#6717 = CARTESIAN_POINT('',(71.549998,-89.925,0.));
#6718 = VECTOR('',#6719,1.);
#6719 = DIRECTION('',(0.,0.,1.));
#6720 = ORIENTED_EDGE('',*,*,#3258,.T.);
#6721 = ORIENTED_EDGE('',*,*,#6681,.F.);
#6722 = ORIENTED_EDGE('',*,*,#1518,.F.);
#6723 = PLANE('',#6724);
#6724 = AXIS2_PLACEMENT_3D('',#6725,#6726,#6727);
#6725 = CARTESIAN_POINT('',(71.549998,-89.925,0.));
#6726 = DIRECTION('',(-0.996604225163,-8.234086705341E-02,0.));
#6727 = DIRECTION('',(-8.234086705341E-02,0.996604225163,0.));
#6728 = ADVANCED_FACE('',(#6729),#6740,.T.);
#6729 = FACE_BOUND('',#6730,.T.);
#6730 = EDGE_LOOP('',(#6731,#6732,#6733,#6739));
#6731 = ORIENTED_EDGE('',*,*,#6700,.T.);
#6732 = ORIENTED_EDGE('',*,*,#3434,.T.);
#6733 = ORIENTED_EDGE('',*,*,#6734,.F.);
#6734 = EDGE_CURVE('',#1687,#3427,#6735,.T.);
#6735 = LINE('',#6736,#6737);
#6736 = CARTESIAN_POINT('',(68.726396,-90.627494,0.));
#6737 = VECTOR('',#6738,1.);
#6738 = DIRECTION('',(0.,0.,1.));
#6739 = ORIENTED_EDGE('',*,*,#1694,.F.);
#6740 = PLANE('',#6741);
#6741 = AXIS2_PLACEMENT_3D('',#6742,#6743,#6744);
#6742 = CARTESIAN_POINT('',(68.62874,-90.399531,0.));
#6743 = DIRECTION('',(0.919206962569,0.393774757907,-0.));
#6744 = DIRECTION('',(0.393774757907,-0.919206962569,0.));
#6745 = ADVANCED_FACE('',(#6746),#6757,.T.);
#6746 = FACE_BOUND('',#6747,.T.);
#6747 = EDGE_LOOP('',(#6748,#6754,#6755,#6756));
#6748 = ORIENTED_EDGE('',*,*,#6749,.T.);
#6749 = EDGE_CURVE('',#1527,#3267,#6750,.T.);
#6750 = LINE('',#6751,#6752);
#6751 = CARTESIAN_POINT('',(71.536383,-90.122647,0.));
#6752 = VECTOR('',#6753,1.);
#6753 = DIRECTION('',(0.,0.,1.));
#6754 = ORIENTED_EDGE('',*,*,#3266,.T.);
#6755 = ORIENTED_EDGE('',*,*,#6715,.F.);
#6756 = ORIENTED_EDGE('',*,*,#1526,.F.);
#6757 = PLANE('',#6758);
#6758 = AXIS2_PLACEMENT_3D('',#6759,#6760,#6761);
#6759 = CARTESIAN_POINT('',(71.536383,-90.122647,0.));
#6760 = DIRECTION('',(-0.99763580888,6.872257882942E-02,0.));
#6761 = DIRECTION('',(6.872257882942E-02,0.99763580888,0.));
#6762 = ADVANCED_FACE('',(#6763),#6774,.T.);
#6763 = FACE_BOUND('',#6764,.T.);
#6764 = EDGE_LOOP('',(#6765,#6766,#6767,#6773));
#6765 = ORIENTED_EDGE('',*,*,#6734,.T.);
#6766 = ORIENTED_EDGE('',*,*,#3426,.T.);
#6767 = ORIENTED_EDGE('',*,*,#6768,.F.);
#6768 = EDGE_CURVE('',#1679,#3419,#6769,.T.);
#6769 = LINE('',#6770,#6771);
#6770 = CARTESIAN_POINT('',(68.788561,-90.734649,0.));
#6771 = VECTOR('',#6772,1.);
#6772 = DIRECTION('',(0.,0.,1.));
#6773 = ORIENTED_EDGE('',*,*,#1686,.F.);
#6774 = PLANE('',#6775);
#6775 = AXIS2_PLACEMENT_3D('',#6776,#6777,#6778);
#6776 = CARTESIAN_POINT('',(68.726396,-90.627494,0.));
#6777 = DIRECTION('',(0.864978283775,0.501809295048,-0.));
#6778 = DIRECTION('',(0.501809295048,-0.864978283775,0.));
#6779 = ADVANCED_FACE('',(#6780),#6791,.T.);
#6780 = FACE_BOUND('',#6781,.T.);
#6781 = EDGE_LOOP('',(#6782,#6788,#6789,#6790));
#6782 = ORIENTED_EDGE('',*,*,#6783,.T.);
#6783 = EDGE_CURVE('',#1535,#3275,#6784,.T.);
#6784 = LINE('',#6785,#6786);
#6785 = CARTESIAN_POINT('',(71.514478,-90.24446,0.));
#6786 = VECTOR('',#6787,1.);
#6787 = DIRECTION('',(0.,0.,1.));
#6788 = ORIENTED_EDGE('',*,*,#3274,.T.);
#6789 = ORIENTED_EDGE('',*,*,#6749,.F.);
#6790 = ORIENTED_EDGE('',*,*,#1534,.F.);
#6791 = PLANE('',#6792);
#6792 = AXIS2_PLACEMENT_3D('',#6793,#6794,#6795);
#6793 = CARTESIAN_POINT('',(71.514478,-90.24446,0.));
#6794 = DIRECTION('',(-0.984213371573,0.176985985932,0.));
#6795 = DIRECTION('',(0.176985985932,0.984213371573,0.));
#6796 = ADVANCED_FACE('',(#6797),#6808,.T.);
#6797 = FACE_BOUND('',#6798,.T.);
#6798 = EDGE_LOOP('',(#6799,#6800,#6801,#6807));
#6799 = ORIENTED_EDGE('',*,*,#6768,.T.);
#6800 = ORIENTED_EDGE('',*,*,#3418,.T.);
#6801 = ORIENTED_EDGE('',*,*,#6802,.F.);
#6802 = EDGE_CURVE('',#1671,#3411,#6803,.T.);
#6803 = LINE('',#6804,#6805);
#6804 = CARTESIAN_POINT('',(68.859206,-90.836274,0.));
#6805 = VECTOR('',#6806,1.);
#6806 = DIRECTION('',(0.,0.,1.));
#6807 = ORIENTED_EDGE('',*,*,#1678,.F.);
#6808 = PLANE('',#6809);
#6809 = AXIS2_PLACEMENT_3D('',#6810,#6811,#6812);
#6810 = CARTESIAN_POINT('',(68.788561,-90.734649,0.));
#6811 = DIRECTION('',(0.821097009151,0.570788666288,-0.));
#6812 = DIRECTION('',(0.570788666288,-0.821097009151,0.));
#6813 = ADVANCED_FACE('',(#6814),#6825,.T.);
#6814 = FACE_BOUND('',#6815,.T.);
#6815 = EDGE_LOOP('',(#6816,#6822,#6823,#6824));
#6816 = ORIENTED_EDGE('',*,*,#6817,.T.);
#6817 = EDGE_CURVE('',#1543,#3283,#6818,.T.);
#6818 = LINE('',#6819,#6820);
#6819 = CARTESIAN_POINT('',(71.482666,-90.364188,0.));
#6820 = VECTOR('',#6821,1.);
#6821 = DIRECTION('',(0.,0.,1.));
#6822 = ORIENTED_EDGE('',*,*,#3282,.T.);
#6823 = ORIENTED_EDGE('',*,*,#6783,.F.);
#6824 = ORIENTED_EDGE('',*,*,#1542,.F.);
#6825 = PLANE('',#6826);
#6826 = AXIS2_PLACEMENT_3D('',#6827,#6828,#6829);
#6827 = CARTESIAN_POINT('',(71.482666,-90.364188,0.));
#6828 = DIRECTION('',(-0.966466597962,0.256792357798,0.));
#6829 = DIRECTION('',(0.256792357798,0.966466597962,0.));
#6830 = ADVANCED_FACE('',(#6831),#6842,.T.);
#6831 = FACE_BOUND('',#6832,.T.);
#6832 = EDGE_LOOP('',(#6833,#6834,#6835,#6841));
#6833 = ORIENTED_EDGE('',*,*,#6802,.T.);
#6834 = ORIENTED_EDGE('',*,*,#3410,.T.);
#6835 = ORIENTED_EDGE('',*,*,#6836,.F.);
#6836 = EDGE_CURVE('',#1663,#3403,#6837,.T.);
#6837 = LINE('',#6838,#6839);
#6838 = CARTESIAN_POINT('',(68.989337,-90.98566,0.));
#6839 = VECTOR('',#6840,1.);
#6840 = DIRECTION('',(0.,0.,1.));
#6841 = ORIENTED_EDGE('',*,*,#1670,.F.);
#6842 = PLANE('',#6843);
#6843 = AXIS2_PLACEMENT_3D('',#6844,#6845,#6846);
#6844 = CARTESIAN_POINT('',(68.859206,-90.836274,0.));
#6845 = DIRECTION('',(0.754030063976,0.656839906385,-0.));
#6846 = DIRECTION('',(0.656839906385,-0.754030063976,0.));
#6847 = ADVANCED_FACE('',(#6848),#6859,.T.);
#6848 = FACE_BOUND('',#6849,.T.);
#6849 = EDGE_LOOP('',(#6850,#6856,#6857,#6858));
#6850 = ORIENTED_EDGE('',*,*,#6851,.T.);
#6851 = EDGE_CURVE('',#1551,#3291,#6852,.T.);
#6852 = LINE('',#6853,#6854);
#6853 = CARTESIAN_POINT('',(71.390525,-90.594434,0.));
#6854 = VECTOR('',#6855,1.);
#6855 = DIRECTION('',(0.,0.,1.));
#6856 = ORIENTED_EDGE('',*,*,#3290,.T.);
#6857 = ORIENTED_EDGE('',*,*,#6817,.F.);
#6858 = ORIENTED_EDGE('',*,*,#1550,.F.);
#6859 = PLANE('',#6860);
#6860 = AXIS2_PLACEMENT_3D('',#6861,#6862,#6863);
#6861 = CARTESIAN_POINT('',(71.390525,-90.594434,0.));
#6862 = DIRECTION('',(-0.928417446203,0.371538753814,0.));
#6863 = DIRECTION('',(0.371538753814,0.928417446203,0.));
#6864 = ADVANCED_FACE('',(#6865),#6876,.T.);
#6865 = FACE_BOUND('',#6866,.T.);
#6866 = EDGE_LOOP('',(#6867,#6868,#6869,#6875));
#6867 = ORIENTED_EDGE('',*,*,#6836,.T.);
#6868 = ORIENTED_EDGE('',*,*,#3402,.T.);
#6869 = ORIENTED_EDGE('',*,*,#6870,.F.);
#6870 = EDGE_CURVE('',#1655,#3395,#6871,.T.);
#6871 = LINE('',#6872,#6873);
#6872 = CARTESIAN_POINT('',(69.170979,-91.139578,0.));
#6873 = VECTOR('',#6874,1.);
#6874 = DIRECTION('',(0.,0.,1.));
#6875 = ORIENTED_EDGE('',*,*,#1662,.F.);
#6876 = PLANE('',#6877);
#6877 = AXIS2_PLACEMENT_3D('',#6878,#6879,#6880);
#6878 = CARTESIAN_POINT('',(68.989337,-90.98566,0.));
#6879 = DIRECTION('',(0.646482830461,0.762928535263,-0.));
#6880 = DIRECTION('',(0.762928535263,-0.646482830461,0.));
#6881 = ADVANCED_FACE('',(#6882),#6893,.T.);
#6882 = FACE_BOUND('',#6883,.T.);
#6883 = EDGE_LOOP('',(#6884,#6890,#6891,#6892));
#6884 = ORIENTED_EDGE('',*,*,#6885,.T.);
#6885 = EDGE_CURVE('',#1559,#3299,#6886,.T.);
#6886 = LINE('',#6887,#6888);
#6887 = CARTESIAN_POINT('',(71.264576,-90.804018,0.));
#6888 = VECTOR('',#6889,1.);
#6889 = DIRECTION('',(0.,0.,1.));
#6890 = ORIENTED_EDGE('',*,*,#3298,.T.);
#6891 = ORIENTED_EDGE('',*,*,#6851,.F.);
#6892 = ORIENTED_EDGE('',*,*,#1558,.F.);
#6893 = PLANE('',#6894);
#6894 = AXIS2_PLACEMENT_3D('',#6895,#6896,#6897);
#6895 = CARTESIAN_POINT('',(71.264576,-90.804018,0.));
#6896 = DIRECTION('',(-0.857134388393,0.515092846227,0.));
#6897 = DIRECTION('',(0.515092846227,0.857134388393,0.));
#6898 = ADVANCED_FACE('',(#6899),#6910,.T.);
#6899 = FACE_BOUND('',#6900,.T.);
#6900 = EDGE_LOOP('',(#6901,#6902,#6903,#6909));
#6901 = ORIENTED_EDGE('',*,*,#6870,.T.);
#6902 = ORIENTED_EDGE('',*,*,#3394,.T.);
#6903 = ORIENTED_EDGE('',*,*,#6904,.F.);
#6904 = EDGE_CURVE('',#1647,#3387,#6905,.T.);
#6905 = LINE('',#6906,#6907);
#6906 = CARTESIAN_POINT('',(69.380562,-91.265527,0.));
#6907 = VECTOR('',#6908,1.);
#6908 = DIRECTION('',(0.,0.,1.));
#6909 = ORIENTED_EDGE('',*,*,#1654,.F.);
#6910 = PLANE('',#6911);
#6911 = AXIS2_PLACEMENT_3D('',#6912,#6913,#6914);
#6912 = CARTESIAN_POINT('',(69.170979,-91.139578,0.));
#6913 = DIRECTION('',(0.515094651848,0.857133303307,-0.));
#6914 = DIRECTION('',(0.857133303307,-0.515094651848,0.));
#6915 = ADVANCED_FACE('',(#6916),#6927,.T.);
#6916 = FACE_BOUND('',#6917,.T.);
#6917 = EDGE_LOOP('',(#6918,#6924,#6925,#6926));
#6918 = ORIENTED_EDGE('',*,*,#6919,.T.);
#6919 = EDGE_CURVE('',#1567,#3307,#6920,.T.);
#6920 = LINE('',#6921,#6922);
#6921 = CARTESIAN_POINT('',(71.110659,-90.98566,0.));
#6922 = VECTOR('',#6923,1.);
#6923 = DIRECTION('',(0.,0.,1.));
#6924 = ORIENTED_EDGE('',*,*,#3306,.T.);
#6925 = ORIENTED_EDGE('',*,*,#6885,.F.);
#6926 = ORIENTED_EDGE('',*,*,#1566,.F.);
#6927 = PLANE('',#6928);
#6928 = AXIS2_PLACEMENT_3D('',#6929,#6930,#6931);
#6929 = CARTESIAN_POINT('',(71.110659,-90.98566,0.));
#6930 = DIRECTION('',(-0.762930606877,0.646480385697,0.));
#6931 = DIRECTION('',(0.646480385697,0.762930606877,0.));
#6932 = ADVANCED_FACE('',(#6933),#6944,.T.);
#6933 = FACE_BOUND('',#6934,.T.);
#6934 = EDGE_LOOP('',(#6935,#6936,#6937,#6943));
#6935 = ORIENTED_EDGE('',*,*,#6904,.T.);
#6936 = ORIENTED_EDGE('',*,*,#3386,.T.);
#6937 = ORIENTED_EDGE('',*,*,#6938,.F.);
#6938 = EDGE_CURVE('',#1639,#3379,#6939,.T.);
#6939 = LINE('',#6940,#6941);
#6940 = CARTESIAN_POINT('',(69.610808,-91.357667,0.));
#6941 = VECTOR('',#6942,1.);
#6942 = DIRECTION('',(0.,0.,1.));
#6943 = ORIENTED_EDGE('',*,*,#1646,.F.);
#6944 = PLANE('',#6945);
#6945 = AXIS2_PLACEMENT_3D('',#6946,#6947,#6948);
#6946 = CARTESIAN_POINT('',(69.380562,-91.265527,0.));
#6947 = DIRECTION('',(0.371535278142,0.928418837107,-0.));
#6948 = DIRECTION('',(0.928418837107,-0.371535278142,0.));
#6949 = ADVANCED_FACE('',(#6950),#6961,.T.);
#6950 = FACE_BOUND('',#6951,.T.);
#6951 = EDGE_LOOP('',(#6952,#6958,#6959,#6960));
#6952 = ORIENTED_EDGE('',*,*,#6953,.T.);
#6953 = EDGE_CURVE('',#1575,#3315,#6954,.T.);
#6954 = LINE('',#6955,#6956);
#6955 = CARTESIAN_POINT('',(70.961273,-91.115791,0.));
#6956 = VECTOR('',#6957,1.);
#6957 = DIRECTION('',(0.,0.,1.));
#6958 = ORIENTED_EDGE('',*,*,#3314,.T.);
#6959 = ORIENTED_EDGE('',*,*,#6919,.F.);
#6960 = ORIENTED_EDGE('',*,*,#1574,.F.);
#6961 = PLANE('',#6962);
#6962 = AXIS2_PLACEMENT_3D('',#6963,#6964,#6965);
#6963 = CARTESIAN_POINT('',(70.961273,-91.115791,0.));
#6964 = DIRECTION('',(-0.656839906385,0.754030063976,0.));
#6965 = DIRECTION('',(0.754030063976,0.656839906385,0.));
#6966 = ADVANCED_FACE('',(#6967),#6978,.T.);
#6967 = FACE_BOUND('',#6968,.T.);
#6968 = EDGE_LOOP('',(#6969,#6970,#6971,#6977));
#6969 = ORIENTED_EDGE('',*,*,#6938,.T.);
#6970 = ORIENTED_EDGE('',*,*,#3378,.T.);
#6971 = ORIENTED_EDGE('',*,*,#6972,.F.);
#6972 = EDGE_CURVE('',#1631,#3371,#6973,.T.);
#6973 = LINE('',#6974,#6975);
#6974 = CARTESIAN_POINT('',(69.730535,-91.389479,0.));
#6975 = VECTOR('',#6976,1.);
#6976 = DIRECTION('',(0.,0.,1.));
#6977 = ORIENTED_EDGE('',*,*,#1638,.F.);
#6978 = PLANE('',#6979);
#6979 = AXIS2_PLACEMENT_3D('',#6980,#6981,#6982);
#6980 = CARTESIAN_POINT('',(69.610808,-91.357667,0.));
#6981 = DIRECTION('',(0.256794361177,0.966466065658,-0.));
#6982 = DIRECTION('',(0.966466065658,-0.256794361177,0.));
#6983 = ADVANCED_FACE('',(#6984),#6995,.T.);
#6984 = FACE_BOUND('',#6985,.T.);
#6985 = EDGE_LOOP('',(#6986,#6992,#6993,#6994));
#6986 = ORIENTED_EDGE('',*,*,#6987,.T.);
#6987 = EDGE_CURVE('',#1583,#3323,#6988,.T.);
#6988 = LINE('',#6989,#6990);
#6989 = CARTESIAN_POINT('',(70.859649,-91.186436,0.));
#6990 = VECTOR('',#6991,1.);
#6991 = DIRECTION('',(0.,0.,1.));
#6992 = ORIENTED_EDGE('',*,*,#3322,.T.);
#6993 = ORIENTED_EDGE('',*,*,#6953,.F.);
#6994 = ORIENTED_EDGE('',*,*,#1582,.F.);
#6995 = PLANE('',#6996);
#6996 = AXIS2_PLACEMENT_3D('',#6997,#6998,#6999);
#6997 = CARTESIAN_POINT('',(70.859649,-91.186436,0.));
#6998 = DIRECTION('',(-0.570792453031,0.821094376769,0.));
#6999 = DIRECTION('',(0.821094376769,0.570792453031,0.));
#7000 = ADVANCED_FACE('',(#7001),#7012,.T.);
#7001 = FACE_BOUND('',#7002,.T.);
#7002 = EDGE_LOOP('',(#7003,#7004,#7005,#7011));
#7003 = ORIENTED_EDGE('',*,*,#6972,.T.);
#7004 = ORIENTED_EDGE('',*,*,#3370,.T.);
#7005 = ORIENTED_EDGE('',*,*,#7006,.F.);
#7006 = EDGE_CURVE('',#1623,#3363,#7007,.T.);
#7007 = LINE('',#7008,#7009);
#7008 = CARTESIAN_POINT('',(69.852348,-91.411385,0.));
#7009 = VECTOR('',#7010,1.);
#7010 = DIRECTION('',(0.,0.,1.));
#7011 = ORIENTED_EDGE('',*,*,#1630,.F.);
#7012 = PLANE('',#7013);
#7013 = AXIS2_PLACEMENT_3D('',#7014,#7015,#7016);
#7014 = CARTESIAN_POINT('',(69.730535,-91.389479,0.));
#7015 = DIRECTION('',(0.176993812533,0.984211964124,-0.));
#7016 = DIRECTION('',(0.984211964124,-0.176993812533,0.));
#7017 = ADVANCED_FACE('',(#7018),#7029,.T.);
#7018 = FACE_BOUND('',#7019,.T.);
#7019 = EDGE_LOOP('',(#7020,#7026,#7027,#7028));
#7020 = ORIENTED_EDGE('',*,*,#7021,.T.);
#7021 = EDGE_CURVE('',#1591,#3331,#7022,.T.);
#7022 = LINE('',#7023,#7024);
#7023 = CARTESIAN_POINT('',(70.752494,-91.248602,0.));
#7024 = VECTOR('',#7025,1.);
#7025 = DIRECTION('',(0.,0.,1.));
#7026 = ORIENTED_EDGE('',*,*,#3330,.T.);
#7027 = ORIENTED_EDGE('',*,*,#6987,.F.);
#7028 = ORIENTED_EDGE('',*,*,#1590,.F.);
#7029 = PLANE('',#7030);
#7030 = AXIS2_PLACEMENT_3D('',#7031,#7032,#7033);
#7031 = CARTESIAN_POINT('',(70.752494,-91.248602,0.));
#7032 = DIRECTION('',(-0.501815334542,0.86497477999,0.));
#7033 = DIRECTION('',(0.86497477999,0.501815334542,0.));
#7034 = ADVANCED_FACE('',(#7035),#7046,.T.);
#7035 = FACE_BOUND('',#7036,.T.);
#7036 = EDGE_LOOP('',(#7037,#7038,#7039,#7045));
#7037 = ORIENTED_EDGE('',*,*,#7006,.T.);
#7038 = ORIENTED_EDGE('',*,*,#3362,.T.);
#7039 = ORIENTED_EDGE('',*,*,#7040,.F.);
#7040 = EDGE_CURVE('',#1615,#3355,#7041,.T.);
#7041 = LINE('',#7042,#7043);
#7042 = CARTESIAN_POINT('',(70.049998,-91.425,0.));
#7043 = VECTOR('',#7044,1.);
#7044 = DIRECTION('',(0.,0.,1.));
#7045 = ORIENTED_EDGE('',*,*,#1622,.F.);
#7046 = PLANE('',#7047);
#7047 = AXIS2_PLACEMENT_3D('',#7048,#7049,#7050);
#7048 = CARTESIAN_POINT('',(69.852348,-91.411385,0.));
#7049 = DIRECTION('',(6.872154066058E-02,0.997635880394,-0.));
#7050 = DIRECTION('',(0.997635880394,-6.872154066058E-02,0.));
#7051 = ADVANCED_FACE('',(#7052),#7063,.T.);
#7052 = FACE_BOUND('',#7053,.T.);
#7053 = EDGE_LOOP('',(#7054,#7060,#7061,#7062));
#7054 = ORIENTED_EDGE('',*,*,#7055,.T.);
#7055 = EDGE_CURVE('',#1599,#3339,#7056,.T.);
#7056 = LINE('',#7057,#7058);
#7057 = CARTESIAN_POINT('',(70.524531,-91.346257,0.));
#7058 = VECTOR('',#7059,1.);
#7059 = DIRECTION('',(0.,0.,1.));
#7060 = ORIENTED_EDGE('',*,*,#3338,.T.);
#7061 = ORIENTED_EDGE('',*,*,#7021,.F.);
#7062 = ORIENTED_EDGE('',*,*,#1598,.F.);
#7063 = PLANE('',#7064);
#7064 = AXIS2_PLACEMENT_3D('',#7065,#7066,#7067);
#7065 = CARTESIAN_POINT('',(70.524531,-91.346257,0.));
#7066 = DIRECTION('',(-0.393771350872,0.919208422085,0.));
#7067 = DIRECTION('',(0.919208422085,0.393771350872,0.));
#7068 = ADVANCED_FACE('',(#7069),#7080,.T.);
#7069 = FACE_BOUND('',#7070,.T.);
#7070 = EDGE_LOOP('',(#7071,#7072,#7073,#7079));
#7071 = ORIENTED_EDGE('',*,*,#7040,.T.);
#7072 = ORIENTED_EDGE('',*,*,#3354,.T.);
#7073 = ORIENTED_EDGE('',*,*,#7074,.F.);
#7074 = EDGE_CURVE('',#1607,#3347,#7075,.T.);
#7075 = LINE('',#7076,#7077);
#7076 = CARTESIAN_POINT('',(70.287274,-91.405396,0.));
#7077 = VECTOR('',#7078,1.);
#7078 = DIRECTION('',(0.,0.,1.));
#7079 = ORIENTED_EDGE('',*,*,#1614,.F.);
#7080 = PLANE('',#7081);
#7081 = AXIS2_PLACEMENT_3D('',#7082,#7083,#7084);
#7082 = CARTESIAN_POINT('',(70.049998,-91.425,0.));
#7083 = DIRECTION('',(-8.234052238055E-02,0.99660425364,0.));
#7084 = DIRECTION('',(0.99660425364,8.234052238055E-02,0.));
#7085 = ADVANCED_FACE('',(#7086),#7092,.T.);
#7086 = FACE_BOUND('',#7087,.T.);
#7087 = EDGE_LOOP('',(#7088,#7089,#7090,#7091));
#7088 = ORIENTED_EDGE('',*,*,#7074,.T.);
#7089 = ORIENTED_EDGE('',*,*,#3346,.T.);
#7090 = ORIENTED_EDGE('',*,*,#7055,.F.);
#7091 = ORIENTED_EDGE('',*,*,#1606,.F.);
#7092 = PLANE('',#7093);
#7093 = AXIS2_PLACEMENT_3D('',#7094,#7095,#7096);
#7094 = CARTESIAN_POINT('',(70.287274,-91.405396,0.));
#7095 = DIRECTION('',(-0.241861005815,0.970310905775,0.));
#7096 = DIRECTION('',(0.970310905775,0.241861005815,0.));
#7097 = ADVANCED_FACE('',(#7098),#7109,.F.);
#7098 = FACE_BOUND('',#7099,.T.);
#7099 = EDGE_LOOP('',(#7100,#7101,#7107,#7108));
#7100 = ORIENTED_EDGE('',*,*,#1798,.T.);
#7101 = ORIENTED_EDGE('',*,*,#7102,.T.);
#7102 = EDGE_CURVE('',#1799,#3539,#7103,.T.);
#7103 = LINE('',#7104,#7105);
#7104 = CARTESIAN_POINT('',(65.52,-83.35,-4.6E-02));
#7105 = VECTOR('',#7106,1.);
#7106 = DIRECTION('',(0.,0.,1.));
#7107 = ORIENTED_EDGE('',*,*,#3538,.F.);
#7108 = ORIENTED_EDGE('',*,*,#7102,.F.);
#7109 = CYLINDRICAL_SURFACE('',#7110,0.5);
#7110 = AXIS2_PLACEMENT_3D('',#7111,#7112,#7113);
#7111 = CARTESIAN_POINT('',(65.52,-82.85,-4.6E-02));
#7112 = DIRECTION('',(-0.,-0.,-1.));
#7113 = DIRECTION('',(-0.,-1.,0.));
#7114 = ADVANCED_FACE('',(#7115),#7126,.F.);
#7115 = FACE_BOUND('',#7116,.T.);
#7116 = EDGE_LOOP('',(#7117,#7118,#7124,#7125));
#7117 = ORIENTED_EDGE('',*,*,#1809,.T.);
#7118 = ORIENTED_EDGE('',*,*,#7119,.T.);
#7119 = EDGE_CURVE('',#1810,#3550,#7120,.T.);
#7120 = LINE('',#7121,#7122);
#7121 = CARTESIAN_POINT('',(68.06,-83.35,-4.6E-02));
#7122 = VECTOR('',#7123,1.);
#7123 = DIRECTION('',(0.,0.,1.));
#7124 = ORIENTED_EDGE('',*,*,#3549,.F.);
#7125 = ORIENTED_EDGE('',*,*,#7119,.F.);
#7126 = CYLINDRICAL_SURFACE('',#7127,0.5);
#7127 = AXIS2_PLACEMENT_3D('',#7128,#7129,#7130);
#7128 = CARTESIAN_POINT('',(68.06,-82.85,-4.6E-02));
#7129 = DIRECTION('',(-0.,-0.,-1.));
#7130 = DIRECTION('',(-0.,-1.,0.));
#7131 = ADVANCED_FACE('',(#7132),#7143,.F.);
#7132 = FACE_BOUND('',#7133,.T.);
#7133 = EDGE_LOOP('',(#7134,#7135,#7141,#7142));
#7134 = ORIENTED_EDGE('',*,*,#1820,.T.);
#7135 = ORIENTED_EDGE('',*,*,#7136,.T.);
#7136 = EDGE_CURVE('',#1821,#3561,#7137,.T.);
#7137 = LINE('',#7138,#7139);
#7138 = CARTESIAN_POINT('',(70.6,-83.35,-4.6E-02));
#7139 = VECTOR('',#7140,1.);
#7140 = DIRECTION('',(0.,0.,1.));
#7141 = ORIENTED_EDGE('',*,*,#3560,.F.);
#7142 = ORIENTED_EDGE('',*,*,#7136,.F.);
#7143 = CYLINDRICAL_SURFACE('',#7144,0.5);
#7144 = AXIS2_PLACEMENT_3D('',#7145,#7146,#7147);
#7145 = CARTESIAN_POINT('',(70.6,-82.85,-4.6E-02));
#7146 = DIRECTION('',(-0.,-0.,-1.));
#7147 = DIRECTION('',(-0.,-1.,0.));
#7148 = ADVANCED_FACE('',(#7149),#7160,.F.);
#7149 = FACE_BOUND('',#7150,.T.);
#7150 = EDGE_LOOP('',(#7151,#7152,#7158,#7159));
#7151 = ORIENTED_EDGE('',*,*,#1831,.T.);
#7152 = ORIENTED_EDGE('',*,*,#7153,.T.);
#7153 = EDGE_CURVE('',#1832,#3572,#7154,.T.);
#7154 = LINE('',#7155,#7156);
#7155 = CARTESIAN_POINT('',(72.,-81.3,-3.6E-02));
#7156 = VECTOR('',#7157,1.);
#7157 = DIRECTION('',(0.,0.,1.));
#7158 = ORIENTED_EDGE('',*,*,#3571,.F.);
#7159 = ORIENTED_EDGE('',*,*,#7153,.F.);
#7160 = CYLINDRICAL_SURFACE('',#7161,0.5);
#7161 = AXIS2_PLACEMENT_3D('',#7162,#7163,#7164);
#7162 = CARTESIAN_POINT('',(72.,-80.8,-3.6E-02));
#7163 = DIRECTION('',(-0.,-0.,-1.));
#7164 = DIRECTION('',(-0.,-1.,0.));
#7165 = ADVANCED_FACE('',(#7166),#7177,.F.);
#7166 = FACE_BOUND('',#7167,.T.);
#7167 = EDGE_LOOP('',(#7168,#7169,#7175,#7176));
#7168 = ORIENTED_EDGE('',*,*,#1842,.T.);
#7169 = ORIENTED_EDGE('',*,*,#7170,.T.);
#7170 = EDGE_CURVE('',#1843,#3583,#7171,.T.);
#7171 = LINE('',#7172,#7173);
#7172 = CARTESIAN_POINT('',(73.14,-83.35,-4.6E-02));
#7173 = VECTOR('',#7174,1.);
#7174 = DIRECTION('',(0.,0.,1.));
#7175 = ORIENTED_EDGE('',*,*,#3582,.F.);
#7176 = ORIENTED_EDGE('',*,*,#7170,.F.);
#7177 = CYLINDRICAL_SURFACE('',#7178,0.5);
#7178 = AXIS2_PLACEMENT_3D('',#7179,#7180,#7181);
#7179 = CARTESIAN_POINT('',(73.14,-82.85,-4.6E-02));
#7180 = DIRECTION('',(-0.,-0.,-1.));
#7181 = DIRECTION('',(-0.,-1.,0.));
#7182 = ADVANCED_FACE('',(#7183),#7194,.F.);
#7183 = FACE_BOUND('',#7184,.T.);
#7184 = EDGE_LOOP('',(#7185,#7186,#7192,#7193));
#7185 = ORIENTED_EDGE('',*,*,#1853,.T.);
#7186 = ORIENTED_EDGE('',*,*,#7187,.T.);
#7187 = EDGE_CURVE('',#1854,#3594,#7188,.T.);
#7188 = LINE('',#7189,#7190);
#7189 = CARTESIAN_POINT('',(75.68,-83.35,-4.6E-02));
#7190 = VECTOR('',#7191,1.);
#7191 = DIRECTION('',(0.,0.,1.));
#7192 = ORIENTED_EDGE('',*,*,#3593,.F.);
#7193 = ORIENTED_EDGE('',*,*,#7187,.F.);
#7194 = CYLINDRICAL_SURFACE('',#7195,0.5);
#7195 = AXIS2_PLACEMENT_3D('',#7196,#7197,#7198);
#7196 = CARTESIAN_POINT('',(75.68,-82.85,-4.6E-02));
#7197 = DIRECTION('',(-0.,-0.,-1.));
#7198 = DIRECTION('',(-0.,-1.,0.));
#7199 = ADVANCED_FACE('',(#7200),#7211,.F.);
#7200 = FACE_BOUND('',#7201,.T.);
#7201 = EDGE_LOOP('',(#7202,#7203,#7209,#7210));
#7202 = ORIENTED_EDGE('',*,*,#1864,.T.);
#7203 = ORIENTED_EDGE('',*,*,#7204,.T.);
#7204 = EDGE_CURVE('',#1865,#3605,#7205,.T.);
#7205 = LINE('',#7206,#7207);
#7206 = CARTESIAN_POINT('',(77.8,-83.75,-3.6E-02));
#7207 = VECTOR('',#7208,1.);
#7208 = DIRECTION('',(0.,0.,1.));
#7209 = ORIENTED_EDGE('',*,*,#3604,.F.);
#7210 = ORIENTED_EDGE('',*,*,#7204,.F.);
#7211 = CYLINDRICAL_SURFACE('',#7212,0.5);
#7212 = AXIS2_PLACEMENT_3D('',#7213,#7214,#7215);
#7213 = CARTESIAN_POINT('',(77.8,-83.25,-3.6E-02));
#7214 = DIRECTION('',(-0.,-0.,-1.));
#7215 = DIRECTION('',(-0.,-1.,0.));
#7216 = ( GEOMETRIC_REPRESENTATION_CONTEXT(3) 
GLOBAL_UNCERTAINTY_ASSIGNED_CONTEXT((#7220)) 
GLOBAL_UNIT_ASSIGNED_CONTEXT((#7217,#7218,#7219)) REPRESENTATION_CONTEXT
('Context #1','3D Context with UNIT and UNCERTAINTY') );
#7217 = ( LENGTH_UNIT() NAMED_UNIT(*) SI_UNIT(.MILLI.,.METRE.) );
#7218 = ( NAMED_UNIT(*) PLANE_ANGLE_UNIT() SI_UNIT($,.RADIAN.) );
#7219 = ( NAMED_UNIT(*) SI_UNIT($,.STERADIAN.) SOLID_ANGLE_UNIT() );
#7220 = UNCERTAINTY_MEASURE_WITH_UNIT(LENGTH_MEASURE(1.E-07),#7217,
  'distance_accuracy_value','confusion accuracy');
#7221 = CONTEXT_DEPENDENT_SHAPE_REPRESENTATION(#7222,#7224);
#7222 = ( REPRESENTATION_RELATIONSHIP('','',#32,#10) 
REPRESENTATION_RELATIONSHIP_WITH_TRANSFORMATION(#7223) 
SHAPE_REPRESENTATION_RELATIONSHIP() );
#7223 = ITEM_DEFINED_TRANSFORMATION('','',#11,#15);
#7224 = PRODUCT_DEFINITION_SHAPE('Placement','Placement of an item',
  #7225);
#7225 = NEXT_ASSEMBLY_USAGE_OCCURRENCE('1','=>[0:1:1:2]','',#5,#27,$);
#7226 = PRODUCT_RELATED_PRODUCT_CATEGORY('part',$,(#29));
#7227 = MECHANICAL_DESIGN_GEOMETRIC_PRESENTATION_REPRESENTATION('',(
    #7228),#7216);
#7228 = STYLED_ITEM('color',(#7229),#33);
#7229 = PRESENTATION_STYLE_ASSIGNMENT((#7230));
#7230 = SURFACE_STYLE_USAGE(.BOTH.,#7231);
#7231 = SURFACE_SIDE_STYLE('',(#7232));
#7232 = SURFACE_STYLE_FILL_AREA(#7233);
#7233 = FILL_AREA_STYLE('',(#7234));
#7234 = FILL_AREA_STYLE_COLOUR('',#7235);
#7235 = COLOUR_RGB('',0.313304153717,0.484529207832,0.410020903123);
ENDSEC;
END-ISO-10303-21;
